{"type":"Topology","objects":{"muni":{"type":"GeometryCollection","geometries":[{"type":"MultiPolygon","arcs":[[[0,1]],[[2,3]]],"properties":{"GID_2":"RUS.4.1_1","GID_0":"RUS","COUNTRY":"Russia","GID_1":"RUS.4_1","NAME_1":"Arkhangel'sk","NL_NAME_1":"Архангельскаяобласть","NAME_2":"Arkhangel'sk","VARNAME_2":"NA","NL_NAME_2":"Арха́нгельск","TYPE_2":"Gorsovet","ENGTYPE_2":"District","CC_2":"NA","HASC_2":"RU.AR.AR"}},{"type":"MultiPolygon","arcs":[[[4]],[[5]],[[6]],[[7]],[[8]],[[9]],[[10]],[[11]],[[12]],[[13]],[[14]],[[15]],[[16]],[[17]],[[18]],[[19]],[[20]],[[21]],[[22]],[[23]],[[24]],[[25]],[[26]],[[27]],[[28]],[[29]],[[30]],[[31]],[[32]],[[33]],[[34]],[[35]],[[36]],[[37]],[[38]],[[39]],[[40]],[[41]],[[42]],[[43]],[[44]],[[45]],[[46]],[[47]],[[48]],[[49]],[[50]],[[51]],[[52]],[[53]],[[54]],[[55]],[[56]],[[57]],[[58]],[[59]],[[60]],[[61]],[[62]],[[63]],[[64]],[[65]],[[66]],[[67]],[[68]],[[69]],[[70]],[[71]],[[72]],[[73]],[[74]],[[75]],[[76]],[[77]],[[78]],[[79]],[[80]],[[81]],[[82]],[[83]],[[84]],[[85]],[[86]],[[87]],[[88]],[[89]],[[90]],[[91]],[[92]],[[93]],[[94]],[[95]],[[96]],[[97]],[[98]],[[99]],[[100]],[[101]],[[102]],[[103]],[[104]],[[105]],[[106]],[[107]],[[108]],[[109]],[[110]],[[111]],[[112]],[[113]],[[114]],[[115]],[[116]],[[117]],[[118]],[[119]],[[120]],[[121]],[[122]],[[123]],[[124]],[[125]],[[126]],[[127]],[[128]],[[129]],[[130]],[[131]],[[132]],[[133]],[[134]],[[135]],[[136]],[[137]],[[138]],[[139]],[[140]],[[141]],[[142]],[[143]],[[144]],[[145]],[[146]],[[147]],[[148]],[[149]],[[150]],[[151]],[[152]],[[153]],[[154]],[[155]],[[156]],[[157]],[[158]],[[159]],[[160]],[[161]],[[162]],[[163]],[[164]],[[165]],[[166]],[[167]],[[168]],[[169]],[[170]],[[171]],[[172]],[[173]],[[174]],[[175]],[[176]],[[177]],[[178]],[[179]],[[180]],[[181]],[[182]],[[183]],[[184]],[[185]],[[186]],[[187]],[[188]],[[189]],[[190]],[[191]],[[192]],[[193]],[[194]],[[195]],[[196]],[[197]],[[198]],[[199]],[[200]],[[201]],[[202]],[[203]],[[204]],[[205]],[[206]],[[207]],[[208]],[[209]],[[210]],[[211]],[[212]],[[213]],[[214]],[[215]],[[216]],[[217]],[[218]],[[219]],[[220]],[[221]],[[222]],[[223]],[[224]],[[225]],[[226]],[[227]],[[228]],[[229]],[[230]],[[231]],[[232]],[[233]],[[234]],[[235]],[[236]],[[237]],[[238]],[[239]],[[240]],[[241]],[[242]],[[243]],[[244]],[[245]],[[246]],[[247]],[[248]],[[249]],[[250]],[[251]],[[252]],[[253]],[[254]],[[255]],[[256]],[[257]],[[258]],[[259]],[[260]],[[261]],[[262]],[[263]],[[264]],[[265]],[[266]],[[267]],[[268]],[[269]],[[270]],[[271]],[[272]],[[273]],[[274]],[[275]],[[276]],[[277]],[[278]],[[279]],[[280]],[[281]],[[282]],[[283]],[[284]],[[285]],[[286]],[[287]],[[288]],[[289]],[[290]],[[291]],[[292]],[[293]],[[294]],[[295]],[[296]],[[297]],[[298]],[[299]],[[300]],[[301]],[[302]],[[303]],[[304]],[[305]],[[306]],[[307]],[[308]],[[309]],[[310]],[[311]],[[312]],[[313]],[[314]],[[315]],[[316]],[[317]],[[318]],[[319]],[[320]],[[321]],[[322]],[[323]],[[324]],[[325]],[[326]],[[327]],[[328]],[[329]],[[330]],[[331]],[[332]],[[333]],[[334]],[[335]],[[336]],[[337]],[[338]],[[339]],[[340]],[[341]],[[342]],[[343]],[[344]],[[345]],[[346]],[[347]],[[348]],[[349]],[[350]],[[351]],[[352]],[[353]],[[354]],[[355]],[[356]],[[357]],[[358]],[[359]],[[360]],[[361]],[[362]],[[363]],[[364]],[[365]],[[366]],[[367]],[[368]],[[369]],[[370]],[[371]],[[372]],[[373]],[[374]],[[375]],[[376]],[[377]],[[378]],[[379]],[[380]],[[381]],[[382]],[[383]],[[384]],[[385]],[[386]],[[387]],[[388]],[[389]],[[390]],[[391]],[[392]],[[393]],[[394]],[[395]],[[396]],[[397]],[[398]],[[399]],[[400]],[[401]],[[402]],[[403]],[[404]],[[405]],[[406]],[[407]],[[408]]],"properties":{"GID_2":"RUS.4.2_1","GID_0":"RUS","COUNTRY":"Russia","GID_1":"RUS.4_1","NAME_1":"Arkhangel'sk","NL_NAME_1":"Архангельскаяобласть","NAME_2":"Franz-Josef-Land","VARNAME_2":"ZemlyaFrantsa-Iosifa","NL_NAME_2":"ЗемляФранца-Иосифа","TYPE_2":"Ostrov","ENGTYPE_2":"Island","CC_2":"NA","HASC_2":"RU.AR.ZE"}},{"type":"MultiPolygon","arcs":[[[409,410,411,412]]],"properties":{"GID_2":"RUS.4.3_1","GID_0":"RUS","COUNTRY":"Russia","GID_1":"RUS.4_1","NAME_1":"Arkhangel'sk","NL_NAME_1":"Архангельскаяобласть","NAME_2":"Kargopol'skiyrayon","VARNAME_2":"NA","NL_NAME_2":"Каргопольскийрайон","TYPE_2":"Raion","ENGTYPE_2":"District","CC_2":"R03090","HASC_2":"RU.AR.KA"}},{"type":"MultiPolygon","arcs":[[[413,414,415,416,417,418,419,420,421,422],[423,424]],[[425]],[[426]],[[427]]],"properties":{"GID_2":"RUS.4.4_1","GID_0":"RUS","COUNTRY":"Russia","GID_1":"RUS.4_1","NAME_1":"Arkhangel'sk","NL_NAME_1":"Архангельскаяобласть","NAME_2":"Kholmogorskiyrayon","VARNAME_2":"NA","NL_NAME_2":"Холмогорскийрайон","TYPE_2":"Raion","ENGTYPE_2":"District","CC_2":"R03091","HASC_2":"RU.AR.KH"}},{"type":"MultiPolygon","arcs":[[[-411,428,429,430]]],"properties":{"GID_2":"RUS.4.5_1","GID_0":"RUS","COUNTRY":"Russia","GID_1":"RUS.4_1","NAME_1":"Arkhangel'sk","NL_NAME_1":"Архангельскаяобласть","NAME_2":"Konoshskiyrayon","VARNAME_2":"NA","NL_NAME_2":"Коношскийрайон","TYPE_2":"Raion","ENGTYPE_2":"District","CC_2":"R03090","HASC_2":"RU.AR.KN"}},{"type":"MultiPolygon","arcs":[[[431]]],"properties":{"GID_2":"RUS.4.6_1","GID_0":"RUS","COUNTRY":"Russia","GID_1":"RUS.4_1","NAME_1":"Arkhangel'sk","NL_NAME_1":"Архангельскаяобласть","NAME_2":"Koryazhma","VARNAME_2":"NA","NL_NAME_2":"Коряжма","TYPE_2":"Gorod","ENGTYPE_2":"City","CC_2":"NA","HASC_2":"RU.AR.KZ"}},{"type":"MultiPolygon","arcs":[[[432]]],"properties":{"GID_2":"RUS.4.7_1","GID_0":"RUS","COUNTRY":"Russia","GID_1":"RUS.4_1","NAME_1":"Arkhangel'sk","NL_NAME_1":"Архангельскаяобласть","NAME_2":"Kotlas","VARNAME_2":"NA","NL_NAME_2":"Котлас","TYPE_2":"Gorsovet","ENGTYPE_2":"District","CC_2":"NA","HASC_2":"RU.AR.KG"}},{"type":"MultiPolygon","arcs":[[[433,434,435,436,437,438,439,440,441],[-432],[-433]]],"properties":{"GID_2":"RUS.4.8_1","GID_0":"RUS","COUNTRY":"Russia","GID_1":"RUS.4_1","NAME_1":"Arkhangel'sk","NL_NAME_1":"Архангельскаяобласть","NAME_2":"Kotlasskiyrayon","VARNAME_2":"NA","NL_NAME_2":"Котласскийрайон","TYPE_2":"Raion","ENGTYPE_2":"District","CC_2":"R03090","HASC_2":"RU.AR.KR"}},{"type":"MultiPolygon","arcs":[[[-437,442,-435,443,444,445,446,447,448]]],"properties":{"GID_2":"RUS.4.9_1","GID_0":"RUS","COUNTRY":"Russia","GID_1":"RUS.4_1","NAME_1":"Arkhangel'sk","NL_NAME_1":"Архангельскаяобласть","NAME_2":"Krasnoborskiyrayon","VARNAME_2":"NA","NL_NAME_2":"Красноборскийрайон","TYPE_2":"Raion","ENGTYPE_2":"District","CC_2":"R03090","HASC_2":"RU.AR.KB"}},{"type":"MultiPolygon","arcs":[[[-438,-449,449,450,451]]],"properties":{"GID_2":"RUS.4.10_1","GID_0":"RUS","COUNTRY":"Russia","GID_1":"RUS.4_1","NAME_1":"Arkhangel'sk","NL_NAME_1":"Архангельскаяобласть","NAME_2":"Lenskiyrayon","VARNAME_2":"NA","NL_NAME_2":"Ленскийрайон","TYPE_2":"Raion","ENGTYPE_2":"District","CC_2":"R03090","HASC_2":"RU.AR.LN"}},{"type":"MultiPolygon","arcs":[[[452,453,454,455]]],"properties":{"GID_2":"RUS.4.11_1","GID_0":"RUS","COUNTRY":"Russia","GID_1":"RUS.4_1","NAME_1":"Arkhangel'sk","NL_NAME_1":"Архангельскаяобласть","NAME_2":"Leshukonskiyrayon","VARNAME_2":"NA","NL_NAME_2":"Лешуконскийрайон","TYPE_2":"Raion","ENGTYPE_2":"District","CC_2":"R03091","HASC_2":"RU.AR.LS"}},{"type":"MultiPolygon","arcs":[[[456,457,458,459,-453]],[[460]],[[461]],[[462]],[[463]],[[464]]],"properties":{"GID_2":"RUS.4.12_1","GID_0":"RUS","COUNTRY":"Russia","GID_1":"RUS.4_1","NAME_1":"Arkhangel'sk","NL_NAME_1":"Архангельскаяобласть","NAME_2":"Mezenskiyrayon","VARNAME_2":"NA","NL_NAME_2":"Мезенскийрайон","TYPE_2":"Raion","ENGTYPE_2":"District","CC_2":"R03091","HASC_2":"RU.AR.ME"}},{"type":"MultiPolygon","arcs":[[[465]],[[466]],[[467]],[[468]],[[469]],[[470]],[[471]],[[472]],[[473]],[[474]],[[475]],[[476]],[[477]],[[478]],[[479]],[[480]],[[481]],[[482]],[[483]],[[484]],[[485]],[[486]],[[487]],[[488]],[[489]],[[490]],[[491]],[[492]],[[493]],[[494]],[[495]],[[496]],[[497]],[[498]],[[499]],[[500]],[[501]],[[502]],[[503]],[[504]],[[505]],[[506]],[[507]],[[508]],[[509]],[[510]],[[511]],[[512]],[[513]],[[514]],[[515]],[[516]],[[517]],[[518]],[[519]],[[520]],[[521]],[[522]],[[523]],[[524]],[[525]],[[526]],[[527]],[[528]],[[529]],[[530]],[[531]],[[532]],[[533]],[[534]],[[535]],[[536]],[[537]],[[538]],[[539]],[[540]],[[541]],[[542]],[[543]],[[544]],[[545]],[[546]],[[547]],[[548]],[[549]],[[550]],[[551]],[[552]],[[553]],[[554]],[[555]],[[556]],[[557]],[[558]],[[559]],[[560]],[[561]],[[562]],[[563]],[[564]],[[565]],[[566]],[[567]],[[568]],[[569]],[[570]],[[571]],[[572]],[[573]],[[574]],[[575]],[[576]],[[577]],[[578]],[[579]],[[580]],[[581]],[[582]],[[583]],[[584]],[[585]],[[586]],[[587]],[[588]],[[589]],[[590]],[[591]],[[592]],[[593]],[[594]],[[595]],[[596]],[[597]],[[598]],[[599]],[[600]],[[601]],[[602]],[[603]],[[604]],[[605]],[[606]],[[607]],[[608]],[[609]],[[610]],[[611]],[[612]],[[613]],[[614]],[[615]],[[616]],[[617]],[[618]],[[619]],[[620]],[[621]],[[622]],[[623]],[[624]],[[625]],[[626]],[[627]],[[628]],[[629]],[[630]],[[631]],[[632]],[[633]],[[634]],[[635]],[[636]],[[637]],[[638]],[[639]],[[640]],[[641]],[[642]],[[643]],[[644]],[[645]],[[646]],[[647]],[[648]],[[649]],[[650]],[[651]],[[652]],[[653]],[[654]],[[655]],[[656]],[[657]],[[658]],[[659]],[[660]],[[661]],[[662]],[[663]],[[664]],[[665]],[[666]],[[667]],[[668]],[[669]],[[670]],[[671]],[[672]],[[673]],[[674]],[[675]],[[676]],[[677]],[[678]],[[679]],[[680]],[[681]],[[682]],[[683]],[[684]],[[685]],[[686]],[[687]],[[688]],[[689]],[[690]],[[691]],[[692]],[[693]],[[694]],[[695]],[[696]],[[697]],[[698]],[[699]],[[700]],[[701]],[[702]],[[703]],[[704]],[[705]],[[706]],[[707]],[[708]],[[709]],[[710]],[[711]],[[712]],[[713]],[[714]],[[715]],[[716]],[[717]],[[718]],[[719]],[[720]],[[721]],[[722]],[[723]],[[724]],[[725]],[[726]],[[727]],[[728]],[[729]],[[730]],[[731]],[[732]],[[733]],[[734]],[[735]],[[736]],[[737]],[[738]],[[739]],[[740]],[[741]],[[742]],[[743]],[[744]],[[745]],[[746]],[[747]],[[748]],[[749]],[[750]],[[751]],[[752]],[[753]],[[754]],[[755]],[[756]],[[757]],[[758]],[[759]],[[760]],[[761]],[[762]],[[763]],[[764]],[[765]],[[766]],[[767]],[[768]],[[769]],[[770]],[[771]],[[772]],[[773]],[[774]],[[775]],[[776]],[[777]],[[778]],[[779]],[[780]],[[781]],[[782]],[[783]],[[784]],[[785]],[[786]],[[787]],[[788]],[[789]],[[790]]],"properties":{"GID_2":"RUS.4.13_1","GID_0":"RUS","COUNTRY":"Russia","GID_1":"RUS.4_1","NAME_1":"Arkhangel'sk","NL_NAME_1":"Архангельскаяобласть","NAME_2":"NovayaZemlya","VARNAME_2":"NA","NL_NAME_2":"НоваяЗемля","TYPE_2":"Ostrov","ENGTYPE_2":"Island","CC_2":"NA","HASC_2":"RU.AR.NZ"}},{"type":"MultiPolygon","arcs":[[[-424,791]]],"properties":{"GID_2":"RUS.4.14_1","GID_0":"RUS","COUNTRY":"Russia","GID_1":"RUS.4_1","NAME_1":"Arkhangel'sk","NL_NAME_1":"Архангельскаяобласть","NAME_2":"Novodvinsk","VARNAME_2":"NA","NL_NAME_2":"Новодвинск","TYPE_2":"Gorod","ENGTYPE_2":"City","CC_2":"NA","HASC_2":"RU.AR.ND"}},{"type":"MultiPolygon","arcs":[[[-410,792,793,794,-429]]],"properties":{"GID_2":"RUS.4.15_1","GID_0":"RUS","COUNTRY":"Russia","GID_1":"RUS.4_1","NAME_1":"Arkhangel'sk","NL_NAME_1":"Архангельскаяобласть","NAME_2":"Nyandomskiyrayon","VARNAME_2":"NA","NL_NAME_2":"Няндомскийрайон","TYPE_2":"Raion","ENGTYPE_2":"District","CC_2":"R03091","HASC_2":"RU.AR.NY"}},{"type":"MultiPolygon","arcs":[[[795,796]]],"properties":{"GID_2":"RUS.4.16_1","GID_0":"RUS","COUNTRY":"Russia","GID_1":"RUS.4_1","NAME_1":"Arkhangel'sk","NL_NAME_1":"Архангельскаяобласть","NAME_2":"Onega","VARNAME_2":"NA","NL_NAME_2":"Онега","TYPE_2":"Gorod","ENGTYPE_2":"City","CC_2":"NA","HASC_2":"RU.AR.OG"}},{"type":"MultiPolygon","arcs":[[[797,798,799,800,801,-797,802]],[[803]],[[804]],[[805]],[[806]],[[807]],[[808]],[[809]],[[810]],[[811]],[[812]],[[813]]],"properties":{"GID_2":"RUS.4.17_1","GID_0":"RUS","COUNTRY":"Russia","GID_1":"RUS.4_1","NAME_1":"Arkhangel'sk","NL_NAME_1":"Архангельскаяобласть","NAME_2":"Onezhskiyrayon","VARNAME_2":"NA","NL_NAME_2":"Онежскийрайон","TYPE_2":"Raion","ENGTYPE_2":"District","CC_2":"R03091","HASC_2":"RU.AR.OR"}},{"type":"MultiPolygon","arcs":[[[-418,814,-458,815,-455,816,817,818,819,820,821]]],"properties":{"GID_2":"RUS.4.18_1","GID_0":"RUS","COUNTRY":"Russia","GID_1":"RUS.4_1","NAME_1":"Arkhangel'sk","NL_NAME_1":"Архангельскаяобласть","NAME_2":"Pinezhskiyrayon","VARNAME_2":"NA","NL_NAME_2":"Пинежскийрайон","TYPE_2":"Raion","ENGTYPE_2":"District","CC_2":"R03091","HASC_2":"RU.AR.PI"}},{"type":"MultiPolygon","arcs":[[[-413,822,-801,823,-799,824,825,-421,826,827,-793]]],"properties":{"GID_2":"RUS.4.19_1","GID_0":"RUS","COUNTRY":"Russia","GID_1":"RUS.4_1","NAME_1":"Arkhangel'sk","NL_NAME_1":"Архангельскаяобласть","NAME_2":"Plesetskiyrayon","VARNAME_2":"NA","NL_NAME_2":"Плесецкийрайон","TYPE_2":"Raion","ENGTYPE_2":"District","CC_2":"R03091","HASC_2":"RU.AR.PL"}},{"type":"MultiPolygon","arcs":[[[828,829,-825,-798,830,-415,831],[832,833]],[[834]],[[835]],[[836]],[[837]],[[838]],[[839]],[[840]],[[841]],[[842]],[[843]],[[844]],[[845]],[[846]],[[847]],[[848]],[[849]],[[850]],[[851]],[[852]],[[853]],[[854]],[[855]],[[856]],[[-2,857]],[[858]],[[859]],[[860]],[[861]],[[862]],[[863]],[[864]],[[865]],[[866,-459,-815,-417,867,-3]]],"properties":{"GID_2":"RUS.4.20_1","GID_0":"RUS","COUNTRY":"Russia","GID_1":"RUS.4_1","NAME_1":"Arkhangel'sk","NL_NAME_1":"Архангельскаяобласть","NAME_2":"Primorskiyrayon","VARNAME_2":"NA","NL_NAME_2":"Приморскийрайон","TYPE_2":"Raion","ENGTYPE_2":"District","CC_2":"R03091","HASC_2":"RU.AR.PR"}},{"type":"MultiPolygon","arcs":[[[-834,868]]],"properties":{"GID_2":"RUS.4.21_1","GID_0":"RUS","COUNTRY":"Russia","GID_1":"RUS.4_1","NAME_1":"Arkhangel'sk","NL_NAME_1":"Архангельскаяобласть","NAME_2":"Severodvinsk","VARNAME_2":"NA","NL_NAME_2":"Северодвинск","TYPE_2":"Gorsovet","ENGTYPE_2":"District","CC_2":"NA","HASC_2":"RU.AR.SE"}},{"type":"MultiPolygon","arcs":[[[-794,-828,869,870,871,872,873]]],"properties":{"GID_2":"RUS.4.22_1","GID_0":"RUS","COUNTRY":"Russia","GID_1":"RUS.4_1","NAME_1":"Arkhangel'sk","NL_NAME_1":"Архангельскаяобласть","NAME_2":"Shenkurskiyrayon","VARNAME_2":"NA","NL_NAME_2":"Шенкурскийрайон","TYPE_2":"Raion","ENGTYPE_2":"District","CC_2":"R03091","HASC_2":"RU.AR.SH"}},{"type":"MultiPolygon","arcs":[[[874]],[[875]],[[876]],[[877]],[[878]],[[879]],[[880]],[[881]],[[882]],[[883]],[[884]],[[885]],[[886]],[[887]],[[888]]],"properties":{"GID_2":"RUS.4.23_1","GID_0":"RUS","COUNTRY":"Russia","GID_1":"RUS.4_1","NAME_1":"Arkhangel'sk","NL_NAME_1":"Архангельскаяобласть","NAME_2":"Solovetskiyrayon","VARNAME_2":"NA","NL_NAME_2":"Соловецкий","TYPE_2":"Raion","ENGTYPE_2":"District","CC_2":"R03092","HASC_2":"RU.AR.SO"}},{"type":"MultiPolygon","arcs":[[[-434,889,890,-873,891,892,-444]]],"properties":{"GID_2":"RUS.4.24_1","GID_0":"RUS","COUNTRY":"Russia","GID_1":"RUS.4_1","NAME_1":"Arkhangel'sk","NL_NAME_1":"Архангельскаяобласть","NAME_2":"Ust'yanskiyrayon","VARNAME_2":"NA","NL_NAME_2":"Устьянскийрайон","TYPE_2":"Raion","ENGTYPE_2":"District","CC_2":"R03091","HASC_2":"RU.AR.US"}},{"type":"MultiPolygon","arcs":[[[-430,-795,-874,-891,893]]],"properties":{"GID_2":"RUS.4.25_1","GID_0":"RUS","COUNTRY":"Russia","GID_1":"RUS.4_1","NAME_1":"Arkhangel'sk","NL_NAME_1":"Архангельскаяобласть","NAME_2":"Vel'skiyrayon","VARNAME_2":"NA","NL_NAME_2":"Вельскийрайон","TYPE_2":"Raion","ENGTYPE_2":"District","CC_2":"R03090","HASC_2":"RU.AR.VL"}},{"type":"MultiPolygon","arcs":[[[-447,894,895,-892,-872,896,897,898,899,900,901,-818,902]]],"properties":{"GID_2":"RUS.4.26_1","GID_0":"RUS","COUNTRY":"Russia","GID_1":"RUS.4_1","NAME_1":"Arkhangel'sk","NL_NAME_1":"Архангельскаяобласть","NAME_2":"Verhnetoemskiyrayon","VARNAME_2":"NA","NL_NAME_2":"Верхнетоемскийрайон","TYPE_2":"Raion","ENGTYPE_2":"District","CC_2":"R03090","HASC_2":"RU.AR.VR"}},{"type":"MultiPolygon","arcs":[[[-441,903,904,-451,905]]],"properties":{"GID_2":"RUS.4.27_1","GID_0":"RUS","COUNTRY":"Russia","GID_1":"RUS.4_1","NAME_1":"Arkhangel'sk","NL_NAME_1":"Архангельскаяобласть","NAME_2":"Vilegodskiyrayon","VARNAME_2":"NA","NL_NAME_2":"Вилегодскийрайон","TYPE_2":"Raion","ENGTYPE_2":"District","CC_2":"R03090","HASC_2":"RU.AR.VI"}},{"type":"MultiPolygon","arcs":[[[-420,906,-821,907,-819,-902,908,-900,909,-898,910,-870,-827]]],"properties":{"GID_2":"RUS.4.28_1","GID_0":"RUS","COUNTRY":"Russia","GID_1":"RUS.4_1","NAME_1":"Arkhangel'sk","NL_NAME_1":"Архангельскаяобласть","NAME_2":"Vinogradovskiyrayon","VARNAME_2":"NA","NL_NAME_2":"Виноградовскийрайон","TYPE_2":"Raion","ENGTYPE_2":"District","CC_2":"R03090","HASC_2":"RU.AR.VN"}}]}},"arcs":[[[152091,181440],[1021,-368],[560,-718]],[[153672,180354],[-1581,1086]],[[151301,181983],[-1009,1638],[1138,736],[1670,-750],[620,-1355]],[[153720,182252],[2961,-2360],[-1132,-71],[-2109,1473],[-2139,689]],[[444510,911316],[-232,-24],[-48,76],[233,23],[47,-75]],[[438863,911906],[-232,-24],[-48,76],[232,23],[48,-75]],[[439173,912005],[-280,52],[235,24],[45,-76]],[[462956,917094],[2651,-1006],[-527,-344],[187,-491],[542,-222],[1924,-397],[2404,175],[-1581,-396],[-251,-194],[96,-345],[-280,-52],[92,-339],[-1769,-742],[-247,-344],[714,-95],[-527,-396],[402,-47],[63,-246],[-280,-99],[402,-99],[-605,-24],[295,-122],[-277,-147],[4078,-519],[682,-491],[1039,-23],[-169,-369],[2543,-297],[918,-467],[-3027,-614],[-11541,0],[232,170],[-1969,420],[-5835,297],[-2418,-297],[-7074,198],[-1349,515],[277,245],[-605,420],[-1674,0],[-247,-495],[-5212,0],[-1910,812],[1225,566],[3335,321],[-527,293],[358,174],[3163,-99],[3291,-689],[3396,222],[-108,368],[1737,-292],[792,712],[-405,246],[1209,444],[-92,245],[250,293],[587,146],[-155,345],[917,519],[2916,689],[5335,491],[667,368],[-527,345],[217,245],[-464,392],[2716,123]],[[409203,914021],[2234,-836],[-792,-613],[-1302,99],[-295,-369],[2449,95],[-1597,-416],[-4453,416],[3568,590],[-464,297],[217,246],[-545,222],[-2356,-99],[870,99],[310,391],[2156,-122]],[[420882,913553],[47,-70],[-339,0],[292,70]],[[530824,913629],[-48,-76],[-295,24],[48,76],[295,-24]],[[416215,916282],[372,-95],[-280,-99],[110,-174],[1239,297],[1349,-420],[-479,-368],[1674,99],[682,-491],[1429,-198],[233,-369],[-465,-344],[340,-99],[-185,-345],[-357,-123],[-1799,397],[-870,-788],[-2359,99],[-2666,-689],[-995,99],[233,122],[-185,345],[-837,245],[-342,638],[-775,52],[775,585],[-93,250],[1394,538],[250,345],[-527,297],[295,222],[2839,-28]],[[439762,915937],[93,-193],[-605,-123],[-1349,566],[1861,-250]],[[503660,916013],[605,-269],[-977,-123],[-1287,467],[1287,317],[110,-270],[-280,-99],[542,-23]],[[513528,916702],[232,-269],[-405,94],[173,175]],[[435899,922895],[4903,-392],[542,-221],[-277,-100],[60,-245],[899,-345],[343,-637],[837,-245],[-277,-151],[464,-293],[-3443,-935],[1209,-392],[200,-566],[-3598,392],[-3583,-907],[837,-297],[-900,-444],[1025,-538],[185,-444],[-1287,-23],[-605,-368],[3134,-590],[-3336,-713],[-4840,590],[-388,661],[-899,396],[2016,293],[-1906,812],[-2856,99],[-915,316],[-342,642],[-542,222],[-2606,293],[-1799,590],[-170,274],[277,94],[-340,52],[2511,689],[-465,194],[358,174],[9927,1870],[5647,193]],[[350065,919723],[-339,-47],[47,75],[292,-28]],[[353976,923070],[-48,-76],[-295,24],[48,75],[295,-23]],[[353851,923263],[-340,-47],[45,76],[295,-29]],[[361127,923093],[-1039,170],[542,123],[497,-293]],[[531771,913162],[310,-100],[-995,-99],[-122,298],[807,-99]],[[559617,921890],[-48,-76],[-295,24],[48,75],[295,-23]],[[540876,922333],[-232,-28],[-48,76],[280,-48]],[[557398,927125],[1987,0],[1224,-317],[62,-349],[-232,-217],[2961,-222],[62,-444],[-295,-122],[358,-170],[-653,-151],[96,-538],[-652,-52],[339,-147],[-587,-392],[1582,-788],[-1272,-444],[30,-439],[-358,-221],[-4527,-199],[-1117,-590],[-667,123],[-188,736],[343,199],[-468,391],[1644,543],[-402,293],[280,151],[-2266,439],[-495,397],[-125,736],[280,47],[-92,444],[310,297],[1334,439],[-405,298],[310,245],[1599,24]],[[447426,920219],[-48,-76],[-294,24],[47,75],[295,-23]],[[406302,921125],[295,-71],[-590,-99],[295,170]],[[522478,930788],[2094,-614],[7199,590],[1784,-958],[-715,-47],[420,-175],[-312,-392],[-1287,-321],[-310,-344],[402,-199],[-899,-491],[9293,-1694],[3041,-1279],[2978,-590],[1055,-690],[2171,-198],[-1302,-392],[358,-170],[-1040,-420],[-2234,-590],[0,-590],[-2111,198],[-543,567],[963,193],[-1228,321],[-2031,-122],[295,-170],[-2109,193],[-1677,-392],[420,-519],[-342,-146],[405,-99],[-1150,-883],[1522,-345],[63,-344],[-280,-99],[339,-99],[-2341,-713],[-1364,0],[-1862,198],[-977,614],[340,146],[-1287,420],[-4530,-198],[-1224,222],[339,99],[-169,368],[-668,-24],[93,-443],[-1287,-515],[-2794,-99],[-6389,689],[-1739,590],[-4218,-99],[-2111,491],[-2481,0],[294,175],[-2886,934],[280,95],[-110,175],[-1471,221],[-125,439],[280,99],[-406,199],[280,99],[-899,444],[339,146],[-527,345],[3586,566],[2047,0],[1986,-496],[1427,590],[2916,-491],[977,520],[-402,292],[217,246],[-342,99],[667,321],[2791,94],[807,-292],[4220,491],[-1242,590],[-2588,222],[1722,75],[744,392],[682,-198],[667,321],[-405,99],[295,170],[-3225,0],[-1677,396],[995,99],[-668,170],[2341,812],[4346,883],[432,396],[1072,-174]],[[391285,927026],[169,-170],[-402,99],[233,71]],[[591791,927644],[3645,-128],[-232,-169],[1147,-591],[-1025,-146],[778,-297],[-715,-147],[1519,-391],[-1704,-543],[295,-269],[-2359,-298],[-63,-391],[-2793,-199],[-1055,-882],[-2791,-100],[358,-170],[-1475,-221],[-3660,491],[604,269],[-854,420],[-2481,99],[294,123],[-62,439],[-465,344],[3646,-321],[1117,198],[372,491],[3536,199],[-808,391],[-2543,199],[-107,467],[1039,24],[2853,1081],[4266,566],[-650,-193],[373,-345]],[[592068,927937],[-233,-24],[-44,76],[232,23],[45,-75]],[[572228,929093],[48,-75],[-343,0],[295,75]],[[573330,929263],[-48,-71],[-295,24],[48,71],[295,-24]],[[568055,929759],[-48,-76],[-294,24],[47,75],[295,-23]],[[576323,930566],[-991,-194],[1161,-174],[-1766,-345],[664,-170],[-1659,-222],[295,-174],[-3908,-194],[-1304,590],[1364,99],[807,590],[1739,-198],[1862,689],[2156,-23],[-420,-274]],[[588967,931033],[-342,-47],[47,76],[295,-29]],[[588735,933124],[232,-170],[-715,-198],[1150,-245],[122,-737],[-730,71],[793,-368],[-1659,-415],[-48,-274],[1039,75],[483,-368],[-1349,-222],[-1180,293],[-357,-222],[295,-170],[-2050,-198],[-417,123],[-217,741],[-715,47],[667,269],[-3288,0],[-1224,321],[-80,368],[747,298],[5087,-100],[-294,170],[711,52],[-29,345],[729,415],[2297,99]],[[366137,923462],[-45,-76],[-294,28],[339,48]],[[391347,925845],[45,-70],[-340,0],[295,70]],[[389098,925874],[-232,-29],[-48,76],[280,-47]],[[388020,925930],[-24,-85],[-295,29],[319,56]],[[389780,926020],[-47,-75],[-295,23],[48,76],[294,-24]],[[358941,926511],[-48,-75],[-294,23],[47,76],[295,-24]],[[358196,926511],[-47,-75],[-295,23],[48,76],[294,-24]],[[390090,926709],[-47,-75],[-295,23],[47,76],[295,-24]],[[392509,927002],[-45,-71],[-295,24],[48,71],[292,-24]],[[392014,927200],[-47,-75],[-295,23],[47,76],[295,-24]],[[479957,928404],[-295,-76],[402,-47],[188,-444],[-342,-99],[405,-94],[-1784,-28],[-173,321],[280,99],[-48,368],[1367,0]],[[504467,929093],[3041,-982],[3709,-274],[-3211,-415],[-5091,94],[-4140,1209],[2404,562],[3288,-194]],[[388943,926903],[340,-47],[-652,-100],[312,147]],[[373288,927516],[-1039,76],[605,123],[434,-199]],[[372157,927691],[-45,-75],[-295,28],[340,47]],[[355093,929461],[-48,-75],[-295,23],[48,76],[295,-24]],[[551113,926511],[-44,-75],[-295,23],[48,76],[291,-24]],[[551876,928206],[310,-95],[-2344,-812],[405,-297],[-280,-246],[729,-221],[-2108,99],[-111,269],[280,198],[-777,146],[-140,468],[2856,689],[1180,-198]],[[552683,931156],[605,-269],[-1895,344],[1290,-75]],[[565774,936273],[47,-76],[-402,0],[355,76]],[[572103,934795],[1227,-321],[-280,-339],[480,-222],[1474,-222],[-340,-146],[1350,-1011],[-358,-122],[93,-543],[-358,-217],[-2109,-590],[-1736,94],[357,-368],[-1784,-24],[-1861,-590],[-5633,614],[2079,491],[-30,344],[960,444],[-417,269],[357,175],[-405,99],[652,344],[-30,340],[2651,911],[15,369],[1102,420],[2544,-199]],[[572663,934994],[232,-175],[-402,99],[170,76]],[[578060,937354],[2606,-392],[2466,-911],[-339,-146],[402,-298],[-650,-146],[403,-345],[-653,-491],[405,-99],[-1411,-911],[-2050,-99],[-4715,888],[-187,491],[-2047,590],[-1799,99],[-574,661],[-715,52],[280,245],[-402,146],[4080,765],[2109,0],[185,-297],[1799,396],[807,-198]],[[586671,937132],[-48,-75],[-295,28],[343,47]],[[549207,940696],[9183,-689],[932,-392],[-1102,-24],[-188,-736],[3399,-123],[-1117,-396],[-1427,198],[-357,-368],[2219,-28],[-605,-170],[1906,-515],[203,-566],[465,-246],[-1412,-274],[-667,-561],[3336,70],[1227,-467],[-1397,-146],[789,-269],[-572,-765],[-1662,-415],[-727,-421],[30,-344],[-652,-47],[777,-293],[-342,-99],[110,-274],[1039,-24],[-1102,-169],[-4467,292],[-483,321],[280,246],[-712,146],[277,146],[-1224,321],[-8983,222],[-63,246],[313,198],[1332,444],[-93,538],[590,443],[-402,147],[3071,1034],[-3321,1180],[295,170],[-682,0],[-915,519],[-188,590],[343,99],[-92,538],[1334,444],[325,467],[1179,-198]],[[563215,937524],[-343,-47],[48,75],[295,-28]],[[561291,937821],[-45,-75],[-295,23],[45,76],[295,-24]],[[564269,937920],[-47,-75],[-292,23],[45,76],[294,-24]],[[567450,938237],[170,-170],[-402,99],[232,71]],[[563712,938558],[432,-100],[-774,0],[342,100]],[[565261,938610],[-417,122],[682,95],[108,-269],[-373,52]],[[564457,938704],[-342,-47],[47,75],[295,-28]],[[628510,914441],[434,293],[1055,-199],[-1799,-193],[310,99]],[[631038,914757],[373,-99],[-715,0],[342,99]],[[640236,928895],[545,-123],[-343,-99],[402,-194],[-339,-151],[1084,-146],[-339,-99],[47,-269],[992,-198],[1489,297],[2669,-982],[-2112,194],[-1471,-713],[2138,99],[-339,-198],[295,-170],[-977,-123],[339,-297],[-339,-147],[339,-198],[-1024,-340],[342,-250],[-652,-345],[343,-193],[-343,-146],[357,-123],[-357,-274],[777,-245],[-342,-100],[342,-193],[-342,-246],[2529,-811],[125,-298],[-1490,-590],[-2838,-123],[712,-590],[92,-1033],[715,-48],[-652,-99],[-30,-443],[-343,-48],[63,-344],[342,-47],[-342,-152],[342,-193],[-714,-52],[62,-345],[1769,-439],[-1334,-689],[295,-174],[-1305,0],[295,-369],[-1102,-222],[-7074,-99],[-1099,-217],[340,-443],[-605,-123],[-870,392],[-1674,-194],[233,269],[-420,222],[-5025,293],[-4655,-491],[-2419,198],[-682,-297],[-11792,1576],[977,416],[81,368],[1921,396],[-295,170],[6192,1992],[2466,1204],[-1846,467],[-420,222],[-93,444],[-1459,439],[-122,642],[354,222],[-137,760],[-342,99],[342,99],[-1522,345],[343,245],[-1150,246],[343,146],[-480,321],[-1412,222],[-18,566],[8191,1180],[2606,-99],[1677,-689],[4590,590],[560,-689],[3598,-491],[1847,812],[-790,661],[15,368],[727,222],[4346,99],[125,-293],[3598,-198],[-1102,467],[1659,24]],[[630231,927101],[-48,-75],[-294,28],[342,47]],[[623714,912694],[-2511,47],[712,52],[-339,147],[354,222],[1677,99],[48,-368],[-280,-100],[339,-99]],[[597095,926903],[-342,-47],[47,75],[295,-28]],[[603255,929683],[45,-75],[-712,0],[667,75]],[[607970,932143],[4700,-520],[-605,-368],[6267,-392],[420,-122],[30,-444],[420,-123],[-358,-170],[343,-99],[-3896,-1010],[-6871,1303],[1411,174],[-5459,0],[-855,222],[-77,468],[1736,391],[807,590],[1987,100]],[[627253,927299],[-48,-75],[-295,23],[48,76],[295,-24]],[[626508,927691],[-48,-75],[-295,28],[343,47]],[[628617,928380],[-45,-75],[-295,23],[45,76],[295,-24]],[[629317,928503],[44,-75],[-711,0],[667,75]],[[626880,934380],[-47,-76],[-295,24],[47,76],[295,-24]],[[630124,935876],[789,-122],[-295,-269],[992,0],[125,-392],[-2963,-321],[1149,-298],[-667,-170],[-1677,491],[-2543,0],[-808,392],[2607,789],[3291,-100]],[[624599,941583],[-295,71],[730,-71],[-435,0]],[[625576,947064],[-45,-76],[-295,29],[340,47]],[[643634,919529],[-47,-75],[-295,24],[47,75],[295,-24]],[[647605,920219],[-45,-76],[-295,24],[45,75],[295,-23]],[[643137,920955],[-277,47],[232,29],[45,-76]],[[645371,926903],[-340,-47],[45,75],[295,-28]],[[683162,920610],[-48,-75],[-295,24],[48,75],[295,-24]],[[683534,921002],[-342,-47],[47,76],[295,-29]],[[683487,923292],[-1287,170],[977,122],[310,-292]],[[671450,934895],[1490,0],[1239,-491],[1736,0],[125,292],[4033,-193],[2359,-590],[13278,-1180],[8379,-2757],[1102,-614],[-295,-269],[2481,-198],[-357,-368],[667,-24],[420,-467],[-63,-491],[-792,-321],[-6514,392],[-497,-392],[-4715,-99],[1039,-317],[0,-443],[-1599,-713],[-1350,661],[358,123],[-15,372],[-280,95],[1459,396],[-2528,317],[1426,-293],[-2171,-99],[295,269],[-667,123],[-498,-491],[-667,-71],[2157,71],[47,-269],[-2529,-123],[-4467,-1279],[295,-269],[-715,-246],[-30,-444],[-1087,-146],[342,-99],[-342,-246],[667,-23],[0,-298],[-1784,123],[667,175],[-1721,-222],[0,-741],[357,-217],[2529,368],[-730,-566],[667,-175],[-652,-146],[-92,-539],[-683,-590],[-714,-151],[342,-146],[-342,-47],[294,-373],[-294,-170],[294,-123],[-357,-170],[715,-151],[-48,-368],[-8191,491],[-1161,-713],[339,-94],[-339,-99],[339,-345],[-2141,-444],[715,-245],[-1088,-147],[343,-99],[-343,-99],[343,-99],[-343,-99],[343,-99],[-357,-269],[309,-293],[-3100,194],[604,174],[-729,222],[-1722,-222],[977,-174],[-1674,-95],[-16057,3073],[-92,340],[-715,246],[715,443],[-1460,543],[358,170],[-358,123],[-62,642],[342,47],[-33,835],[343,100],[-343,99],[358,222],[-730,122],[343,147],[-775,543],[712,590],[-62,439],[-358,127],[375,293],[-357,122],[-95,737],[-340,52],[0,538],[340,99],[-712,52],[1769,835],[-1522,930],[343,151],[-1150,444],[342,95],[-357,273],[357,123],[-342,99],[342,95],[-62,443],[-3753,1133],[295,269],[-2112,298],[-185,392],[-2156,122],[340,99],[17,369],[1490,99],[7011,99],[497,-397],[1365,0],[-295,274],[2528,-75],[-667,269],[2201,245],[-294,175],[4780,-298],[10175,789],[2918,-99]],[[634884,932709],[-45,-76],[-295,24],[48,76],[292,-24]],[[630416,933148],[390,-24],[-730,-75],[340,99]],[[630309,933814],[792,-175],[-792,-415],[-2157,321],[730,368],[1427,-99]],[[629549,934083],[-48,-71],[-295,23],[48,71],[295,-23]],[[668966,942565],[995,-297],[-1164,-368],[3026,368],[789,-217],[15,-567],[-1162,-519],[402,-193],[-402,-246],[402,-99],[-2263,-637],[339,-199],[0,-344],[-1456,-543],[339,-146],[-1534,-812],[-2668,-293],[-1367,0],[-867,392],[-4778,-392],[-8006,1473],[-852,519],[340,246],[-730,221],[18,269],[789,222],[1740,0],[-295,468],[1039,23],[417,222],[-294,170],[994,0],[495,397],[8625,94],[745,-293],[4638,1006],[-295,174],[1986,-99]],[[653934,941753],[-45,-70],[-295,23],[45,71],[295,-24]],[[662685,941952],[-48,-76],[-295,24],[48,75],[295,-23]],[[636685,943325],[-342,-47],[48,76],[294,-29]],[[622800,940795],[47,-75],[-714,0],[667,75]],[[621668,940965],[-343,-47],[48,75],[295,-28]],[[621605,941461],[-44,-76],[-295,24],[45,75],[294,-23]],[[599019,942244],[-47,-71],[-295,24],[48,71],[294,-24]],[[602013,943354],[730,-222],[62,-444],[-730,-24],[-1304,690],[1242,0]],[[604434,943646],[-1057,199],[1057,99],[-235,-123],[235,-175]],[[624849,947777],[1471,-222],[-1456,-392],[402,-297],[-340,-246],[668,76],[184,-392],[1040,123],[-730,368],[1057,-99],[867,391],[1427,0],[420,-122],[-343,-246],[1227,-316],[3724,-99],[1224,-420],[-295,-170],[1861,-99],[78,-368],[777,-246],[-342,-245],[714,-151],[-342,-147],[1150,-392],[-3646,-712],[667,-123],[0,-345],[-342,-99],[774,-198],[-1099,-222],[682,-194],[-1367,0],[-2356,-788],[-5400,590],[-1784,-170],[667,269],[-3661,-590],[-3225,883],[-8998,-883],[2359,-396],[-310,-95],[-6517,392],[-560,298],[-2916,-100],[-45,269],[277,100],[-339,99],[339,94],[-417,222],[2607,99],[372,397],[-420,269],[1150,47],[-1585,345],[1087,245],[-402,444],[664,-76],[125,298],[668,23],[-402,99],[339,147],[-3521,812],[3289,1472],[6392,397],[1551,-99],[140,-567],[295,-23],[1489,198],[123,293],[4467,297],[63,293],[807,99],[667,-123],[63,-245],[-295,-123],[1364,198],[-295,269],[420,123],[1552,-198]],[[597730,945218],[-2589,-269],[712,198],[-667,170],[2544,-99]],[[601206,945218],[47,-71],[-1164,71],[1117,0]],[[598352,945317],[1350,76],[-1519,-246],[169,170]],[[597730,945416],[47,-70],[-774,0],[727,70]],[[605659,949032],[-48,-75],[-295,23],[48,76],[295,-24]],[[594054,951194],[-47,-75],[-292,28],[339,47]],[[593247,951293],[-45,-75],[-294,28],[339,47]],[[594427,951293],[-48,-75],[-292,28],[340,47]],[[593992,951393],[-45,-76],[-295,24],[45,75],[295,-23]],[[647682,944534],[48,-76],[-402,0],[354,76]],[[656105,945591],[-44,-75],[-295,23],[44,76],[295,-24]],[[638669,947555],[-339,-47],[44,75],[295,-28]],[[637445,947678],[-1474,-170],[420,269],[1054,-99]],[[635521,947678],[-667,75],[1102,-75],[-435,0]],[[637862,947753],[-45,-75],[-295,28],[340,47]],[[666036,948735],[-343,-47],[48,75],[295,-28]],[[660141,952275],[-342,-47],[47,76],[295,-29]],[[634017,947852],[-48,-75],[-295,23],[48,76],[295,-24]],[[633597,947876],[-745,99],[310,99],[435,-198]],[[632668,948268],[169,-170],[-402,99],[233,71]],[[631735,954758],[110,-269],[-342,0],[232,269]],[[639804,952497],[-1474,-71],[417,170],[1057,-99]],[[640221,952766],[-340,-47],[45,76],[295,-29]],[[669091,953087],[45,-75],[-402,0],[357,75]],[[651081,953852],[-48,-76],[-295,24],[48,75],[295,-23]],[[379231,932213],[-45,-70],[-295,23],[45,71],[295,-24]],[[375942,933294],[-342,-47],[47,76],[295,-29]],[[376717,933837],[95,-198],[-357,-123],[-358,123],[233,175],[-1412,-76],[1799,99]],[[377384,933913],[48,-76],[-343,0],[295,76]],[[395985,929853],[-340,-47],[45,75],[295,-28]],[[432364,933913],[45,-76],[-712,0],[667,76]],[[458348,956651],[-527,-392],[900,-344],[-280,-147],[1146,-736],[-277,-245],[1519,-742],[-342,-146],[840,-47],[-343,-151],[402,-47],[-277,-147],[465,-146],[185,-444],[-3333,-222],[-3289,-788],[-4143,-24],[1457,-590],[18,-269],[-6392,-99],[-977,-467],[2216,75],[1784,-373],[-2776,-807],[-2109,0],[170,-566],[-357,-222],[-5150,-198],[-295,-269],[2654,-24],[1039,-467],[-1397,-199],[2654,-613],[1799,0],[6455,2063],[1471,-24],[-527,-392],[464,-198],[-339,-99],[107,-170],[1367,99],[1287,713],[-92,245],[1039,321],[3598,293],[977,-321],[-280,-146],[608,-416],[1161,-28],[-339,-94],[107,-175],[2979,-99],[-233,764],[340,95],[-402,52],[280,146],[-837,198],[5507,515],[3970,-982],[-62,-590],[2341,-222],[-277,-99],[92,-345],[-652,-146],[110,-269],[5025,-99],[682,-491],[3166,-397],[977,-467],[-1722,-316],[358,-175],[-1290,-222],[-62,-292],[-1365,0],[-357,-269],[405,-100],[-730,-221],[-2731,-397],[0,-392],[-2728,-292],[-977,-520],[30,-245],[-1412,-416],[-5895,-99],[-977,-420],[-250,-292],[95,-246],[-652,-151],[402,-146],[-649,-147],[527,-443],[-1290,-317],[-1224,-717],[402,-146],[-977,-416],[-2728,-689],[-8006,-590],[-10115,198],[-5710,-590],[-4092,-1180],[-3166,0],[-1364,-595],[-4966,-292],[-1286,-468],[232,-415],[3661,-595],[-233,-170],[527,-344],[-280,-147],[406,-47],[-653,-198],[340,-642],[-959,-246],[402,-99],[-280,-94],[250,-543],[402,-47],[-837,-397],[590,-538],[-2034,-123],[-2729,-788],[-7199,-99],[-4467,689],[-683,392],[-7321,-95],[-250,392],[-1861,194],[-3458,-515],[649,-590],[-277,-146],[527,-246],[-280,-146],[527,-250],[-280,-146],[840,-147],[-545,-467],[-3100,-198],[232,174],[-3336,222],[-3413,-496],[47,-269],[-280,-99],[435,-689],[837,-146],[387,-562],[3229,0],[1427,-396],[4902,490],[2544,-193],[-232,-175],[1828,-689],[-2326,-883],[3071,-297],[-1969,-515],[-995,100],[-309,-392],[-1534,-373],[1534,-123],[685,-491],[1239,298],[110,-175],[-652,-47],[542,-274],[3103,198],[1102,-613],[-280,-147],[590,-396],[-2219,-713],[-3848,491],[-1534,-416],[962,-391],[-232,-175],[1969,-316],[-358,-175],[-4342,198],[232,170],[-4947,1010],[-173,269],[280,100],[-1335,443],[590,246],[-667,415],[-2171,198],[-1924,-490],[-1165,-520],[527,-344],[-649,-48],[2079,-490],[-527,-345],[1146,-1232],[-280,-94],[218,-444],[-837,-345],[107,-368],[-3786,-1180],[358,-123],[-358,-175],[-1161,321],[899,836],[-1334,444],[217,245],[-527,246],[280,99],[-110,170],[-1239,198],[-4158,-99],[-3539,-689],[420,-269],[-777,-392],[2329,-836],[-1599,-467],[-4468,0],[295,-175],[-3830,-613],[-855,222],[217,99],[-217,439],[280,99],[-900,835],[837,298],[-47,269],[2591,812],[-93,245],[528,146],[-93,246],[498,396],[837,246],[-93,245],[277,48],[-155,344],[1165,519],[4965,-99],[1037,222],[-852,368],[4033,199],[604,316],[-1411,467],[-5585,-292],[-3893,316],[542,467],[2916,298],[623,391],[2728,99],[545,321],[-465,246],[1022,47],[-667,467],[-6020,-193],[-1983,293],[479,-369],[-2219,-613],[-2791,491],[-2046,-397],[-3214,76],[667,-567],[-2031,420],[280,99],[-110,170],[-1737,0],[-2403,-859],[2573,-543],[-542,-269],[2776,-368],[-1039,-713],[-6452,590],[107,-269],[-1146,-344],[1021,-543],[-2216,-416],[-4530,784],[-1847,1010],[1165,567],[2296,94],[804,496],[-4280,982],[-932,689],[-3100,783],[-2345,1204],[528,198],[95,444],[1784,713],[4405,297],[480,416],[-402,146],[2591,1109],[6079,685],[2839,-807],[-528,-298],[653,-491],[-528,-198],[126,-245],[1146,-100],[-2031,-316],[-1180,293],[605,-468],[-1596,-221],[-1102,-661],[3520,-420],[3911,887],[1176,-99],[1228,-713],[-793,-368],[2404,170],[-107,-368],[2731,198],[1239,590],[4840,-689],[1677,293],[4652,-100],[918,472],[-2204,586],[2776,420],[232,-24],[-214,-99],[107,-175],[932,0],[727,175],[-1209,198],[1706,194],[-1474,519],[-13898,982],[-1102,515],[218,99],[-111,174],[-789,123],[277,146],[-649,491],[3023,520],[8563,-298],[932,590],[6514,-392],[1287,270],[-587,344],[233,170],[-1305,297],[-3830,222],[2698,982],[-170,269],[-4143,76],[590,-392],[-295,-76],[-1721,321],[232,170],[-7571,298],[-5281,-789],[-4879,270],[6374,1699],[4036,392],[1611,689],[2857,491],[0,297],[5647,586],[2853,-586],[2234,586],[310,396],[3598,99],[2156,-321],[-277,-99],[170,-269],[2669,-198],[-793,-416],[403,-151],[-900,-292],[1537,-614],[4095,0],[-914,-368],[2776,-718],[3336,519],[-405,100],[-373,637],[343,52],[-155,344],[667,218],[2901,-24],[-652,-99],[92,-246],[-232,-122],[2171,297],[2359,-297],[2791,198],[1537,661],[-170,321],[-2793,297],[-248,392],[2050,198],[-48,269],[590,246],[-778,99],[-122,245],[527,298],[-589,391],[1721,416],[4453,28],[-232,368],[-1552,194],[-2901,1057],[4202,713],[3539,-293],[3226,199],[-108,368],[590,293],[-1584,99],[2778,321],[-47,269],[280,99],[-1847,-76],[232,274],[-464,194],[590,198],[-1475,24],[-372,490],[-1862,590],[-9555,-590],[-545,222],[468,444],[-527,293],[712,52],[-465,146],[652,146],[-110,175],[-1302,-491],[-2978,0],[-2839,807],[340,151],[-465,99],[667,317],[3599,99],[1364,292],[545,520],[-1537,566],[-3768,-28],[7056,911],[2094,519],[-417,269],[2109,392],[1677,-293],[1674,194],[420,123],[-48,273],[1039,24],[-479,368],[4840,689],[1224,713],[-155,444],[1087,47],[-527,345],[977,122],[295,269],[-405,100],[1662,613],[3226,199],[3970,981],[5150,690],[3166,-784],[2669,0],[169,-373],[-604,-415],[-7509,-298],[-3911,-783],[483,-369],[-1025,-198],[3211,-222],[110,-170],[-1334,-396],[667,-415],[1427,0],[2108,391],[668,368],[-837,199],[1474,316],[2234,-194],[7446,789],[3163,1081],[995,0],[1674,883],[1054,0],[-44,269],[357,221],[2109,199],[357,-666]],[[524060,941952],[-45,-76],[-295,24],[45,75],[295,-23]],[[331962,936075],[48,-76],[-715,0],[667,76]],[[330473,937453],[172,-175],[-405,100],[233,75]],[[331482,937821],[712,-52],[-1021,-94],[309,146]],[[357342,952596],[4592,-491],[-232,-174],[1102,-416],[4465,-297],[482,-123],[575,-760],[1674,-198],[2979,0],[2421,689],[2791,-392],[1102,222],[-357,170],[3288,99],[685,-392],[5025,-594],[-233,-170],[528,-293],[-653,-198],[1784,-420],[-44,-468],[914,-222],[232,-368],[-2653,76],[-2467,-468],[1228,-712],[2838,-222],[122,-246],[-649,-99],[2016,-835],[-1271,-293],[729,-566],[2791,-298],[2094,-859],[-1519,-538],[774,-99],[-280,-99],[155,-345],[-604,-321],[-3289,-99],[-1054,396],[-3351,0],[232,170],[-589,345],[280,99],[-188,345],[-2156,321],[-3723,-298],[-3411,199],[-2296,590],[-1475,1005],[1147,491],[-1084,496],[339,146],[-464,99],[590,246],[-233,269],[-4327,-369],[-373,591],[280,99],[-155,344],[837,392],[-962,246],[233,169],[-3027,-514],[405,-99],[-232,-170],[1472,75],[-1100,-273],[-1536,122],[604,274],[-1427,0],[48,-274],[-607,-122],[235,174],[-918,317],[-1039,-218],[590,-396],[-358,-170],[-5334,193],[-605,-368],[590,-245],[-235,-170],[1057,0],[667,-321],[-280,-99],[107,-170],[1290,-222],[122,-245],[-590,-199],[653,-392],[-2094,-420],[-3848,690],[-2032,-321],[402,-95],[-464,-297],[110,-175],[1659,-217],[-1272,-297],[93,-246],[-280,-47],[125,-246],[792,-28],[727,-514],[-542,-270],[2281,-519],[-899,-344],[1286,-907],[-932,-297],[-4095,99],[-867,590],[-3539,293],[-1364,-194],[-295,-222],[111,-269],[-1740,0],[542,-368],[-1272,-245],[236,-472],[-2857,-491],[-295,-269],[1150,-590],[-1164,-515],[-2172,491],[-3041,-392],[-2109,685],[-1676,-99],[-1659,-959],[402,-47],[-218,-99],[110,-170],[668,71],[122,-246],[-277,-99],[464,-47],[-47,-467],[855,-123],[-126,-345],[-1533,76],[232,170],[-1847,420],[-2484,0],[-310,-397],[-604,-23],[-185,-194],[155,-349],[-1150,-392],[2267,-590],[-3089,-911],[-7244,321],[-556,689],[402,444],[-402,99],[2201,1426],[-155,245],[652,47],[-343,491],[280,151],[-1024,737],[590,193],[-465,198],[170,175],[-5585,99],[-1102,-618],[405,-146],[-667,-123],[-2669,590],[-1736,-99],[-977,-222],[-250,-194],[217,-344],[-1349,-713],[-2544,-397],[-1474,321],[-373,491],[280,147],[-854,127],[-170,170],[280,99],[-1475,416],[233,174],[-667,321],[-2979,392],[-4530,0],[-7369,1501],[2469,760],[7259,198],[6141,1081],[1802,-99],[1799,392],[6887,-293],[2111,491],[4343,0],[5275,590],[1862,789],[1861,292],[-48,269],[358,123],[3848,198],[2279,614],[-1335,297],[358,170],[3601,0],[1054,397],[9802,1081],[358,170],[-402,99],[589,146],[-217,345],[277,99],[-402,99],[652,47],[78,567],[1611,297],[482,-174],[-962,-194],[1847,-28],[310,396],[1054,-99],[250,392],[665,23],[-108,274],[668,24],[-1785,368],[-357,420],[1349,170],[310,392],[4158,-94],[1290,415],[-900,198],[417,170],[2422,392],[1674,-293]],[[352689,943453],[45,-76],[-712,0],[667,76]],[[362804,944335],[45,-75],[-402,0],[357,75]],[[353666,944260],[-1150,52],[608,123],[542,-175]],[[360135,946205],[977,-76],[-914,-222],[-63,298]],[[529153,942731],[757,-67],[-295,-174],[774,-147],[203,-368],[2650,-123],[-339,-146],[1025,-835],[-280,-345],[711,47],[-277,-99],[155,-637],[-342,-47],[62,-251],[837,-245],[-1021,-293],[29,-344],[-280,-99],[483,-321],[1099,75],[-712,-99],[107,-368],[2407,-515],[682,-1033],[-2016,-737],[402,-151],[-1025,-345],[405,-193],[-357,-175],[-5522,1180],[-111,274],[343,95],[-2451,642],[1349,467],[-1349,760],[2016,543],[-527,736],[1969,519],[357,218],[-62,245],[-7167,1133],[1040,566],[2094,222],[-900,491],[420,170],[2657,-226]],[[562301,939516],[914,-368],[-1412,-222],[233,269],[-1892,151],[1475,368],[682,-198]],[[541141,939417],[45,-71],[-712,0],[667,71]],[[559617,939884],[-343,-47],[48,75],[295,-28]],[[587043,937231],[-48,-75],[-295,23],[48,76],[295,-24]],[[595418,939001],[-44,-75],[-295,23],[48,76],[291,-24]],[[579906,946375],[-339,-48],[45,76],[294,-28]],[[583832,953385],[1987,-199],[619,-491],[1924,-491],[-232,-221],[355,-175],[-355,-170],[402,-47],[-342,-151],[482,-222],[3786,-194],[479,-122],[-339,-246],[479,-222],[730,24],[-405,99],[343,146],[-358,321],[1427,95],[855,-317],[140,-467],[1906,-23],[-340,-100],[108,-368],[6517,-297],[1286,-467],[-5010,-812],[-5647,99],[-420,-222],[-15,-368],[-1861,-194],[-1475,123],[280,94],[-47,274],[-1799,-198],[-807,-491],[-3786,491],[-4527,-689],[354,-269],[-1766,-444],[295,-170],[-1367,0],[-2607,883],[-1054,-100],[-2466,619],[2141,590],[-1209,193],[417,274],[2901,416],[-2094,467],[-2978,99],[-620,392],[-1349,-321],[295,-170],[-11482,0],[-4033,590],[-1674,392],[-125,297],[3598,883],[730,321],[-403,99],[340,99],[18,368],[2975,-198],[808,491],[7446,-684],[4530,783],[2049,-392],[-667,-269],[852,-222],[2296,-198],[63,298],[1102,23],[310,194],[-33,344],[792,321],[5275,199]],[[577053,952474],[-48,-76],[-294,28],[342,48]],[[576928,953064],[-45,-76],[-295,24],[45,75],[295,-23]],[[577300,953163],[-47,-76],[-292,24],[44,75],[295,-23]],[[576014,953578],[44,-71],[-402,0],[358,71]],[[554482,951907],[107,-71],[-339,0],[232,71]],[[566706,959776],[44,-75],[-402,0],[358,75]],[[565324,960536],[-340,-47],[45,75],[295,-28]],[[564472,960564],[107,-75],[-402,0],[295,75]],[[358816,946181],[-48,-75],[-295,23],[48,76],[295,-24]],[[359513,946304],[48,-76],[-402,0],[354,76]],[[357389,946573],[-47,-76],[-295,29],[342,47]],[[364371,947064],[402,-47],[-715,-99],[313,146]],[[464490,948787],[435,-99],[-775,0],[340,99]],[[462396,949155],[48,-75],[-405,0],[357,75]],[[462566,949622],[-45,-75],[-295,23],[45,76],[295,-24]],[[449660,950604],[-48,-71],[-295,24],[48,71],[295,-24]],[[344993,950335],[47,-75],[-402,0],[355,75]],[[347149,951591],[-44,-76],[-295,24],[44,75],[295,-23]],[[348778,952006],[48,-75],[-777,0],[729,75]],[[362724,952176],[-340,-47],[48,75],[292,-28]],[[447938,950925],[45,-75],[-402,0],[357,75]],[[415905,951883],[-48,-75],[-295,28],[343,47]],[[423163,954145],[-47,-76],[-292,28],[339,48]],[[433341,954145],[-48,-76],[-295,28],[343,48]],[[358893,953087],[48,-75],[-342,0],[294,75]],[[437558,955079],[373,47],[-712,-146],[339,99]],[[443640,955424],[-47,-76],[-292,29],[339,47]],[[448868,962037],[47,-75],[-774,0],[727,75]],[[442044,964397],[45,-75],[-402,0],[357,75]],[[453026,968136],[5894,-590],[2529,-1010],[188,-345],[-343,-99],[405,-94],[-280,-199],[527,-297],[-2403,-906],[-5213,-491],[-1039,-420],[232,-369],[2466,-321],[-667,-368],[-5397,0],[-62,-292],[-2112,-199],[-1984,-1081],[-1924,99],[-170,269],[340,100],[-837,47],[-125,344],[280,100],[-465,146],[649,245],[-1394,491],[1659,713],[620,-491],[995,298],[247,-397],[667,123],[-125,344],[-1534,-70],[-173,269],[1088,198],[-2264,439],[1022,297],[-170,269],[-1489,-292],[-1597,217],[527,396],[-467,199],[312,245],[1534,217],[977,-514],[-542,-369],[1475,123],[-465,198],[277,246],[-527,146],[-63,246],[280,99],[-1349,321],[295,170],[-358,122],[5135,713],[-170,368],[-1179,0],[-125,298],[6392,99]],[[603609,949622],[-44,-75],[-295,23],[44,76],[295,-24]],[[572725,964496],[3521,-1010],[-295,-170],[5894,-198],[1862,-590],[3973,-392],[480,-368],[-775,-99],[543,-321],[1489,0],[1427,-689],[1426,99],[-667,-269],[2466,-321],[2731,491],[2297,-194],[852,-222],[-340,-146],[480,-222],[5150,392],[10177,0],[125,-297],[1162,-123],[-1084,-392],[1146,-293],[-712,-198],[403,-99],[-343,-245],[420,-222],[1165,23],[-793,567],[3598,-491],[1862,198],[560,-396],[3041,-95],[-295,-373],[774,-47],[-294,-269],[3413,0],[-667,-274],[774,-146],[-339,-99],[339,-246],[-2216,-222],[727,-122],[-402,-95],[402,-250],[-712,-146],[295,-269],[-992,0],[292,-175],[-340,-94],[3086,-123],[48,-373],[-343,-194],[3274,-618],[994,297],[2419,-391],[420,-222],[-295,-269],[1102,-123],[-1102,-274],[1597,-713],[-340,-245],[417,-321],[2606,689],[7944,-883],[372,293],[3041,-193],[122,-298],[3834,-812],[-343,-99],[48,-368],[3351,-99],[932,-685],[2606,-495],[417,-369],[-1537,-613],[-1054,0],[-78,-368],[-339,-48],[339,-151],[-789,-415],[-4965,-1577],[-8748,-982],[-2982,0],[-2713,614],[343,146],[-405,52],[0,543],[342,95],[-420,321],[358,170],[-715,51],[342,246],[-855,514],[-1114,199],[1427,198],[3211,-373],[-1287,567],[-2654,221],[1847,468],[-2544,-199],[-932,397],[-2234,99],[-125,293],[-727,-71],[0,340],[295,127],[-2609,293],[-929,491],[-2606,-198],[-4840,594],[-1799,-297],[-1228,222],[1150,198],[-482,269],[-2791,491],[-5400,-297],[-2651,127],[1039,468],[-2606,-298],[-482,269],[777,198],[-3089,24],[-1673,491],[2606,198],[122,392],[2156,420],[-479,269],[-2794,590],[-6949,0],[-48,274],[715,194],[-1721,613],[-1862,-94],[295,170],[-2389,444],[-62,344],[309,293],[1519,245],[-402,198],[343,147],[-855,321],[-5459,99],[-420,-123],[357,-174],[-1054,0],[-63,-293],[-2359,-198],[-6576,198],[-977,514],[339,345],[-402,99],[1040,515],[-992,788],[-4468,293],[-5337,-293],[294,123],[-29,344],[711,99],[-1533,24],[-203,566],[-483,123],[-682,-99],[855,-269],[-2016,94],[2216,373],[-355,269],[1022,444],[-30,439],[2574,642],[-402,99],[-63,340],[342,52],[-62,246],[-837,245],[774,245],[-789,24],[-48,274],[1475,23],[-358,170],[1162,520],[1057,-100]],[[616658,960069],[45,-71],[-402,0],[357,71]],[[616890,961324],[-47,-75],[-295,28],[342,47]],[[628554,956311],[-44,-75],[-295,23],[47,76],[292,-24]],[[628012,957708],[48,-70],[-405,0],[357,70]],[[627887,958398],[110,-170],[-420,71],[310,99]],[[633784,959087],[45,-76],[-774,0],[729,76]],[[588657,957095],[-47,-76],[-295,29],[342,47]],[[594799,960342],[-45,-75],[-295,24],[45,75],[295,-24]],[[591386,961523],[-45,-76],[-295,24],[45,75],[295,-23]],[[592565,961617],[-339,-47],[44,75],[295,-28]],[[627455,959186],[45,-76],[-402,0],[357,76]],[[629052,959162],[-45,-75],[-295,23],[45,76],[295,-24]],[[633350,959677],[851,-170],[-2776,-618],[-682,0],[295,273],[-420,123],[-1534,-75],[1969,566],[2297,-99]],[[629796,959946],[-47,-71],[-292,24],[44,71],[295,-24]],[[673419,959455],[-47,-71],[-295,24],[47,71],[295,-24]],[[675048,963416],[5957,-496],[852,-316],[-402,-100],[45,-467],[3973,-982],[4653,-297],[-355,-170],[1147,-543],[-402,-198],[402,-340],[-402,-52],[-513,-760],[-3413,-297],[-482,-321],[0,-340],[357,-123],[-357,-175],[1102,-23],[-358,-175],[730,-23],[372,-392],[-7383,-99],[-1242,491],[-1117,-100],[357,274],[-1147,246],[340,193],[-340,151],[1147,345],[-340,193],[295,175],[-1429,0],[667,-175],[-1099,-221],[-125,490],[-2234,298],[-855,420],[357,368],[-1533,222],[354,170],[-1489,-99],[-2481,887],[-1117,-198],[-807,392],[1242,491],[5459,99],[78,467],[342,198],[-1150,789],[2344,123]],[[690808,964006],[1474,-222],[-354,-175],[354,-269],[-789,-123],[789,-368],[-402,-52],[-78,-368],[-729,123],[357,273],[-2344,-28],[295,-562],[-2666,0],[-435,491],[495,690],[1861,99],[-354,-274],[1162,-123],[47,274],[-405,94],[1227,222],[-1117,491],[1612,-193]],[[686262,963585],[-44,-70],[-295,23],[48,71],[291,-24]],[[617340,963906],[6204,-490],[6639,292],[4903,-1081],[-295,-368],[1662,-519],[2419,-392],[8625,198],[2979,-590],[6639,-99],[435,-198],[-15,-269],[-715,-147],[0,-443],[372,-293],[4328,-718],[498,-490],[-420,-123],[357,-71],[-357,-222],[405,-146],[-405,-99],[854,-619],[4653,99],[497,-490],[2279,-416],[-727,-274],[5025,298],[2421,-397],[-1599,-713],[1150,-146],[-1228,-415],[-3785,193],[-435,-392],[357,-221],[-44,-270],[-2282,170],[0,-439],[1102,-420],[-3413,199],[-15,-468],[-778,-52],[1895,-590],[-792,-561],[-3351,0],[-435,-298],[-1969,713],[295,269],[-1552,99],[-1102,-123],[343,-99],[-48,-368],[-1427,-99],[-1924,297],[-929,590],[-2234,194],[-125,297],[-1474,-75],[342,198],[15,467],[2234,293],[420,-123],[-295,-269],[1054,0],[1224,368],[-4637,520],[-480,222],[-32,339],[-775,151],[-32,345],[-1582,538],[-78,368],[-7011,590],[-855,321],[295,175],[-1099,217],[712,246],[-1147,250],[340,94],[-45,468],[-4220,-293],[-1242,293],[312,198],[-357,175],[1891,391],[-730,24],[-122,293],[-2668,-95],[729,368],[-482,321],[-1862,-198],[-1301,491],[1117,297],[-5895,95],[-1289,420],[729,368],[-1489,99],[-1427,689],[-3041,0],[-992,591],[-2793,391],[3103,99]],[[639554,961546],[47,-75],[-777,0],[730,75]],[[641585,967225],[-45,-76],[-294,29],[339,47]],[[667105,969708],[1924,-198],[-357,-170],[777,-298],[-3196,-1128],[354,-175],[-2341,-415],[775,-245],[-402,-52],[-30,-638],[-715,-443],[343,-147],[-1537,-321],[357,-170],[-405,-99],[405,-99],[-730,-23],[-125,-298],[-13897,-99],[-2175,788],[-6886,1180],[870,397],[3163,293],[3538,-99],[417,269],[-1146,198],[1906,519],[420,316],[-402,246],[479,123],[10797,396],[125,392],[6455,297],[1239,-297]],[[686590,963906],[915,-75],[-1210,-99],[295,174]],[[687892,964199],[855,76],[-1600,-170],[745,94]],[[679638,965478],[3849,0],[-295,-170],[342,-99],[-4328,-222],[-3273,421],[3705,70]],[[679501,965653],[-47,-76],[-295,24],[47,76],[295,-24]],[[681190,965478],[-417,175],[1597,24],[-1180,-199]],[[682867,965969],[667,-71],[-2326,0],[1659,71]],[[683114,966267],[48,-76],[-778,0],[730,76]],[[670643,969019],[45,-71],[-774,0],[729,71]],[[631300,960069],[111,-170],[-420,71],[309,99]],[[630124,960267],[45,-76],[-403,0],[358,76]],[[625763,960536],[-342,-47],[47,75],[295,-28]],[[626895,960857],[48,-75],[-405,0],[357,75]],[[622055,961546],[48,-75],[-405,0],[357,75]],[[623220,961815],[-48,-75],[-295,28],[343,47]],[[618829,961839],[45,-71],[-402,0],[357,71]],[[619619,961815],[-45,-75],[-295,28],[340,47]],[[620754,961938],[807,198],[-295,-368],[417,-123],[-3646,369],[2282,321],[435,-397]],[[616408,962037],[48,-75],[-403,0],[355,75]],[[616021,962113],[-45,-76],[-295,24],[45,75],[295,-23]],[[621978,962212],[-48,-76],[-292,24],[45,75],[295,-23]],[[620691,962726],[45,-75],[-340,0],[295,75]],[[615479,963019],[44,-71],[-402,0],[358,71]],[[618579,963906],[48,-75],[-402,0],[354,75]],[[599034,970298],[48,-76],[-777,0],[729,76]],[[628572,967739],[45,-70],[-340,0],[295,70]],[[632108,978360],[2156,-514],[-667,-666],[1924,-94],[1614,293],[122,292],[3229,-94],[4280,-1180],[7431,-1110],[-357,-368],[4081,-23],[-2776,-567],[2481,-292],[2731,490],[15,369],[435,297],[727,24],[1367,-888],[4080,-760],[-5820,-713],[-5150,-99],[-1736,-491],[-6827,-297],[-8935,-2360],[-2294,-194],[-420,-321],[30,-344],[-774,-52],[402,-246],[-480,-217],[-2668,0],[-6083,-1086],[-1968,222],[-15,269],[1179,99],[-1289,468],[1522,590],[-1972,321],[-480,321],[340,146],[-852,321],[-5150,-198],[-870,-491],[-2359,99],[-4777,-496],[-867,-391],[-8938,689],[-60,491],[3458,613],[-2466,369],[730,321],[-420,174],[387,368],[1102,24],[420,566],[-1599,123],[-1612,-396],[-3398,519],[792,-24],[-420,369],[855,221],[2293,100],[-15,368],[-402,94],[775,52],[-977,666],[-730,23],[-15,269],[1924,-198],[2791,689],[203,-661],[1286,-221],[3167,193],[1054,-689],[3103,198],[2666,-689],[4036,-392],[480,-123],[140,-566],[6019,-99],[4158,-685],[417,170],[-1209,99],[2823,293],[-836,345],[-575,764],[-1490,100],[-619,490],[-2839,713],[1147,99],[435,293],[-92,836],[1161,-71],[-357,170],[405,198],[-2157,415],[-2403,-170],[1147,293],[-1210,246],[1582,245],[-402,151],[774,246],[-402,245],[774,146],[-402,147],[417,122],[-2156,468],[2838,28],[918,-123],[-730,-273],[682,0],[929,490],[6083,0]],[[625903,973248],[170,-170],[-402,0],[232,170]],[[624849,975708],[107,-175],[-339,0],[232,175]],[[603749,974329],[48,-71],[-402,0],[354,71]],[[607785,974527],[45,-75],[-775,0],[730,75]],[[603687,974627],[47,-76],[-774,0],[727,76]],[[624104,975708],[45,-76],[-402,0],[357,76]],[[623297,975807],[45,-76],[-402,0],[357,76]],[[727235,908734],[1471,-316],[-712,-199],[652,-245],[-714,-52],[714,-146],[-2591,-515],[-2403,321],[711,293],[-652,146],[1460,444],[-295,170],[2359,99]],[[704011,910136],[-295,-24],[-47,76],[295,23],[47,-75]],[[703219,910310],[-232,71],[280,0],[-48,-71]],[[715008,916504],[2296,99],[1180,-491],[5894,-590],[78,-368],[652,-345],[-340,-151],[977,-24],[45,-269],[-339,-198],[649,-47],[-712,-246],[1039,-321],[-729,-316],[280,-151],[-343,-47],[0,-345],[280,-99],[-977,-23],[605,-175],[-1832,-737],[357,-169],[-729,-321],[280,-246],[-1829,-637],[339,-99],[-339,-99],[295,-175],[-7819,-784],[-497,-495],[-2171,-392],[-4453,812],[1084,491],[-417,269],[-3041,297],[-6702,1473],[295,175],[-342,99],[342,99],[-1334,439],[280,99],[-295,175],[357,122],[0,345],[-980,-175],[-432,199],[355,170],[-712,51],[2839,567],[-295,269],[4637,1005],[-232,175],[792,222],[1659,-76],[-604,369],[1673,-100],[5960,888],[2976,-198]],[[691120,911684],[480,-269],[-1769,-491],[1102,-812],[932,0],[727,-514],[-1037,-666],[3783,-99],[2547,-689],[-2842,-317],[1412,-174],[-804,-293],[-3041,-99],[-2112,392],[-432,396],[354,217],[-339,246],[357,123],[-357,174],[339,99],[-1349,123],[-435,491],[-1054,198],[-6392,-396],[-3163,297],[2791,194],[-605,373],[2407,23],[-295,170],[1721,123],[3724,1180],[1301,-99],[1180,396],[869,-297]],[[695570,912987],[-292,-24],[-47,76],[295,23],[44,-75]],[[695153,913062],[-232,76],[277,0],[-45,-76]],[[672940,917882],[-236,76],[280,0],[-44,-76]],[[696628,912841],[-48,-170],[-310,94],[358,76]],[[706072,918864],[236,-170],[-2886,-99],[62,344],[789,222],[1799,-297]],[[733376,921323],[2157,-514],[-295,-274],[977,-24],[-30,-538],[340,-52],[-60,-538],[-4641,71],[-3892,1402],[3026,566],[2418,-99]],[[696083,925751],[47,-75],[-715,0],[668,75]],[[693649,926955],[-295,-24],[-47,71],[294,24],[48,-71]],[[673729,934819],[-295,-24],[-45,76],[295,24],[45,-76]],[[674846,934918],[-295,-23],[-45,75],[295,24],[45,-76]],[[676740,935064],[355,-70],[-727,-76],[372,146]],[[736140,933502],[-32,-85],[-295,28],[327,57]],[[712574,941999],[-294,-24],[-48,76],[295,23],[47,-75]],[[697262,942764],[-605,-123],[343,-151],[-420,-222],[-1040,222],[1225,566],[667,-222],[-170,-70]],[[697432,943080],[-292,-24],[-48,76],[295,23],[45,-75]],[[785935,953385],[3848,-199],[1117,-297],[-48,-368],[343,-95],[-778,-198],[1785,-713],[729,76],[-125,-444],[-402,-99],[1334,-736],[-405,-100],[-184,-590],[339,-245],[-402,-99],[1412,-812],[667,-24],[-465,-245],[650,-491],[-745,-2658],[-837,-146],[652,-491],[-402,-99],[340,-99],[-402,-199],[277,-146],[-2094,-713],[-1054,0],[-248,-391],[-3645,-1110],[357,-368],[1040,-24],[-358,-368],[977,-122],[-402,-199],[340,-99],[-403,-193],[277,-246],[-2960,-28],[295,-170],[-2097,-614],[-2481,194],[-992,-491],[-1427,0],[-1799,-788],[-2981,-293],[-137,-467],[-1212,-345],[-1365,-1227],[605,-24],[1427,-987],[1739,0],[727,-368],[-6809,-713],[-107,-169],[1409,-128],[357,-368],[-1412,-1105],[-1054,-99],[-1364,-883],[-1987,-495],[-3660,-586],[-7384,1081],[-1740,-99],[-804,491],[-435,-392],[-1364,0],[1099,369],[-1349,221],[232,-273],[-667,-24],[-2171,491],[-435,491],[-1349,321],[-15,368],[-1055,0],[495,298],[2156,23],[-354,269],[-3664,-193],[-1054,292],[-435,491],[-5522,-193],[-1597,-321],[340,-99],[-292,-170],[1302,-199],[-5025,-1279],[-7387,-491],[-1674,-689],[-1736,-99],[-372,396],[77,562],[340,52],[-340,246],[295,122],[-1305,199],[-497,490],[-1799,591],[-1412,122],[405,99],[-47,369],[-1365,99],[-3335,1104],[402,99],[-340,100],[0,344],[340,47],[-340,246],[2279,613],[854,713],[-2141,1081],[-30,444],[-280,52],[0,736],[402,147],[33,443],[1147,345],[-1412,566],[1537,317],[0,344],[-358,123],[420,368],[-342,52],[30,543],[-402,94],[402,99],[-340,199],[1582,1227],[-280,246],[342,198],[-342,99],[342,47],[93,444],[1149,245],[93,543],[434,392],[2651,514],[1290,713],[-792,567],[-667,23],[-15,373],[-1102,269],[1474,24],[619,590],[1102,123],[-357,269],[435,198],[8191,883],[1736,495],[2606,0],[1615,-396],[3723,0],[420,-222],[-405,-340],[792,-123],[1862,293],[1179,-198],[-357,-170],[420,-222],[3395,-24],[-3506,-198],[730,-467],[1102,75],[-1149,-198],[1039,-170],[6145,982],[5894,491],[1427,-194],[619,586],[295,-24],[15,-467],[1057,198],[310,-293],[435,293],[60,-293],[685,0],[-295,170],[402,293],[-1084,99],[1471,24],[-1039,373],[1289,222],[2234,94],[417,-123],[-357,-269],[1057,0],[2046,590],[3723,-689],[620,491],[1165,123],[-340,151],[480,316],[1242,198],[682,-198],[-1227,-269],[5757,1156],[6949,100]],[[745106,949939],[44,-71],[-1519,0],[1475,71]],[[747137,950160],[745,52],[-1147,-151],[402,99]],[[746330,950160],[-295,-23],[-45,75],[295,24],[45,-76]],[[695278,941777],[170,-269],[-2266,-543],[-60,-1029],[1084,-345],[-852,-467],[-7818,883],[1983,887],[2669,590],[5090,293]],[[695278,953776],[1597,-222],[-1519,-99],[667,-70],[-295,-274],[727,-222],[-1162,-368],[1224,-217],[1475,613],[-1087,293],[420,274],[1102,-222],[29,-345],[715,-344],[-62,-444],[-343,-47],[343,-151],[-343,-194],[1087,-444],[-29,-542],[402,-95],[-1210,-344],[340,-251],[-712,-146],[-95,-637],[-417,-321],[-1987,-491],[-4902,-99],[-5957,-1671],[-4900,99],[-2344,713],[295,170],[-2297,396],[-8003,194],[-2794,887],[63,784],[5710,594],[-295,170],[3023,1204],[420,222],[-343,146],[855,420],[3473,690],[3786,-100],[8751,690],[4592,-199]],[[671016,957708],[417,-269],[-712,0],[295,269]],[[670643,957808],[-682,-194],[-435,293],[1117,-99]],[[744096,950557],[-295,-24],[-45,71],[295,24],[45,-71]],[[749928,950656],[-292,-28],[-48,75],[340,-47]],[[750363,950802],[-45,-75],[-357,24],[402,51]],[[754583,950751],[-295,-24],[-47,75],[294,24],[48,-75]],[[737409,929485],[0,-198],[-682,99],[682,99]],[[752162,930986],[-340,47],[295,29],[45,-76]],[[744343,933148],[-292,-24],[-47,76],[294,24],[45,-76]],[[790263,940427],[-340,47],[295,28],[45,-75]],[[821352,943623],[-48,-76],[-357,28],[405,48]],[[845490,944760],[-295,-33],[-48,76],[343,-43]],[[807949,948589],[-295,-24],[-48,76],[295,23],[48,-75]],[[805914,949646],[-59,-198],[-313,99],[372,99]],[[748501,951341],[-295,-24],[-44,76],[294,23],[45,-75]],[[759796,951341],[-295,-24],[-48,76],[295,23],[48,-75]],[[770718,951539],[-295,-24],[-48,76],[295,23],[48,-75]],[[772019,952228],[-339,47],[295,29],[44,-76]],[[806349,949939],[48,-71],[-715,0],[667,71]],[[812911,954343],[-45,-76],[-357,24],[402,52]],[[892913,956236],[45,-76],[-712,0],[667,76]],[[865794,969510],[4221,99],[7368,-812],[-357,-170],[4718,99],[-357,-175],[1102,76],[-483,-368],[1087,-147],[-482,-373],[3228,199],[170,269],[-342,99],[792,123],[667,-317],[-92,-349],[354,-217],[3896,-812],[-1272,-198],[1022,-345],[-1394,-392],[1784,-222],[-48,-269],[1040,-420],[682,99],[-203,-566],[-837,-194],[1397,-250],[-464,-193],[357,-175],[1099,-71],[-899,-146],[295,-175],[-1490,99],[-107,-174],[1147,-95],[-1829,-443],[292,-175],[-2404,-24],[343,-146],[-468,-99],[1087,-146],[-155,-444],[280,-99],[-1271,-246],[-251,-538],[653,-198],[-653,-491],[1662,-420],[-17,-269],[-465,-47],[280,-251],[-402,-99],[339,-94],[-542,-123],[-992,94],[0,298],[-792,-175],[2094,-316],[-357,-175],[714,-47],[-169,-368],[-668,123],[-17,269],[-1117,-194],[-745,392],[-682,-99],[545,467],[-980,515],[-2356,-194],[417,170],[-3023,222],[295,-170],[-900,-198],[712,-199],[-837,-47],[2282,24],[2231,-689],[1429,99],[-47,-368],[309,-199],[1102,-222],[1102,29],[-652,193],[358,76],[3395,-420],[-527,-293],[280,-146],[-837,-151],[339,-99],[-107,-170],[-2046,-199],[1117,-292],[1114,198],[-480,-373],[653,-193],[-2467,-321],[977,-270],[-1536,-23],[667,-175],[-1272,-146],[217,-444],[-1397,-344],[343,-100],[-527,-292],[277,-246],[-1394,-443],[604,-269],[-2856,-397],[298,-170],[-840,-198],[715,-99],[-1335,-246],[-125,-344],[295,-123],[-1861,99],[295,-170],[-1103,-519],[-556,198],[-1040,-415],[-188,-444],[280,-198],[-729,-24],[-310,-392],[-3414,-788],[-2293,-99],[-6705,-1869],[-1861,0],[-5460,-982],[-7258,0],[-3476,-789],[-12224,-193],[-482,-123],[232,-274],[-11789,-1279],[-745,590],[-2606,788],[-62,392],[-1302,199],[0,391],[-2094,420],[837,199],[-1087,193],[420,368],[-1736,100],[-1103,420],[358,170],[-667,23],[837,198],[-358,369],[-1861,-194],[357,123],[-295,170],[745,0],[-4033,491],[-372,396],[-1412,123],[774,94],[-712,100],[403,198],[-340,146],[402,52],[-342,146],[405,48],[-343,99],[-15,368],[-2234,0],[185,396],[4965,1275],[700,765],[1331,538],[-339,151],[1707,538],[-343,146],[405,52],[155,444],[1224,222],[265,562],[2201,835],[-294,175],[3583,1303],[-727,169],[8375,496],[-232,170],[3026,713],[5213,392],[977,321],[-653,198],[483,269],[2853,392],[2419,788],[3601,293],[542,274],[-653,391],[837,99],[-649,246],[92,345],[-714,146],[467,99],[-342,198],[92,246],[-1334,538],[527,444],[-959,490],[1287,321],[247,392],[1552,99],[-295,175],[2654,614],[604,415],[-342,151],[899,147],[-339,99],[62,245],[1272,146],[-295,175],[10052,1572],[4343,0],[557,-297]],[[756150,950925],[47,-75],[-777,0],[730,75]],[[759733,950996],[-402,-47],[45,75],[357,-28]],[[759733,951147],[-295,-28],[-45,75],[340,-47]],[[758988,951194],[-44,-75],[-358,28],[402,47]],[[703389,951492],[-45,-76],[-357,24],[402,52]],[[705700,951907],[48,-71],[-775,0],[727,71]],[[701468,952374],[-48,-170],[-310,100],[358,70]],[[696130,953852],[-402,-52],[45,75],[357,-23]],[[733609,956259],[-295,-23],[-45,75],[295,24],[45,-76]],[[735223,956311],[-402,-52],[45,76],[357,-24]],[[733254,956528],[-62,-193],[-310,99],[372,94]],[[733564,956528],[-605,175],[1162,-75],[-557,-100]],[[773261,952521],[-295,-24],[-47,76],[295,23],[47,-75]],[[736402,956259],[-294,-23],[-48,75],[295,24],[47,-76]],[[772222,965478],[4095,-292],[435,-496],[2588,-463],[-3008,-934],[1040,-274],[-2342,-24],[-62,-245],[712,-246],[-402,-146],[1084,-245],[-402,-345],[652,-245],[-420,-274],[358,-170],[-403,-52],[340,-146],[-977,-614],[-682,0],[-3661,-1572],[-1551,-198],[-140,-468],[-542,-321],[-3229,-783],[-480,-321],[340,-99],[-60,-246],[-729,-23],[-620,-491],[-2856,-491],[-5957,-496],[-8811,397],[-8500,982],[-1180,882],[-5710,595],[-2296,982],[6392,883],[1861,1085],[1165,24],[140,566],[3646,614],[-295,170],[4715,297],[2668,982],[3971,392],[1426,496],[3104,193],[3908,888],[3214,122],[-295,170],[7756,0]],[[776797,962160],[-295,-24],[-45,76],[295,23],[45,-75]],[[889607,958077],[-402,-48],[45,76],[357,-28]],[[885157,958889],[0,-194],[-312,94],[312,100]],[[886444,958865],[-48,-76],[-357,29],[405,47]],[[891841,961617],[-402,-47],[48,75],[354,-28]],[[777729,962604],[-48,-76],[-357,24],[48,75],[357,-23]],[[776937,962920],[0,-194],[-745,99],[745,95]],[[777541,963439],[1242,146],[-1644,-245],[402,99]],[[759423,964865],[-402,-52],[45,75],[357,-23]],[[892464,965110],[-295,-23],[-48,75],[295,24],[48,-76]],[[892895,965209],[-339,47],[295,29],[44,-76]],[[892648,965502],[-295,-24],[-44,76],[295,23],[44,-75]],[[890974,966880],[-342,48],[295,28],[47,-76]],[[889297,967570],[-294,-24],[-45,71],[292,23],[47,-70]],[[888678,967914],[-48,-75],[-357,23],[47,76],[358,-24]],[[885139,968112],[-44,-75],[-358,23],[402,52]],[[885574,968160],[-339,47],[292,28],[47,-75]],[[734478,956750],[-295,-23],[-47,75],[295,24],[47,-76]],[[733361,956897],[-402,-48],[45,76],[357,-28]],[[733734,956948],[-295,-23],[-48,71],[295,23],[48,-71]],[[714746,967763],[-295,-24],[-48,76],[295,24],[48,-76]],[[717972,967862],[-1520,250],[1103,24],[417,-274]],[[721462,968235],[233,-175],[-1350,-321],[-1906,222],[2154,468],[869,-194]],[[715616,968112],[-48,-75],[-358,23],[48,76],[358,-24]],[[720515,968504],[-45,-75],[-357,23],[402,52]],[[706570,969708],[8006,-491],[1924,198],[1302,-396],[682,0],[-295,273],[357,24],[435,-198],[-372,-298],[1552,-94],[-2544,-297],[-1861,297],[-1305,-297],[682,-293],[-1489,0],[-1302,392],[-9185,99],[-3211,415],[855,666],[5769,0]],[[703576,969831],[-342,47],[295,28],[47,-75]],[[738032,974627],[-730,-175],[1969,-222],[187,491],[2481,99],[2297,-293],[-1987,-198],[-122,-392],[1239,-396],[1117,99],[2344,-859],[-420,-123],[358,-170],[-837,-245],[712,-250],[-1210,-48],[402,-99],[-107,-170],[-4033,-396],[-9680,1378],[-4777,0],[354,170],[-1906,222],[-435,491],[2171,595],[9433,491],[-357,170],[482,122],[1055,-292]],[[699806,979347],[5772,-297],[417,-269],[-2031,-222],[1986,-199],[-357,-269],[1954,-344],[-45,-269],[-1599,-175],[777,-245],[-357,-170],[2776,-713],[-417,-269],[354,-175],[-417,-123],[372,-590],[-3848,-981],[-6082,-397],[-9802,1081],[354,274],[-1209,99],[1272,392],[-2031,-76],[-15,567],[-778,146],[778,297],[-358,269],[358,175],[-343,99],[405,95],[-405,99],[837,146],[-402,345],[1596,222],[126,297],[2111,590],[1114,-99],[560,491],[3786,292],[2791,-94]],[[744608,974820],[48,-269],[-343,0],[295,269]],[[738946,974697],[-402,-47],[45,71],[357,-24]],[[745585,974896],[-45,-76],[-357,28],[402,48]],[[737767,975042],[-295,-24],[-45,76],[292,24],[48,-76]],[[778286,964865],[-45,-76],[-357,24],[402,52]],[[775990,965308],[-292,-23],[-48,71],[295,23],[45,-71]],[[772579,966191],[-295,-23],[-47,75],[295,24],[47,-76]],[[750797,972290],[-339,47],[292,28],[47,-75]],[[888055,968259],[-292,-24],[-47,71],[295,24],[44,-71]],[[877881,968995],[-48,-75],[-357,28],[405,47]],[[875522,969141],[-295,-23],[-45,75],[295,24],[45,-76]],[[857901,969585],[-48,-75],[-357,28],[405,47]],[[856224,969538],[-295,-28],[-47,75],[342,-47]],[[871132,969609],[110,-71],[-1087,146],[977,-75]],[[871799,969783],[-45,-75],[-357,23],[44,76],[358,-24]],[[863236,969731],[-295,-23],[-45,75],[292,24],[48,-76]],[[859155,969807],[48,-76],[-775,0],[727,76]],[[793134,984167],[44,-76],[-402,0],[358,76]],[[797042,984757],[110,-76],[-405,0],[295,76]],[[787361,987410],[8564,-1081],[2344,-864],[-2035,-807],[-1596,70],[774,-193],[-837,-99],[775,-99],[-480,-170],[-3660,193],[-498,-293],[-4840,1081],[-1986,0],[1289,468],[-715,146],[33,246],[-405,99],[405,99],[-715,245],[358,170],[-1165,29],[188,538],[479,222],[3723,0]],[[709423,976789],[560,-100],[-852,-75],[292,175]],[[709113,976987],[48,-76],[-402,0],[354,76]],[[708247,977086],[107,-76],[-402,0],[295,76]],[[707067,977279],[45,-70],[-402,0],[357,70]],[[705515,978559],[48,-76],[-342,0],[294,76]],[[701917,999999],[2669,0],[4280,-788],[-357,-269],[1209,-491],[-899,-250],[840,-95],[14,-274],[-482,-316],[-30,-345],[-465,-51],[403,-147],[-1707,-344],[777,-100],[-32,-637],[405,-198],[-793,-24],[358,-269],[-1909,-911],[-4778,-491],[-8501,99],[-125,-297],[-8935,491],[-2297,-883],[-2046,-297],[-125,-293],[-1614,0],[-557,-396],[-1737,-194],[-3291,590],[-914,321],[357,170],[-792,24],[405,344],[-837,147],[837,99],[30,642],[482,222],[1224,-76],[140,661],[1165,127],[-777,293],[405,99],[-405,293],[405,245],[-2529,222],[-995,491],[-2978,496],[2546,392],[122,292],[7881,689],[1180,-94],[125,-297],[5954,-100],[1492,591],[1177,0],[-355,174],[480,123],[1614,-99],[3661,689],[8625,0]],[[654756,971478],[48,-75],[-402,0],[354,75]],[[655751,974527],[170,-269],[-403,0],[233,269]],[[656293,974598],[-343,-47],[48,76],[295,-29]],[[656680,975018],[48,-75],[-778,0],[730,75]],[[635023,977969],[48,-76],[-774,0],[726,76]],[[669836,969217],[45,-76],[-402,0],[357,76]],[[670208,969609],[0,-194],[-744,95],[744,99]],[[671945,983081],[-372,-194],[-373,99],[745,95]],[[677902,988198],[110,-175],[-420,76],[310,99]],[[636763,977577],[45,-76],[-402,0],[357,76]],[[656168,978927],[-45,-71],[-295,24],[45,71],[295,-24]],[[648614,980329],[45,-76],[-402,0],[357,76]],[[635956,981311],[107,-71],[-402,0],[295,71]],[[658557,985861],[5012,-519],[45,-269],[-417,-222],[417,-170],[-402,-297],[3830,-1303],[9558,-491],[417,-123],[-354,-170],[1301,-198],[3167,-198],[3350,-784],[78,-368],[804,-496],[1227,-415],[-435,-198],[358,-368],[-1722,-912],[-3601,-193],[-3473,-689],[-7756,-199],[-12039,1280],[-482,222],[405,146],[-778,146],[295,175],[-2046,491],[-3708,321],[357,170],[-4468,198],[295,-175],[-1971,-217],[-1799,491],[-5770,95],[-1290,420],[295,174],[-1161,123],[2466,467],[-1242,392],[2838,-75],[-44,269],[-730,75],[1147,836],[-402,344],[774,199],[-1287,321],[930,292],[4470,199],[3411,-397],[5027,689],[1287,420],[78,369],[3738,122]],[[637570,981901],[107,-170],[-342,0],[235,170]],[[636763,982198],[45,-75],[-340,0],[295,75]],[[669464,993801],[107,-71],[-402,0],[295,71]],[[689694,989279],[1921,-888],[-1364,-590],[-3849,-684],[-7925,415],[420,175],[-420,217],[402,151],[-355,123],[1984,94],[1427,689],[7759,298]],[[671573,993017],[110,-75],[-405,0],[295,75]],[[682867,993608],[45,-76],[-402,0],[357,76]],[[685473,994098],[45,-75],[-402,0],[357,75]],[[668409,998229],[727,-76],[-837,-99],[110,175]],[[787549,989472],[914,-70],[-542,-321],[-1179,297],[807,94]],[[804488,989180],[47,-76],[-405,0],[358,76]],[[828194,993017],[5894,-297],[432,-392],[5090,-788],[-420,-175],[2699,-1572],[-959,-344],[712,-345],[-3274,-1496],[-5334,-689],[-15080,198],[-9371,1175],[-789,321],[92,345],[-1087,444],[-325,467],[-1242,-297],[-5831,495],[-1228,316],[468,199],[-420,269],[-2418,0],[416,174],[-339,48],[92,443],[-777,246],[468,99],[-358,170],[7369,321],[-730,269],[5400,-293],[2171,95],[248,396],[1304,99],[7074,-396],[2419,495],[7634,0]],[[795490,991540],[47,-76],[-402,0],[355,76]],[[563975,960758],[110,-71],[-343,0],[233,71]],[[559182,964473],[435,-99],[155,-642],[402,-194],[-2279,-222],[-854,222],[-63,246],[343,47],[-63,345],[-465,146],[417,274],[1972,-123]],[[557770,964690],[108,-71],[-340,0],[232,71]],[[568055,970964],[-1209,-52],[417,273],[792,-221]],[[588547,961740],[48,-71],[-405,0],[357,71]],[[589229,961839],[110,-71],[-342,0],[232,71]],[[576014,963906],[107,-75],[-340,0],[233,75]],[[567760,971185],[-604,170],[1209,0],[-605,-170]],[[566768,971086],[45,-75],[-402,0],[357,75]],[[560251,973739],[111,-75],[-343,0],[232,75]],[[560794,975387],[2436,-170],[-667,-274],[405,-47],[-343,-147],[402,-52],[96,-344],[837,-246],[-653,-391],[405,-100],[93,-443],[977,-416],[1164,71],[-667,-269],[1969,-170],[-2714,-222],[-622,392],[-682,-99],[295,274],[-1769,439],[342,198],[-402,99],[295,269],[-1552,0],[295,274],[-1662,217],[295,175],[-730,23],[-682,690],[1179,490],[1660,-221]],[[559879,973937],[48,-75],[-405,0],[357,75]],[[560189,974037],[110,-76],[-342,0],[232,76]],[[560189,975807],[48,-76],[-775,0],[727,76]],[[563480,975906],[45,-76],[-775,0],[730,76]],[[558950,976000],[44,-71],[-402,0],[358,71]],[[556111,976076],[402,-147],[-357,-23],[-45,170]],[[578247,978266],[480,-123],[-402,-151],[402,-47],[-340,-245],[403,-100],[-1475,-321],[-2713,614],[1659,467],[1986,-94]],[[579055,978360],[44,-70],[-402,0],[358,70]],[[577315,978559],[48,-76],[-402,0],[354,76]],[[577625,978658],[110,-76],[-342,0],[232,76]],[[583522,979541],[295,-71],[-405,0],[110,71]],[[124340,57920],[-241,-3432],[2171,-2044],[605,-1057],[-1454,-1317],[2392,-2644],[807,-1411],[164,-1454],[-1397,-3144],[456,-1189],[2415,-1549]],[[130258,38679],[218,-1940],[-122,-1718],[-554,-2115],[-3506,-1336],[-4438,-4092],[-17382,-7879],[-4242,-3752],[-1227,-1445],[-1114,-4612],[763,-3365],[-182,-996],[1016,-1756]],[[99488,3673],[-2276,-548],[-2541,283],[-1697,3290],[-1409,1105],[-3994,524],[-1379,864],[-480,1185],[831,1907],[247,1609],[-998,1506],[-1700,-1369],[-900,-1425],[-2281,538],[-2079,1288],[1141,1936],[414,1506],[-310,1071],[414,859],[-661,831],[-939,2120],[-1358,613],[-2049,-61],[-1817,1553],[655,2011],[-4205,4753],[-149,2063],[-2428,2337],[1070,3516],[-465,2030],[131,2332],[-325,2162],[486,2120],[3982,3526],[179,991],[-2374,1855],[1096,1317],[-357,1303],[464,1260],[1171,836]],[[72598,59270],[7264,-3248],[2708,2549],[1528,619],[1492,-241],[1686,-1681],[134,-962],[884,-534],[2091,52],[548,1874],[-372,1548],[506,1015],[1043,694],[2734,104],[161,1232],[-369,1548],[286,2700],[6642,2597],[2865,467],[1328,-1477],[2645,-1624],[763,-911],[649,-1289],[6,-1341],[1290,-1241],[295,-1072],[65,-1822],[2305,-1657],[817,-1402],[2358,-807],[3664,3064],[2070,269],[1656,-373]],[[155299,175601],[2951,61]],[[158250,175662],[778,1345]],[[159028,177007],[694,-1590],[1304,-1473],[852,-420],[2296,689],[5275,-1770],[7259,-99],[622,-491],[495,491],[995,99],[2356,-1671],[172,170],[-1584,1133],[527,146],[-1394,496],[2157,-373],[667,-416],[-590,-245],[1349,-420],[1552,-99],[1552,590],[2341,-218],[-30,-1430],[277,-245],[-170,-170],[-4202,23],[3583,-122],[2901,-812],[-155,-246],[402,-543],[-62,-1029],[-420,-420],[-1162,-170],[1397,-151],[494,-783],[-169,-1058],[232,-269],[-542,-420],[-1614,-198],[-2172,396],[-1164,-618],[-263,-661],[295,-1109],[-169,-562],[122,-1279],[357,514],[-30,1624],[340,345],[-542,566],[575,859],[3893,-269],[914,317],[497,1279],[-187,934],[-465,642],[590,1374],[-188,444],[-682,788],[-2016,637],[155,1426],[-495,689],[-1909,321],[-2419,-689],[-4345,1572],[-3101,-491],[-1242,198],[-1987,982],[-6948,198],[-1910,1105],[-527,1326],[-992,1379],[-2067,306],[9254,416]],[[169857,178452],[9296,-562],[849,6665],[3845,194]],[[183847,184749],[5377,-1393],[9203,-1236],[5326,-1190],[12870,-1525],[5164,-1609],[6818,-3597],[10294,-4022],[1611,-1039],[417,-1666],[-2085,-4239],[-1825,-1841],[-2848,-2110],[-4369,-2516],[59,-1199],[4090,-2657],[929,-1535],[-420,-2058],[-1445,-2081],[-2207,-7407],[-1140,-1114],[-2723,-71],[-917,-1959],[-89,-1572],[-2270,-1992]],[[223667,133121],[-6067,2110],[-3452,855]],[[214148,136086],[-1519,-170],[-4006,-6410],[-4066,-2441],[-3050,-4701],[-1326,-298],[-4986,1378],[-3705,-2204],[623,-1548],[71,-963],[-2639,-4952],[-1733,-1407],[-200,-1704],[-706,-1605],[-2430,-3011],[-602,-2818]],[[183874,103232],[-4861,2445],[-3056,2643],[-577,2875],[-2916,2761],[-11608,2535],[-2150,-245],[-3068,552],[2585,9672],[2902,1369],[-316,3347],[381,6750],[903,4848],[-1963,963],[470,5769],[1412,6991],[2493,8355]],[[164505,164862],[-12110,1779]],[[152395,166641],[2466,7614],[438,1346]],[[159468,173793],[-303,920],[-751,71],[-1126,-552],[241,-708]],[[157529,173524],[1597,-52],[342,321]],[[172568,172764],[0,47],[92,0],[0,-47],[-92,0]],[[172613,173429],[1536,-764],[-2716,467],[-2544,-198],[-1349,420],[5073,75]],[[159594,177989],[2284,-236],[730,-514],[1242,-2705],[-1412,-713],[-1039,24],[-1088,1723],[-652,439],[-432,1180],[367,802]],[[130258,38679],[2505,406],[3527,1327],[980,-180],[592,-1062],[2181,-963],[1775,1331],[1096,189],[2055,-1340],[3419,-656],[5904,-24],[6177,463],[3923,-1015]],[[164392,37155],[-352,-8200],[272,-2917],[1527,-2856],[471,-1685],[-36,-1345],[5534,-1917],[1716,-1624],[1087,-1657],[355,-2303],[-289,-2096],[685,-694],[1769,-529]],[[177131,9332],[-1811,-821],[-21,-1586],[1391,-1643],[-2570,-2813],[-4796,-2195],[-2936,-274],[-2860,581],[-5763,3228],[-2032,1596],[-1242,-66],[-2225,-1227],[-5194,1892],[-1695,-226],[-277,-1851],[-1706,-1571],[-2729,689],[-1861,-118],[-1612,-959],[-1242,-80],[-2228,-1001],[-2195,100],[-1826,981],[-1292,1747],[-1692,1109],[-1835,-368],[-2085,467],[-2451,-1765],[-1093,-1298],[-2535,307],[-2618,-317],[-1358,878],[-1888,109],[-1612,-2082],[-4068,1284],[-2476,-193],[-3210,1827]],[[347882,29833],[-894,-99],[-828,482],[286,500],[927,312],[762,-624],[-253,-571]],[[333960,27110],[-694,-482],[-988,212],[-170,982],[602,505],[798,-70],[449,-477],[3,-670]],[[291991,27327],[291,2431]],[[292282,29758],[5886,-90],[1096,2308],[5260,-835],[1114,1581],[2550,486],[473,1336],[3035,845],[3688,3998]],[[315384,39387],[1444,841],[965,240]],[[317793,40468],[1603,-245],[10359,-4541],[2552,-505],[1624,1680],[2564,217],[6502,4532],[1320,1435],[679,1685],[205,1818],[-295,1213],[-1105,1104],[837,1322],[2815,2747],[2588,-37],[3795,2483],[1778,-156],[1763,-637],[3018,-1870]],[[360395,52713],[420,-1827],[923,-1472],[3157,-1997],[2877,-788],[781,-623],[-349,-718],[-1304,-458],[-1856,-2261],[435,-1341],[1054,-1836]],[[366533,39392],[-2141,-1529]],[[364392,37863],[-5484,-6066]],[[358908,31797],[447,-1095],[-700,-1921],[-4572,-3796],[-1141,-1071],[-175,-600],[1572,-510],[4745,-561],[2353,-892],[1081,-869],[122,-1090],[903,-1964]],[[363543,17428],[-4611,1600],[-2052,66],[-2871,-1435],[-5927,727],[354,-1846],[-1856,-1803],[-1945,-5740],[-2177,-420],[-3613,156],[-1876,500],[-2181,1473],[1293,1926],[331,963],[-1564,736],[-2532,-462],[-1417,132],[-1877,1222],[-1561,1705],[-1099,368],[-1111,-359],[-1593,-1685],[-1585,-963],[-9144,-468],[-6779,2540],[-1263,963],[1886,3885],[473,1577],[-321,722],[-3488,722],[-5391,463],[-2693,-132],[-3970,580],[608,2186]],[[317793,40468],[-2409,-1081]],[[292282,29758],[-2728,1798],[-182,1822],[134,1818],[-2731,1317],[1993,6207],[-1954,1926],[-2749,1317],[313,486],[-2416,345],[-1948,953],[-1745,-1109]],[[278269,46638],[-2389,1345]],[[275880,47983],[-310,4456],[107,2313]],[[275677,54752],[1379,3536],[5493,784],[4393,-1303],[2398,2568],[7640,-2030],[2909,977],[2434,123],[5031,-1818],[2916,-486],[3565,236],[3106,5448],[334,1940],[1635,963],[661,967],[24,3640],[1975,1931],[1150,354],[3595,-751],[18201,1133],[2151,817],[1015,1199],[-220,4125]],[[347462,79105],[5433,33],[807,-6075],[6559,-123],[1504,5547],[8590,533],[7023,-500]],[[377378,78520],[-465,-3899],[-890,-1553],[-4090,-3531],[-2141,-312],[-1207,-1548],[-1584,-2993],[-923,-2766],[-2005,-1411],[-852,-1072],[-2263,-4437],[-563,-2285]],[[377378,78520],[3160,-241],[51,4480],[-2520,2733],[4212,11513],[8360,236],[3297,4980],[25598,-3129],[-8406,-29446],[-1995,-406],[-5633,-21818],[13859,-3064],[-3547,-9021]],[[413814,35337],[-5784,2006],[-3998,270],[-8592,1496],[-11387,463],[-5093,1104],[-6086,633],[-4697,-982]],[[368177,40327],[-1644,-935]],[[267632,205887],[-1965,8728],[122,2719],[-417,2828],[8307,151],[13376,-519],[2708,859],[2350,1326],[5084,5254],[5635,161],[8167,-1025],[16340,-472],[7774,-1340],[8924,769],[7985,-321],[9838,345],[7902,1420],[21079,1572],[11935,-368]],[[402776,227974],[-105,-2591],[1013,-8063],[4444,1057],[12280,1133],[1662,-1741],[932,-3767],[8513,-11537],[3500,-2922],[5751,-1827],[3935,-184],[-4956,-15587],[-6467,1142],[-5346,1799],[-9153,1100],[-4772,-6335],[-3288,968],[-3681,495],[-7467,-467],[-2889,-6179],[-11459,-260],[337,-3266],[-1358,-2257],[-8689,1435],[-577,2427],[125,2407],[-8572,1039],[-6336,-114],[-4256,-887],[-7005,595],[-17755,-869],[-2109,-222],[-5489,-3446],[-1918,368],[-2106,-467],[-8730,1709],[-7003,-1194],[-3669,-1808]],[[300113,169658],[348,2884],[-1048,2157],[-1930,2752],[-1406,1430],[-2112,1195],[-7925,2464],[-2821,453],[-1951,1293],[-721,1190],[340,1194],[-18,1676],[-372,1666],[-2136,930],[-1763,-500],[-1775,694],[-1085,1180],[3512,2426],[1051,1204],[155,1548],[-1447,2124],[-1624,1520],[-4872,3612]],[[270513,204750],[-2881,1137]],[[267632,205887],[-12947,2823]],[[254685,208710],[-6449,80],[-405,1407],[1192,1803],[-852,3994],[-14014,-642],[-7625,1170],[-8453,-188],[-6958,-1091],[-6960,1600],[-3211,-382]],[[200950,216461],[-6014,2804],[-8205,2681],[-9124,5797],[-12560,10205],[-3136,2786],[-2812,3035],[-5865,4602]],[[153234,248371],[1898,1836],[1659,1011],[5647,491],[11354,2752],[5507,2780],[1755,1746],[1471,-28],[33,-934],[280,0],[-96,542],[343,491],[-1025,590],[3104,2261],[774,151],[-217,246],[2389,2407],[962,1818],[482,420],[1287,222],[-155,146],[188,297],[2448,1719],[1647,3195],[1549,1771],[1972,1109],[2543,491],[1924,-298],[3971,-1864],[4283,-1185],[1287,-1005],[0,-638],[-1722,-122],[-992,-1185],[1427,689],[3598,0],[1552,-392],[11914,1279],[3100,-198],[1725,-1595],[1209,-2214],[4203,-713],[2234,-788],[917,-614],[339,-637],[715,-246],[822,-1454],[-1179,-882],[-3163,-1086],[-2035,-1105],[-184,-198],[92,-637],[-899,-246],[-1770,-2214],[-527,-47],[343,-99],[155,-935],[294,175],[233,-373],[30,1232],[2838,1893],[4903,1279],[1971,907],[78,368],[867,-685],[560,591],[2359,0],[59,-298],[1165,-316],[402,-1133],[777,-444],[590,-1916],[1224,-911],[2171,-590],[668,-614],[-1519,-1671],[-126,-1034],[745,-1968],[1832,-1029],[217,-841],[218,-47],[-33,-1227],[542,-222],[295,222],[-527,1572],[280,736],[-1335,836],[-512,1156],[512,1256],[1770,1425],[-218,100],[218,1227],[-590,935],[217,542],[-715,836],[-339,1425],[-715,539],[-92,840],[-465,736],[217,784],[-217,935],[402,344],[125,836],[-217,99],[899,1326],[-29,444],[866,1869],[1460,1426],[926,1680],[5626,-1194],[1508,38],[4429,-3550],[971,-1275],[3955,-977],[12575,-2020],[5230,-2039],[2800,-1969],[4274,-1723],[2222,-207],[2052,845],[3170,613],[5170,-2322],[909,-1058],[2585,-693],[7842,2147],[2568,-1180],[13072,-7595],[5984,-2525],[8328,750],[7741,-90],[2186,-505],[1525,930],[-3663,3970],[2969,3399],[4233,2554],[4012,1718],[1581,1397],[6732,354],[4223,-911],[5618,354],[7937,-1019],[2091,-3985],[233,-3941],[-930,-6897],[1650,-6976],[-285,-6968]],[[251992,259257],[96,0],[0,-52],[-96,0],[0,52]],[[251498,276467],[92,0],[0,-52],[-92,0],[0,52]],[[181441,259011],[47,368],[355,-222],[-402,-146]],[[209412,288094],[1486,-392],[435,-491],[560,94],[1039,-807],[435,-1180],[247,-2020],[-667,-416],[-1736,590],[-3026,1601],[-1737,1472],[0,737],[867,788],[2097,24]],[[211410,287381],[155,-47],[-107,-29],[-48,76]],[[558825,474452],[-48,76],[155,0],[-107,-76]],[[567310,475954],[-154,47],[107,28],[47,-75]],[[566271,475930],[-48,71],[155,0],[-107,-71]],[[533570,480551],[-48,76],[155,0],[-107,-76]],[[536099,483478],[1674,-888],[310,-538],[-712,0],[-1877,1549],[605,-123]],[[533957,490459],[-822,123],[682,198],[295,-221],[-155,-100]],[[545097,490804],[-155,0],[0,146],[155,0],[0,-146]],[[534624,491172],[-107,76],[402,-151],[-295,75]],[[537356,491271],[-310,-99],[-497,298],[807,-199]],[[550881,491961],[995,99],[542,-468],[-2031,-122],[-730,561],[1224,-70]],[[550696,493141],[1615,-199],[1906,-811],[512,-567],[-5337,987],[-372,-199],[419,-321],[-62,-637],[-1784,-222],[-915,614],[30,543],[-1021,245],[479,269],[1055,-590],[1116,888],[2359,0]],[[538285,495303],[2466,-1992],[63,-345],[-527,-146],[402,-199],[-122,-344],[-653,-345],[233,-170],[-248,-198],[-1739,-94],[-354,415],[92,345],[-1659,-76],[-1412,1109],[977,468],[3273,-765],[-62,345],[-837,443],[155,147],[-900,443],[-62,345],[339,146],[-214,199],[122,344],[667,-75]],[[526496,485272],[-542,269],[295,122],[247,-391]],[[521221,488812],[1909,-321],[123,-538],[-155,-99],[837,-543],[-30,-444],[715,-637],[92,-444],[837,-392],[-1969,-613],[-1349,222],[-188,934],[653,345],[-233,170],[170,170],[-792,717],[-915,123],[-497,1081],[155,146],[-232,123],[869,0]],[[513355,506245],[4700,-1204],[1909,-1208],[-92,-246],[1582,-1034],[247,-292],[-93,-345],[498,-491],[1084,-444],[745,-1524],[-1037,-222],[-1817,1647],[-977,123],[-1861,987],[-310,-397],[-1349,222],[3273,-1006],[557,-396],[-667,-269],[1721,-321],[918,-515],[-95,-245],[405,-47],[140,-472],[1364,-491],[232,174],[-465,439],[126,251],[1659,-175],[232,123],[-232,273],[140,269],[417,123],[2034,-713],[-1412,-665],[697,-1157],[1209,-344],[15,-269],[-1659,-123],[125,-444],[962,-835],[-155,-246],[277,-491],[-1021,-344],[-590,-737],[-1025,-543],[837,-1326],[-527,52],[-1007,-864],[-1304,297],[-852,-420],[170,-368],[-2669,392],[-357,-316],[405,-99],[-170,-468],[-1242,491],[-1427,0],[-1721,713],[-63,245],[465,397],[-527,538],[92,444],[-310,491],[-402,146],[155,99],[-125,543],[-2824,1326],[590,539],[-402,151],[155,146],[-590,736],[92,444],[-652,246],[155,146],[-310,396],[-2156,907],[-3536,-194],[-187,-590],[-2979,99],[-1567,1350],[-1828,444],[-313,392],[155,245],[-605,713],[232,515],[-214,151],[295,321],[-235,170],[667,712],[995,0],[929,789],[2544,0],[1861,982],[2422,-199],[1534,321],[-543,959],[2359,-982],[1117,-99],[233,-123],[-30,-444],[1409,-1005],[855,122],[-310,638],[-1025,245],[155,146],[-1025,935],[730,274],[-387,661],[-402,99],[804,-47]],[[525442,501104],[667,-222],[247,-439],[-1909,859],[995,-198]],[[540814,495624],[387,-123],[-480,-175],[93,298]],[[530404,495992],[-45,75],[155,0],[-110,-75]],[[535244,496190],[48,-75],[-528,0],[480,75]],[[533198,498744],[977,-1006],[125,-642],[-1895,-99],[483,468],[-483,420],[343,245],[-777,982],[854,123],[373,-491]],[[525379,502185],[45,-71],[-402,0],[357,71]],[[526169,502213],[-108,-28],[-47,76],[155,-48]],[[524635,502383],[-48,76],[155,0],[-107,-76]],[[523890,502775],[232,-71],[-527,-99],[295,170]],[[533198,500514],[-48,76],[155,0],[-107,-76]],[[527443,501916],[1519,-883],[-792,-618],[-1721,713],[154,151],[-711,439],[914,467],[637,-269]],[[528414,504276],[4706,-3639],[-667,-222],[-992,590],[-1489,0],[-1165,713],[155,151],[-899,637],[-218,736],[-1968,1011],[2537,23]],[[527985,506315],[185,-193],[-107,-368],[1644,-543],[-155,-146],[1272,-1181],[-1102,-23],[-2359,1274],[-620,-193],[-851,812],[589,94],[-232,467],[1736,0]],[[522508,505310],[-92,-345],[402,-47],[62,-349],[-589,0],[-93,444],[-652,245],[-60,345],[1022,-293]],[[523890,506415],[1039,-614],[-154,-246],[277,-297],[-852,-217],[-1224,807],[-140,567],[1054,0]],[[511371,506344],[402,-52],[63,-345],[-527,0],[-372,642],[589,-99],[-155,-146]],[[507693,507496],[605,-515],[-155,-245],[342,-590],[-1272,490],[-247,199],[155,245],[-482,222],[1054,194]],[[609459,469538],[667,-467],[-1706,637],[1039,-170]],[[595558,470128],[48,-174],[-342,0],[294,174]],[[607738,470350],[154,-198],[-232,-123],[-855,468],[933,-147]],[[597313,471035],[1397,-491],[-2157,566],[760,-75]],[[625221,471700],[-295,269],[528,-99],[-233,-170]],[[623592,473348],[-48,-76],[-294,29],[342,47]],[[616345,573780],[-44,76],[155,0],[-111,-76]],[[613820,580884],[417,-23],[-123,-99],[-294,122]],[[594257,530904],[-48,71],[155,0],[-107,-71]],[[598725,542998],[-48,76],[155,0],[-107,-76]],[[593450,554997],[-170,76],[217,0],[-47,-76]],[[598537,555588],[-232,269],[405,-100],[-173,-169]],[[598787,555781],[-48,76],[155,0],[-107,-76]],[[594939,560601],[-48,75],[155,0],[-107,-75]],[[599469,570339],[-110,71],[155,0],[-45,-71]],[[600428,571141],[-137,57],[108,24],[29,-81]],[[529862,505456],[-78,-122],[-107,170],[185,-48]],[[527926,508185],[789,-416],[-62,-542],[-1088,590],[-309,637],[670,-269]],[[530452,508850],[-233,24],[125,99],[108,-123]],[[530079,510224],[-792,123],[313,198],[479,-321]],[[523518,508973],[-111,76],[155,0],[-44,-76]],[[523702,509464],[-44,76],[155,0],[-111,-76]],[[495779,509563],[-45,71],[155,0],[-110,-71]],[[510347,511211],[-295,-175],[-745,297],[1040,-122]],[[511044,511626],[-480,175],[295,221],[295,-221],[-110,-175]],[[476297,530999],[-111,75],[155,0],[-44,-75]],[[502093,538943],[435,-245],[-667,-321],[-807,590],[1039,-24]],[[501411,539925],[-482,-368],[-557,491],[682,297],[-107,-274],[464,-146]],[[579674,601711],[852,-321],[-959,-297],[295,-269],[2046,-194],[667,316],[-357,175],[744,0],[126,-297],[1286,-123],[-357,-467],[313,-293],[3472,-397],[295,-217],[-155,-250],[900,-345],[-155,-538],[1722,-812],[932,100],[3101,-888],[932,0],[929,491],[2731,-392],[1180,392],[2669,99],[-111,-368],[715,-439],[-405,-198],[468,-199],[-405,-99],[110,-561],[789,122],[-30,340],[340,246],[-214,198],[154,245],[-652,397],[977,217],[792,-515],[-155,-245],[587,-146],[-339,-199],[217,-146],[-837,-297],[2651,-614],[-977,-269],[1165,-321],[557,491],[991,99],[483,-222],[77,-368],[-309,-689],[1799,99],[792,-316],[-173,-175],[5898,99],[4155,-590],[3273,-1501],[-155,-246],[590,-47],[-155,-245],[715,-444],[-218,-151],[1394,-835],[-402,-293],[465,-198],[62,-439],[-217,-100],[217,-99],[-542,-1109],[-4342,-392],[-6952,-1671],[-4778,198],[-3413,-490],[560,-298],[3473,198],[2296,-396],[5400,198],[1427,-590],[1862,-198],[976,-614],[-2403,-760],[-1058,-887],[-4962,99],[-7446,-1473],[-420,-420],[218,-146],[-480,-222],[-870,590],[-1117,198],[-497,0],[-682,-595],[-2171,298],[-915,-222],[45,-368],[1986,-199],[2544,298],[2171,-789],[5091,397],[1117,684],[2665,496],[2529,-519],[-774,-491],[-155,-642],[-900,-836],[793,-1251],[-358,-420],[218,-344],[-358,-222],[233,-123],[0,-439],[-2636,-1822],[214,-444],[-774,-245],[232,-269],[-203,-269],[-2960,-515],[-1367,883],[-123,-293],[-2111,-297],[-977,514],[110,369],[-1802,198],[-232,-269],[1227,-123],[542,-566],[-3583,-911],[-1924,198],[-992,590],[-1614,0],[-373,590],[-1861,392],[-605,-269],[1707,-590],[-3569,-836],[170,-467],[1117,491],[2359,0],[-232,566],[542,321],[295,-123],[-155,-344],[590,-52],[-295,-269],[1412,-24],[-48,-274],[-727,76],[542,-566],[6455,-591],[354,-613],[-155,-147],[405,-51],[340,-737],[899,-637],[-155,-146],[310,-987],[218,-47],[-155,-345],[420,-222],[-682,-391],[-3104,490],[-3893,71],[-125,-538],[837,-344],[-92,-543],[232,-123],[-170,-170],[402,-245],[-357,-274],[235,-368],[-667,-317],[-357,515],[154,245],[-589,0],[217,-443],[-497,-685],[-590,-198],[468,-246],[247,-396],[-155,-246],[217,-47],[-154,-146],[402,-198],[-1519,-737],[277,-396],[-233,-269],[-2606,198],[-295,222],[343,292],[-465,590],[155,152],[-590,47],[107,170],[-4265,-24],[3274,-269],[977,-765],[-417,-316],[-933,194],[15,-269],[3631,-1034],[-357,-368],[232,-270],[-340,-146],[218,-151],[-358,-514],[310,-590],[-247,-293],[-1924,0],[-870,-397],[-929,199],[-1117,-397],[-1305,297],[-2108,-590],[-977,222],[107,170],[-2404,-23],[3646,-760],[1054,491],[2731,-888],[852,467],[-1209,100],[2201,99],[328,-567],[-358,-222],[233,-170],[-170,-269],[527,-642],[-92,-538],[417,-222],[-355,-221],[30,-543],[-342,-147],[32,-637],[-714,-250],[217,-340],[-1084,-642],[214,-146],[-372,-491],[-1331,-345],[-498,-736],[2964,-812],[479,-321],[155,-637],[483,170],[324,-468],[1087,-344],[-1396,-147],[899,-642],[-92,-439],[837,-443],[634,-1256],[-804,-685],[-1662,-420],[33,-245],[-1832,-1227],[-92,-841],[-528,-47],[310,-935],[402,-47],[-712,-443],[1272,-590],[-342,-147],[32,-444],[-464,-344],[155,-146],[-1087,-345],[217,-543],[-652,-444],[280,-934],[-542,-317],[914,-519],[-715,-538],[1272,-543],[-170,-170],[232,-368],[-4018,661],[-232,-170],[715,-590],[-1707,-590],[2404,269],[1489,-392],[1615,194],[2031,-1105],[-340,-245],[1022,-345],[-649,-637],[402,-52],[929,-1029],[-527,-151],[217,-246],[-339,-245],[217,-538],[-295,-321],[310,-590],[-295,-567],[1519,-1034],[-339,-391],[277,-638],[-528,-297],[840,-345],[-110,-566],[233,-170],[-340,-146],[63,-444],[1519,-1133],[-93,-538],[480,-420],[-358,-368],[1025,-345],[-217,-1034],[836,-439],[328,-765],[-170,-169],[1084,-642],[-107,-567],[247,-193],[-169,-369],[1766,-1133],[777,-1128],[590,-250],[310,-637],[-402,-47],[214,-99],[-155,-246],[1272,-741],[-277,-736],[402,-147],[-155,-146],[248,-397],[729,-514],[730,-24],[527,-1034],[653,-344],[92,-538],[402,-250],[-155,-246],[652,-439],[-155,-151],[1025,-538],[-155,-345],[465,-543],[-343,-292],[236,-175],[-188,-193],[232,-421],[-155,-146],[218,-47],[-155,-250],[1456,-737],[498,-689],[-155,-344],[1707,-1327],[-93,-344],[590,-246],[1644,-2115],[590,-47],[2621,-1945],[1054,0],[2094,-1005],[-155,-151],[1305,-1275],[2636,-1232],[247,-292],[-155,-152],[1489,-1373],[4251,-2016],[187,-297],[-154,-147],[1286,-811],[2529,-907],[280,-741],[867,-783],[2919,-1969],[2403,-812],[2916,-292],[1364,-987],[2547,-788],[1862,396],[804,-198],[855,-614],[247,-392],[-155,-151],[2514,-1029],[280,-642],[402,-146],[-155,-146],[962,-444],[435,-736],[-1227,368],[-807,-99],[-248,-392],[-1286,170],[774,-590],[310,-935],[-1766,-935],[586,-391],[63,-444],[-1084,-444],[589,-439],[-917,-222],[855,-812],[-48,-269],[-2109,784],[-1054,-99],[1349,-661],[-1971,170],[-557,396],[-1987,293],[-232,123],[107,174],[-2171,293],[110,175],[-1847,713],[-3598,689],[-482,-128],[357,-462],[-1224,70],[899,-292],[60,-345],[-292,-28],[-4036,788],[-232,222],[33,637],[-793,321],[-1242,-99],[173,-222],[-155,-146],[1766,-935],[251,-292],[-236,-369],[995,0],[3413,-1085],[2482,-194],[1536,515],[-777,543],[1040,23],[327,-467],[1332,-543],[187,-293],[-155,-146],[870,-590],[3443,-1326],[-342,-100],[169,-467],[-1548,0],[-2050,689],[-2296,-297],[-1674,883],[-2296,-95],[-295,269],[715,99],[-855,416],[-1489,-293],[-4096,1770],[-992,-198],[-1739,1180],[-1472,420],[-512,661],[-1412,-316],[4623,-2559],[-420,-368],[-1039,-23],[667,-864],[-682,-99],[-852,618],[217,736],[-1459,246],[652,543],[-482,-76],[-1472,911],[155,147],[-1537,420],[-479,514],[837,491],[-233,666],[170,269],[-217,99],[357,123],[-605,415],[295,373],[-420,463],[1969,-270],[1040,222],[-1844,959],[-1242,99],[-435,-689],[-1040,75],[33,-543],[-482,-613],[-867,297],[-1677,-397],[-1305,789],[-1471,222],[-435,292],[155,246],[-402,146],[107,175],[-1349,-713],[1287,-958],[1799,-199],[309,-391],[-2543,-99],[-807,490],[-727,-712],[247,-345],[2282,-415],[1659,-911],[-3321,-444],[2963,-713],[1924,0],[1102,467],[-1894,543],[-310,737],[2964,122],[1382,-1548],[1349,-420],[-1614,-94],[-420,-222],[217,-199],[-155,-344],[2219,-24],[1117,-788],[2094,-713],[63,-344],[-715,-147],[405,-344],[-527,-147],[170,-174],[-140,-170],[-1225,71],[170,-463],[-1039,-222],[-435,-491],[-807,0],[-3101,784],[-1489,1081],[1611,198],[1349,-269],[-232,269],[-2356,198],[480,269],[-2651,420],[-1198,1350],[-527,147],[110,174],[-1986,293],[110,175],[-405,47],[155,345],[-295,122],[-1736,99],[-1117,491],[-480,-122],[232,-369],[-250,-198],[-1674,-293],[-1799,591],[-1179,882],[-2219,468],[0,-345],[1397,-444],[-155,-340],[217,-99],[-840,-396],[5555,-2309],[-899,-391],[1024,-595],[-357,-463],[-2234,1081],[-1552,0],[170,-368],[-527,-99],[-1427,982],[280,491],[-217,344],[479,420],[-682,293],[-1906,-222],[45,-269],[1286,-222],[-527,-198],[-15,-463],[-2481,194],[-2529,1402],[653,491],[-63,344],[-1581,642],[-763,959],[-1427,99],[-1286,614],[-265,368],[357,122],[-63,539],[-1534,712],[373,-491],[-328,-467],[-1471,274],[-545,-467],[560,-888],[1224,-123],[387,-665],[777,-246],[-154,-146],[589,-345],[-95,-245],[652,-784],[-527,-151],[-280,-637],[-479,-24],[-543,614],[277,637],[-2528,713],[-1099,713],[107,274],[-1054,99],[-170,-472],[464,-491],[-1411,-24],[-295,-661],[2761,-2265],[-1087,-147],[280,-443],[-480,-614],[295,-567],[-2094,567],[-748,-293],[668,-765],[-1350,-320],[-2838,1010],[-1489,1081],[-280,543],[-775,245],[30,637],[-852,420],[-1799,0],[-295,321],[155,345],[-482,316],[-1737,-292],[-1474,811],[-1117,685],[173,175],[-265,467],[-1085,637],[155,246],[-217,52],[155,245],[-280,590],[1209,293],[-1039,519],[-2047,194],[-2234,1378],[-294,-170],[1084,-788],[-605,-222],[-1861,887],[729,-1355],[-1891,-689],[3086,-713],[-108,-269],[403,-47],[-155,-151],[435,-392],[2093,-321],[498,-491],[-2422,100],[2234,-491],[372,-397],[1987,0],[1474,-713],[248,-439],[-1040,-28],[-1924,689],[-867,-292],[-1614,193],[-2591,1402],[1209,491],[-247,444],[-2839,321],[-667,321],[-325,561],[-2779,812],[-154,642],[-852,416],[-1537,-321],[1024,-586],[310,-642],[-914,76],[-745,-689],[-560,-99],[-807,590],[-1984,590],[-1039,-123],[590,-392],[-48,-467],[-3521,713],[-154,538],[-653,344],[93,345],[-340,52],[-203,661],[-869,198],[-495,-887],[-869,99],[-328,566],[-914,321],[-1180,0],[173,-274],[-483,-122],[-1611,788],[-1290,123],[33,642],[-917,514],[-1117,-297],[-1180,491],[-1409,-24],[60,-439],[1272,-543],[18,-566],[-667,28],[92,538],[-730,321],[-682,-396],[-807,99],[-947,1256],[-1534,415],[-1659,1256],[1099,23],[855,-321],[-155,-146],[295,-222],[619,0],[247,198],[-294,468],[729,420],[2484,-789],[355,317],[-402,297],[125,245],[726,-169],[188,292],[-232,175],[232,123],[1612,-199],[482,-122],[497,-690],[-154,-146],[959,-835],[-155,-147],[1474,-1109],[420,175],[-1644,1524],[-497,1426],[1644,935],[-218,245],[1335,836],[247,590],[-1799,2114],[-2326,1129],[-2669,1770],[-155,443],[-590,147],[837,396],[-214,439],[2156,-760],[1287,416],[-405,297],[173,368],[1116,-491],[417,123],[-589,293],[250,443],[914,-70],[1427,-888],[1552,-292],[4158,-1870],[247,194],[-232,123],[92,443],[-1519,935],[155,146],[-343,689],[4206,421],[807,-397],[2916,0],[620,496],[1971,462],[-312,496],[-977,415],[-2109,-1081],[-4143,2191],[1584,590],[-217,439],[340,52],[-93,439],[233,122],[2466,-368],[-915,567],[-1474,122],[-122,543],[155,99],[-405,147],[232,269],[622,99],[373,-491],[1426,99],[325,-467],[590,-99],[-1117,934],[-1287,416],[-1659,-24],[-140,-467],[542,-812],[-125,-345],[-1721,274],[-108,-566],[218,-199],[-1290,-613],[-1969,613],[-682,491],[155,250],[-295,218],[-1349,174],[465,-297],[-155,-147],[479,-514],[-107,-467],[465,-345],[-233,-864],[-3598,987],[-232,269],[837,392],[-590,151],[93,245],[-233,123],[-1242,-198],[-726,519],[44,462],[-1674,-585],[-1784,713],[-932,883],[92,344],[-247,293],[-1209,935],[-63,344],[837,496],[-2016,538],[-1582,1624],[-1087,538],[155,151],[-215,193],[960,690],[-528,835],[96,345],[-528,543],[155,146],[-405,146],[-122,543],[155,99],[-792,1006],[479,420],[-464,292],[309,444],[730,-75],[1102,519],[-464,439],[649,444],[-277,391],[122,444],[1272,246],[1194,1156],[1040,123],[-292,368],[-1924,198],[-188,293],[-1239,-585],[-870,193],[-2001,-1841],[-962,47],[29,-443],[-277,-147],[218,-245],[-527,-146],[-33,-935],[-1519,-52],[277,-345],[-340,-47],[218,-245],[-343,-199],[605,-911],[-495,-585],[-545,24],[-744,783],[95,444],[-792,1501],[-2219,-222],[47,-269],[870,99],[1597,-812],[-1287,-665],[-1430,99],[110,170],[-899,444],[-92,443],[-840,147],[32,543],[-482,23],[48,-467],[-280,-491],[464,-345],[-155,-146],[1272,-543],[1242,-1034],[-1102,-415],[-1054,193],[-233,-269],[775,-882],[-1099,-29],[-140,369],[-837,250],[295,467],[-453,1053],[-959,741],[292,170],[870,-491],[914,420],[-914,562],[-1302,495],[-1662,-122],[-60,-543],[1829,-1327],[-604,-273],[-2714,1208],[30,637],[-1287,1105],[-1349,75],[605,-760],[-745,-495],[-1227,519],[-310,538],[1087,246],[-217,99],[122,443],[1272,147],[-277,344],[339,147],[-92,642],[590,538],[-63,344],[-542,420],[-1165,24],[-1239,1180],[93,246],[-465,245],[155,246],[-468,245],[155,151],[-277,491],[1394,-198],[-2264,1034],[155,245],[-217,198],[465,392],[-727,713],[170,-269],[-528,-52],[155,-590],[-155,-147],[590,-835],[-217,-637],[232,-123],[-619,-689],[417,-864],[-1272,-340],[342,-741],[-730,-415],[-1489,684],[-1102,-123],[218,-94],[-30,-642],[217,-47],[-280,-491],[340,-496],[-92,-439],[1459,-444],[-92,-245],[339,-543],[-232,-269],[-1117,788],[-1659,416],[-1367,1477],[-30,836],[-652,245],[342,194],[-62,250],[-715,439],[527,245],[-977,222],[232,-467],[-1161,-906],[-1040,-222],[93,-345],[-280,-491],[2359,-2067],[589,-147],[-155,-146],[233,-321],[-2544,392],[-435,396],[-435,-396],[-1286,-123],[-310,-293],[217,-245],[-357,-222],[-3848,590],[-2356,-392],[-1102,317],[-2172,1477],[108,269],[-1364,590],[-3601,590],[-1100,911],[155,246],[-217,99],[277,193],[-649,246],[-310,396],[92,444],[-217,95],[155,99],[-218,52],[465,292],[62,638],[-557,1085],[-1024,935],[92,340],[-962,642],[155,146],[-402,788],[712,883],[-1272,345],[-92,835],[-528,444],[343,935],[-962,542],[-125,392],[-63,345],[280,193],[-357,619],[295,368],[-465,982],[837,934],[-217,246],[652,444],[-280,198],[280,293],[-155,146],[527,642],[-155,146],[280,246],[-95,443],[468,345],[-280,194],[339,198],[-92,444],[342,146],[-280,198],[280,293],[-280,444],[465,443],[-217,99],[125,340],[464,246],[-277,543],[650,1033],[-218,147],[527,835],[-92,345],[372,788],[1600,515],[1117,887],[1364,194],[1304,887],[1782,515],[574,1156],[1305,99],[200,-566],[899,-345],[560,-1279],[-155,-246],[557,-391],[1537,467],[1412,-420],[125,-345],[-527,-292],[527,-345],[-155,-146],[417,-614],[483,123],[-33,934],[187,194],[1287,24],[760,1156],[1659,222],[-45,566],[667,222],[789,-420],[-649,-637],[900,-246],[309,-443],[-1102,-24],[-357,-566],[1165,75],[-108,-274],[605,-122],[-48,467],[483,222],[1549,-1671],[869,-298],[1862,199],[170,269],[-1102,-71],[-355,368],[1162,316],[1227,-217],[-125,392],[-1582,736],[48,369],[-917,-170],[125,443],[729,-75],[170,321],[-962,590],[962,784],[-280,396],[93,439],[-465,151],[155,246],[-218,47],[173,174],[-295,468],[962,-99],[-95,-345],[405,-52],[-342,-94],[62,-246],[295,-123],[807,392],[1162,-420],[-155,-146],[217,-47],[-92,-345],[280,-396],[-343,-293],[977,-222],[-232,515],[155,151],[-402,146],[280,245],[-405,48],[342,198],[-232,269],[140,274],[339,146],[-774,590],[340,345],[-1475,316],[-619,689],[619,496],[453,-666],[789,-222],[373,298],[-668,217],[251,642],[1394,47],[-1520,491],[1025,741],[-1537,-175],[-184,491],[169,175],[-464,146],[-63,444],[2901,-666],[432,-490],[932,0],[435,-392],[667,122],[-715,491],[155,345],[-464,982],[3273,514],[170,373],[-900,293],[1088,491],[-4129,1770],[730,222],[1924,-293],[232,-122],[-92,-246],[2219,-1010],[-482,514],[154,246],[-527,344],[155,246],[-1394,642],[1829,788],[-372,737],[-712,443],[-125,538],[1349,520],[542,-29],[203,-467],[1054,0],[792,420],[-1831,99],[-63,345],[899,345],[-107,269],[-3026,-76],[560,1133],[1909,812],[605,-222],[-280,-444],[542,-23],[372,689],[2094,222],[-774,736],[1474,416],[1674,1081],[-2031,764],[2886,-47],[-468,293],[-15,368],[4158,198],[3908,-1279],[1784,222],[-5382,1548],[-3848,0],[-1427,-590],[-1861,-198],[-2916,-1473],[-1490,-99],[-556,293],[479,519],[-155,736],[1147,345],[622,788],[-217,246],[357,316],[682,-95],[233,369],[-1412,23],[-932,-392],[-432,392],[-870,-198],[-605,467],[2342,812],[3413,0],[62,298],[2592,859],[-2592,-76],[-1116,397],[-513,-864],[-604,-316],[-3539,882],[-3598,-193],[-914,316],[92,245],[-1364,1280],[-962,443],[155,147],[-2142,344],[527,199],[96,538],[417,222],[1537,321],[-218,99],[232,661],[-107,373],[340,146],[-218,245],[465,345],[-155,146],[1397,836],[590,1034],[1364,1279],[1972,613],[8375,1870],[2049,-491],[2854,-99],[5462,-1280],[3271,222],[-1040,71],[-432,491],[-977,-71],[1394,198],[-294,270],[-4078,-270],[339,194],[-169,368],[2171,-94],[682,491],[1117,0],[792,415],[-295,269],[-2668,-491],[-3041,99],[-2544,888],[-202,562],[-465,52],[-63,344],[653,736],[-465,246],[1412,1303],[1799,-99],[1179,590],[1055,-590],[1364,-194],[2838,123],[-354,661],[-2779,321],[92,443],[-339,491],[339,293],[-1331,245],[170,274],[-188,392],[-1302,-293],[-977,317],[155,151],[-527,491],[590,146],[122,345],[-1334,443],[1334,590],[-649,883],[309,543],[7554,4645],[1987,99],[619,-491],[2484,99],[1597,713],[1117,784],[-30,250],[1843,713],[1987,0],[1987,585],[1176,-95],[-107,-273],[792,-515],[1177,0],[995,491],[295,-269],[-343,-52],[217,-146],[-357,-317],[313,-198],[4405,0],[1364,-396],[2049,1279],[2791,396],[170,369],[-1209,0],[542,613],[1179,-198],[-170,274],[590,245],[527,737],[3458,1501],[4718,491],[233,321],[-218,146],[2032,911],[1242,-198],[-170,170],[1844,222],[-170,174],[1039,317],[1117,-194]],[[526743,561979],[-44,76],[155,0],[-111,-76]],[[532143,576041],[-47,76],[155,0],[-108,-76]],[[530964,576631],[-48,76],[155,0],[-107,-76]],[[627267,461372],[-44,76],[155,0],[-111,-76]],[[623732,464030],[852,-859],[-852,-222],[-420,222],[155,146],[-247,392],[-778,151],[-15,368],[1305,-198]],[[634651,463737],[48,368],[-218,95],[900,99],[-730,-562]],[[620938,464129],[-497,-298],[-605,369],[605,221],[497,-292]],[[632775,465776],[449,-174],[-1286,-317],[542,-368],[-1364,95],[-730,-317],[542,-274],[-557,-590],[-1924,-94],[-310,585],[373,496],[1861,392],[620,590],[1784,-24]],[[624709,464742],[-155,0],[0,147],[155,0],[0,-147]],[[619681,466413],[-852,-122],[-309,396],[866,293],[295,-567]],[[620938,467079],[-44,71],[154,0],[-110,-71]],[[592643,465800],[-45,75],[155,0],[-110,-75]],[[592458,465899],[-48,71],[155,0],[-107,-71]],[[601810,467494],[-899,-146],[652,-590],[-420,-269],[-295,123],[-92,538],[-590,250],[730,368],[914,-274]],[[597545,468750],[-295,368],[590,-292],[-295,-76]],[[621126,467178],[-48,71],[155,0],[-107,-71]],[[611011,468849],[1924,-788],[-2779,958],[855,-170]],[[614174,470029],[1972,-1109],[-343,-193],[280,-543],[-1227,-416],[-882,859],[-2901,911],[-312,392],[3413,99]],[[625284,470912],[-235,175],[527,-99],[-292,-76]],[[649979,463440],[622,-392],[-685,-99],[-1040,665],[1103,-174]],[[650973,465701],[3211,-1251],[-1599,-128],[-930,595],[-622,-99],[-1427,590],[667,316],[-107,175],[807,-198]],[[636063,468037],[3801,-1449],[2111,-297],[3536,-1180],[1412,-1058],[-465,-439],[217,-250],[-482,-24],[-4405,1280],[-45,-269],[340,-52],[-93,-246],[2451,-1081],[-294,-613],[-992,491],[-1740,-100],[-232,175],[527,47],[-217,199],[155,245],[-3396,713],[-1474,1303],[-15,368],[929,-198],[-1039,665],[1272,298],[-2592,217],[-479,420],[155,245],[-218,689],[1272,-99]],[[647435,465998],[605,-123],[62,-642],[-2466,666],[435,293],[1364,-194]],[[649684,468085],[-450,-218],[-495,392],[495,198],[450,-372]],[[652710,468259],[-48,71],[155,0],[-107,-71]],[[645076,469638],[-232,70],[589,-146],[-357,76]],[[641478,598270],[-170,71],[218,0],[-48,-71]],[[651095,608202],[-44,70],[155,0],[-111,-70]],[[642720,608792],[-48,71],[155,0],[-107,-71]],[[666298,620003],[-45,71],[155,0],[-110,-71]],[[666733,620003],[-45,71],[155,0],[-110,-71]],[[648987,620395],[-170,75],[214,0],[-44,-75]],[[666795,620494],[-170,71],[218,0],[-48,-71]],[[650288,620687],[-170,76],[218,0],[-48,-76]],[[647497,621476],[108,-71],[-402,-99],[294,170]],[[664808,623444],[-169,71],[217,0],[-48,-71]],[[663444,623737],[-170,75],[218,0],[-48,-75]],[[659161,630133],[-170,71],[218,0],[-48,-71]],[[658604,630227],[-47,76],[154,0],[-107,-76]],[[674572,631308],[-66,76],[155,0],[-89,-76]],[[680323,631705],[-62,-298],[-560,100],[-310,590],[870,0],[62,-392]],[[655191,631903],[-170,71],[218,0],[-48,-71]],[[656990,632097],[-170,75],[218,0],[-48,-75]],[[677220,632097],[-48,75],[155,0],[-107,-75]],[[676973,632394],[354,-76],[-649,-99],[295,175]],[[677530,633376],[-63,-99],[-185,99],[63,99],[185,-99]],[[675546,634065],[-48,71],[155,0],[-107,-71]],[[684481,634259],[-420,273],[915,-75],[-495,-198]],[[683239,635934],[45,-75],[-402,0],[357,75]],[[685971,636326],[44,-75],[-464,0],[420,75]],[[687457,636425],[-1224,269],[1039,123],[295,-123],[-110,-269]],[[690438,638785],[-172,76],[217,0],[-45,-76]],[[691677,639078],[-44,76],[155,0],[-111,-76]],[[690748,640159],[-48,76],[155,0],[-107,-76]],[[691180,640357],[-45,76],[155,0],[-110,-76]],[[691058,640456],[-170,76],[215,0],[-45,-76]],[[694656,645177],[170,-368],[-480,-520],[-1242,0],[-542,421],[542,665],[1552,-198]],[[692532,645347],[-217,-47],[44,75],[173,-28]],[[690126,645474],[110,-75],[-405,0],[295,75]],[[676088,634287],[-605,-28],[-62,198],[667,-170]],[[676040,634655],[-169,76],[217,0],[-48,-76]],[[675731,634754],[-48,71],[155,0],[-107,-71]],[[677964,654226],[-47,71],[155,0],[-108,-71]],[[704211,647929],[-247,-293],[-1239,99],[-545,-519],[217,-292],[-217,-246],[714,-146],[0,-250],[-899,-246],[-250,-439],[1537,-519],[-870,-392],[-3646,321],[435,1128],[652,246],[-155,443],[403,147],[32,344],[977,520],[2481,391],[620,-297]],[[690870,646555],[-170,71],[218,0],[-48,-71]],[[689134,646848],[619,0],[-914,-170],[295,170]],[[688761,646848],[-169,76],[217,0],[-48,-76]],[[502853,541818],[110,-170],[-420,71],[310,99]],[[505352,542776],[295,123],[62,-194],[-357,71]],[[505965,543201],[-816,194],[498,94],[318,-288]],[[505149,545557],[-357,70],[527,99],[-170,-169]],[[508950,550692],[155,-94],[-465,-297],[402,-100],[-542,-122],[-1161,519],[-140,368],[1364,194],[387,-468]],[[508190,551651],[108,-170],[-417,75],[309,95]],[[511943,553308],[-214,-378],[-1102,-123],[44,-368],[-932,-94],[-107,316],[715,392],[-48,467],[1784,-24],[-140,-188]],[[512470,552930],[188,198],[358,-123],[-546,-75]],[[518073,560086],[-760,-269],[-312,293],[869,392],[358,-317],[-155,-99]],[[518180,560799],[110,-76],[-405,-99],[295,175]],[[511154,564169],[-405,246],[527,193],[-122,-439]],[[524432,584916],[450,75],[-542,-368],[92,293]],[[525457,585161],[-435,99],[590,0],[-155,-99]],[[599904,571222],[-48,75],[155,0],[-107,-75]],[[609522,580271],[-48,75],[155,0],[-107,-75]],[[606046,596202],[-170,76],[217,0],[-47,-76]],[[603609,596622],[-155,0],[0,147],[155,0],[0,-147]],[[623422,582730],[-47,76],[154,0],[-107,-76]],[[611073,584991],[-172,76],[217,0],[-45,-76]],[[622925,592563],[-170,75],[215,0],[-45,-75]],[[632108,594040],[-45,71],[155,0],[-110,-71]],[[611383,596594],[-170,76],[215,0],[-45,-76]],[[634032,596891],[-170,71],[217,0],[-47,-71]],[[610886,596991],[-170,70],[217,0],[-47,-70]],[[634651,597283],[-170,76],[218,0],[-48,-76]],[[610823,597382],[-184,-198],[-170,123],[354,75]],[[610391,598364],[370,-94],[-605,-175],[235,269]],[[586236,600012],[-358,-71],[-309,193],[667,-122]],[[592705,614692],[-170,71],[218,0],[-48,-71]],[[581661,600923],[-110,75],[155,0],[-45,-75]],[[574772,601711],[-108,71],[155,0],[-47,-71]],[[554854,602495],[1117,0],[295,-369],[-2094,-23],[-685,-392],[-1969,316],[605,567],[1427,-99],[870,491],[184,-95],[-170,-274],[420,-122]],[[569684,612724],[-187,-293],[-1302,194],[247,297],[1242,-198]],[[556281,623147],[45,-71],[-215,0],[170,71]],[[592395,614787],[-47,75],[155,0],[-108,-75]],[[594069,635637],[-170,75],[218,0],[-48,-75]],[[591153,636425],[-1286,170],[1039,222],[247,-392]],[[598787,637308],[-173,75],[218,0],[-45,-75]],[[634839,597581],[-170,70],[215,0],[-45,-70]],[[633722,597873],[-170,76],[215,0],[-45,-76]],[[634032,660518],[-48,76],[155,0],[-107,-76]],[[624661,661009],[-169,76],[217,0],[-48,-76]],[[624104,671729],[-172,76],[217,0],[-45,-76]],[[624352,671829],[-170,70],[217,0],[-47,-70]],[[623854,671829],[-170,70],[218,0],[-48,-70]],[[624104,680189],[-172,70],[217,0],[-45,-70]],[[604807,666221],[169,-170],[-464,0],[295,170]],[[606233,675369],[-172,71],[217,0],[-45,-71]],[[605736,683139],[-48,71],[155,0],[-107,-71]],[[584949,691494],[-48,76],[155,0],[-107,-76]],[[639491,687071],[110,-76],[-154,0],[44,76]],[[585134,691692],[172,-71],[-217,0],[45,71]],[[722269,662586],[-47,71],[155,0],[-108,-71]],[[721897,662779],[48,-70],[-468,0],[420,70]],[[722269,662779],[-47,76],[155,0],[-108,-76]],[[720470,662779],[-169,76],[214,0],[-45,-76]],[[721340,662779],[-47,76],[154,0],[-107,-76]],[[721215,662978],[-250,-199],[-185,100],[435,99]],[[722826,662879],[-169,75],[217,0],[-48,-75]],[[716578,664672],[417,-23],[-126,-99],[-291,122]],[[715693,664941],[-48,76],[155,0],[-107,-76]],[[736897,667085],[0,-251],[-215,0],[0,251],[215,0]],[[736292,667991],[-44,175],[464,-100],[-420,-75]],[[736233,668779],[-18,-467],[-402,-47],[217,-99],[-173,-175],[-977,864],[1353,-76]],[[733749,673500],[-170,75],[217,0],[-47,-75]],[[732012,674090],[-48,75],[155,0],[-107,-75]],[[731887,674189],[-170,75],[218,0],[-48,-75]],[[730273,674878],[-60,-99],[-188,99],[63,99],[185,-99]],[[737269,663738],[-45,-71],[-169,24],[44,70],[170,-23]],[[738404,664257],[-173,71],[218,0],[-45,-71]],[[739149,664847],[-173,71],[217,0],[-44,-71]],[[737641,668312],[-154,0],[0,146],[154,0],[0,-146]],[[749201,671531],[-173,76],[218,0],[-45,-76]],[[754473,680089],[-170,76],[218,0],[-48,-76]],[[754226,680481],[47,-71],[-464,0],[417,71]],[[746097,681071],[-169,76],[217,0],[-48,-76]],[[961681,770783],[1537,-316],[6019,194],[2356,-293],[545,-123],[-405,-297],[218,-99],[-93,-340],[1722,-619],[3723,0],[372,298],[2359,-590],[5150,198],[-807,-595],[-1475,-368],[218,-47],[77,-666],[2544,-491],[995,199],[682,-690],[2031,-613],[-280,-147],[483,-321],[3211,-420],[-170,-368],[-2035,-415],[173,-175],[-173,-467],[1025,-538],[-339,-246],[464,-52],[155,-443],[2279,-1006],[3586,-222],[184,-198],[-184,-439],[-1460,-741],[155,-246],[-339,-193],[217,-99],[-343,-199],[590,-344],[93,-538],[914,-520],[2344,-467],[-590,-146],[218,-146],[-653,-246],[108,-175],[-2979,-788],[-1721,-807],[95,-345],[-527,47],[-560,-590],[92,-344],[-899,-345],[-185,-344],[217,-99],[-342,-194],[342,-392],[-527,-52],[402,-198],[-125,-340],[-837,-642],[465,-99],[-340,-245],[1102,-614],[2916,-297],[730,-317],[-125,-245],[-2466,-321],[-420,-222],[107,-170],[-1784,-519],[-697,-859],[-1287,-123],[-619,-689],[464,-147],[-777,-542],[342,-392],[-342,-199],[95,-344],[-1894,-737],[-78,-760],[-4777,-198],[-1242,-491],[-480,-368],[1088,-444],[59,-1133],[-2201,-245],[-745,-590],[155,-246],[-342,-146],[169,-175],[-291,-122],[107,-170],[-3971,-293],[-667,-1010],[1350,-666],[2528,-514],[-542,-666],[-4718,397],[-1364,-198],[107,-170],[-527,-151],[110,-170],[-3103,-100],[-807,-490],[-2979,-491],[-682,-888],[-2544,-99],[-914,-222],[-512,-562],[-2359,-198],[-1117,-788],[-3661,-293],[-2916,-887],[-1227,-416],[155,-245],[-435,-496],[-837,-146],[110,-170],[-2296,-297],[-3041,-982],[-3911,-392],[-3845,-1086],[-5212,-491],[-1305,-590],[-2728,-392],[-1117,100],[-977,-520],[92,-340],[-1412,-420],[-2049,-198],[-199,373],[-1412,515],[-1489,-100],[169,-170],[-1087,-151],[173,-269],[-1227,76],[-140,-1057],[-1427,99],[-435,-298],[-3413,199],[-1674,490],[-107,-467],[899,-198],[-962,52],[93,-345],[-280,-198],[714,-198],[-280,-147],[155,-245],[-667,-321],[-3598,-883],[-870,0],[-991,590],[-933,-99],[-1921,-883],[-2484,-198],[-1924,-1180],[-2853,-491],[-2481,-1279],[-3911,-788],[-977,-614],[47,-666],[-1676,99],[-1612,690],[170,-269],[-2219,-520],[-2731,-99],[-605,-217],[-199,-666],[-3476,-99],[-4778,-1770],[-2669,0],[-1364,-392],[-1614,789],[107,-472],[-1412,-416],[-5459,-292],[-498,-496],[-1224,-217],[-92,-345],[-1644,-835],[-96,-350],[-1411,-514],[-4218,-293],[-667,-420],[92,-736],[-1164,-812],[-930,-99],[-991,396],[1239,883],[977,222],[-185,344],[-2389,444],[30,245],[-465,95],[712,1180],[-727,519],[-1367,0],[-354,-269],[959,-151],[-60,-345],[-840,-439],[218,-151],[-1335,-439],[653,-542],[-1722,-123],[-1054,-888],[-870,0],[-107,-269],[402,-344],[-63,-345],[-2403,-906],[-1677,0],[-542,-222],[155,-246],[-355,-221],[-5153,-982],[-4527,193],[-980,520],[173,170],[-623,0],[358,-567],[-4390,-1204],[-930,-882],[-2484,-397],[-604,-415],[172,-175],[-2421,392],[-420,-24],[-60,-439],[215,-99],[-355,-123],[-1054,293],[170,-269],[-605,-420],[-1924,-392],[-2794,-1378],[-2171,-293],[-373,-491],[233,-373],[-852,-217],[-1862,0],[-232,269],[465,297],[-730,218],[-5335,-194],[-3663,491],[-1040,-420],[111,-269],[-668,-24],[712,-198],[-59,-444],[-1272,-684],[232,-321],[867,0],[855,321],[-170,269],[620,0],[294,-123],[-217,-99],[92,-736],[-1909,-421],[110,-169],[-497,-397],[-962,-245],[-387,-468],[-2607,888],[-667,-123],[653,-297],[-295,-468],[232,-368],[-2341,-1204],[247,-198],[-232,-170],[402,-99],[-465,-99],[962,-246],[125,-637],[-2204,-344],[715,-199],[-235,-170],[173,-174],[-465,-48],[465,-344],[-2404,-222],[-357,-514],[217,-100],[0,-443],[-357,-222],[-2234,-784],[-2344,217],[32,444],[-464,297],[712,340],[-170,274],[247,293],[-667,274],[962,146],[-465,344],[527,539],[-217,151],[527,292],[-2341,321],[-435,-590],[-2466,-812],[218,-344],[-715,-246],[-93,-642],[-545,-415],[-2651,-24],[233,-174],[-295,-661],[465,-543],[-63,-444],[-1891,151],[1397,-590],[-715,-198],[110,-175],[-3539,-193],[-869,-888],[-1055,199],[-295,321],[218,245],[-417,24],[-623,-690],[-1906,-221],[-497,-491],[217,-345],[-962,-193],[1227,-520],[1099,24],[-1286,-807],[-1165,-128],[1150,-392],[512,-566],[-232,-123],[155,-245],[-653,-147],[-405,-1227],[-402,-52],[155,-443],[-465,-48],[218,-344],[-542,-222],[-2982,198],[-1471,911],[30,737],[-233,122],[793,713],[-218,99],[218,444],[-218,94],[712,52],[-465,345],[1519,982],[-1781,-567],[-2296,0],[-1227,321],[-495,392],[465,345],[-483,321],[-417,-321],[0,-345],[2032,-1496],[-480,-420],[215,-543],[-1844,-24],[-110,-269],[464,-47],[0,-350],[-1703,-339],[44,-274],[1102,-316],[-217,-151],[465,-340],[-542,-765],[-5088,-1081],[-1304,99],[170,170],[-465,146],[217,151],[-852,515],[-1039,-222],[712,-392],[-218,-245],[405,-397],[-1599,-122],[-2606,396],[-2481,982],[-1615,-590],[-3535,1081],[2279,-812],[-900,-194],[-200,-566],[2234,293],[1924,-392],[1722,-713],[262,-467],[372,198],[2157,-713],[-170,-274],[6514,491],[4158,-292],[2422,491],[1659,-614],[-218,-246],[900,-835],[-218,-345],[652,-99],[-962,-245],[218,-345],[-1460,-935],[233,-368],[-480,-222],[218,-146],[-1287,-713],[-2731,199],[-1799,-397],[-3167,0],[-3148,467],[-247,-198],[217,-94],[30,-543],[1087,-543],[-235,-463],[265,-472],[2282,-217],[977,-713],[-310,-1033],[-900,-444],[215,-246],[-2094,-613],[173,-175],[-295,-123],[-2234,0],[-4593,-783],[-7074,982],[-2234,-392],[-977,906],[218,151],[-250,293],[-900,245],[173,175],[-1799,491],[-1740,982],[-1596,-123],[4435,-1869],[265,-661],[-483,-321],[218,-99],[-170,-170],[1552,193],[-667,-368],[2403,-613],[498,391],[1102,-316],[247,-297],[-217,-345],[434,-590],[2574,-637],[-30,-444],[218,-99],[-218,-99],[652,-637],[-154,-444],[402,-439],[-218,-151],[465,-47],[-789,-765],[-2234,-392],[-265,-760],[-1225,-420],[-3848,392],[-2109,689],[-759,859],[-1352,222],[-1254,1156],[-2267,1034],[-494,491],[214,146],[-542,321],[-2669,199],[-1721,812],[217,245],[-497,883],[-402,146],[155,246],[-233,221],[-992,-684],[-1057,94],[-45,-269],[417,76],[-169,-274],[464,-146],[-214,-444],[464,-345],[280,-835],[1350,-415],[-173,-270],[1227,-519],[852,-23],[-218,-199],[218,-245],[-402,-392],[2079,-637],[-5198,514],[-420,-221],[1397,-293],[1195,-1157],[-480,-812],[218,-245],[-653,-736],[218,-642],[-900,-345],[218,-345],[-468,-146],[235,-170],[-235,-321],[235,-274],[-173,-170],[406,-198],[-1832,-1227],[217,-99],[-155,-345],[402,-245],[-217,-147],[2079,-443],[-900,-199],[900,-585],[-232,-274],[-6392,397],[-1737,684],[-1054,-99],[-77,472],[-3089,1496],[-3845,591],[-1055,490],[-497,-391],[-1737,292],[-295,175],[465,392],[-3955,713],[-1305,788],[-2031,566],[-247,-198],[214,-245],[-1084,-444],[0,-345],[1039,-712],[1490,0],[372,-392],[1784,-321],[-357,-170],[2668,193],[1615,-292],[-173,-170],[482,-420],[-232,-175],[465,-146],[30,-345],[604,76],[-107,-369],[652,-146],[277,-543],[900,-146],[-402,-737],[2576,-1524],[-980,-765],[-789,-71],[402,-151],[-218,-99],[63,-439],[1334,-146],[-914,-175],[977,-713],[-217,-245],[652,-147],[-405,-151],[1149,-835],[-652,-392],[218,-245],[-1102,-614],[497,-297],[605,174],[-155,-543],[417,-514],[-417,-368],[1146,-444],[18,-269],[-995,-298],[-1242,199],[-232,-274],[2219,-515],[497,-490],[-4032,99],[-483,-321],[2017,-491],[-668,-468],[-4077,170],[1394,-684],[-218,-444],[468,-491],[-840,-250],[155,-340],[-232,-123],[-2902,808],[155,245],[-542,718],[-1286,-29],[1146,-245],[-852,-24],[-232,-222],[218,-146],[-546,-321],[-2403,-24],[217,-99],[-217,-245],[1102,-123],[77,-368],[730,-222],[6311,-812],[-184,-543],[-483,-217],[-1176,689],[-1924,-198],[-2234,392],[-745,-491],[480,-515],[0,-443],[-218,-99],[468,-199],[-1227,-713],[-1224,421],[402,391],[-218,147],[837,543],[-44,368],[-2544,689],[-1474,-515],[1209,-1576],[0,-538],[-372,-789],[-1287,-321],[-483,-561],[605,-123],[295,217],[-215,246],[790,28],[1474,-812],[30,-444],[899,-543],[-402,-193],[170,-666],[-1921,590],[-667,-222],[402,-391],[-188,-345],[-914,-321],[-1055,198],[-807,590],[-2543,-198],[107,373],[-542,316],[-1180,0],[-2543,789],[-543,321],[218,146],[-1474,614],[-1674,99],[-730,316],[170,274],[-480,812],[155,146],[-1397,1133],[218,146],[-280,392],[464,99],[-1146,637],[-93,543],[-899,345],[155,146],[-251,392],[-649,250],[-280,538],[-605,-170],[-792,416],[652,245],[-2963,713],[-372,397],[-992,0],[-78,-369],[-667,-420],[-855,-23],[1287,-175],[2219,-1105],[-217,-146],[467,-245],[-155,-151],[402,-246],[-155,-146],[1829,-1128],[-402,-251],[465,-146],[-155,-345],[465,-344],[0,-737],[-2094,-514],[-1799,590],[-3226,0],[-1367,-198],[-232,-468],[3273,269],[2484,-981],[2791,590],[-170,-170],[480,-222],[-233,-274],[715,-245],[262,-369],[-232,-169],[497,-397],[1829,-439],[-402,-99],[0,-345],[2031,-713],[730,-613],[-155,-246],[2514,-1033],[-217,-246],[962,-642],[-218,-344],[1147,-539],[497,-396],[0,-340],[-232,-321],[-1489,198],[-1537,-467],[837,-151],[62,-345],[-354,-122],[1906,-218],[-155,-443],[402,-99],[-586,-52],[232,-269],[-250,-293],[232,-321],[-155,-345],[468,-344],[-218,-345],[465,-146],[280,-836],[465,-146],[-218,-245],[218,-52],[-155,-246],[217,-392],[-2141,-835],[-620,-397],[-77,-467],[-4468,-982],[-545,1006],[155,250],[-1084,344],[154,246],[-217,94],[402,444],[-247,345],[-542,420],[-1040,23],[218,345],[-280,590],[217,99],[-2341,1006],[-1057,0],[-992,490],[-9308,590],[-372,298],[-3226,0],[-917,-519],[545,-369],[354,175],[-107,-269],[932,194],[3846,-491],[2233,-789],[793,76],[-111,-170],[2297,193],[870,-788],[1242,-293],[1736,-1180],[1534,-514],[63,-543],[-218,-99],[715,-935],[-155,-146],[497,-689],[1147,-638],[435,-491],[-170,-174],[233,-170],[-218,-99],[650,-345],[342,-637],[900,-444],[62,-835],[-807,-987],[-1474,-217],[-1180,-689],[-3598,-99],[-1287,-812],[712,-392],[-479,-274],[-4283,198],[-7447,1969],[111,467],[-683,392],[-2266,637],[-30,345],[-962,934],[155,246],[-900,345],[-527,641],[-1537,222],[-1906,859],[218,-198],[-155,-245],[649,-47],[-402,-345],[542,-321],[1972,-222],[-188,-538],[-402,-151],[217,-246],[-420,-221],[1225,-808],[32,-344],[3381,-1034],[-1099,-368],[-2484,99],[-730,-373],[1847,-316],[2978,193],[78,-467],[1149,-736],[-110,-269],[5028,-1081],[1751,-1256],[1272,-345],[560,-689],[-217,-99],[62,-538],[465,-345],[-218,-99],[-155,-835],[-1039,75],[-1287,-519],[-342,-1426],[-1210,-637],[30,-444],[-1021,-538],[29,-349],[-1644,-736],[170,-270],[-789,-23],[-638,-765],[-1596,-222],[155,-245],[-590,-147],[-15,-368],[-2716,1601],[-93,736],[-1024,-99],[-807,-836],[1522,0],[-1228,-321],[-232,-368],[1582,-590],[-1644,-736],[-140,-369],[172,-174],[-372,-590],[-777,-345],[527,-684],[-232,-472],[-6640,788],[-3660,887],[-8066,-396],[107,274],[-1831,1227],[95,543],[-652,47],[402,392],[-218,99],[125,444],[402,245],[126,491],[-465,397],[357,760],[-327,566],[-1644,935],[357,467],[-265,562],[-1906,519],[-1165,-222],[465,-491],[-402,-245],[792,-614],[372,685],[1427,-194],[-295,-765],[712,-538],[-649,-1279],[479,-567],[-357,-321],[280,-391],[-218,-147],[465,-151],[-527,-684],[33,-345],[-1475,-123],[-1224,713],[214,147],[-1471,613],[-3351,689],[-2421,0],[-1987,-788],[-929,298],[-2109,-298],[-2484,198],[-372,392],[-2216,619],[-391,859],[111,467],[-542,24],[-1615,1081],[-1426,99],[-1987,982],[-3226,198],[-2171,689],[-1862,-689],[-4095,-491],[-2731,-1478],[-3104,100],[-1239,-982],[-2964,-1010],[-822,-860],[-2049,-491],[-2234,0],[-557,982],[-3166,298],[-870,783],[513,666],[1846,812],[2916,-99],[203,467],[479,123],[1430,-199],[-232,222],[214,99],[-92,638],[1150,344],[962,935],[3070,741],[-1102,562],[-3103,-883],[-1040,515],[-137,467],[-2219,420],[2574,1279],[744,685],[-217,99],[125,344],[774,345],[-214,246],[1209,443],[-172,170],[2668,888],[1987,198],[265,462],[1844,713],[2484,298],[417,222],[-218,344],[498,689],[914,222],[5090,194],[2607,1279],[1861,-99],[867,788],[1677,-99],[929,392],[1242,-293],[1117,788],[2049,0],[1287,-618],[-110,-269],[1227,269],[-855,713],[-2171,590],[-1117,-94],[-1117,-690],[-3598,-99],[-358,321],[218,147],[-605,23],[-744,-491],[-5028,-788],[-605,-416],[-202,-566],[-1350,515],[-309,542],[2204,1181],[-2094,-270],[-1117,-788],[-1677,-297],[-5025,297],[-3708,-1600],[218,-146],[-590,-147],[-745,-590],[-155,-543],[-855,-415],[-2665,-198],[-18,-369],[-1162,-514],[-2049,982],[-2481,-491],[-2544,783],[-420,520],[402,344],[-1644,345],[-339,637],[-962,444],[155,146],[-310,392],[-5880,1893],[-855,519],[218,147],[-277,146],[155,344],[-280,246],[992,1525],[482,221],[542,-23],[-155,-146],[280,-199],[-217,-99],[604,-514],[2979,-397],[4405,788],[1597,1006],[-277,349],[1209,439],[-962,491],[962,689],[-280,246],[2281,613],[15,373],[5135,2384],[5832,982],[3041,-99],[1722,713],[-277,297],[232,170],[3101,-293],[604,515],[-277,396],[218,147],[-4516,415],[-2233,590],[419,222],[277,1034],[2702,1034],[1147,1227],[6484,2705],[-170,170],[2046,495],[498,689],[2234,-590],[497,491],[1862,392],[1924,-590],[-173,-170],[1290,-618],[2356,-491],[1676,-293],[1552,293],[2854,-194],[1474,-618],[-155,-345],[465,-146],[-170,-170],[1984,590],[1054,-99],[1972,-812],[92,-444],[1224,-712],[808,0],[622,-491],[1674,99],[0,292],[-557,-94],[-870,684],[-1102,222],[155,246],[-479,222],[357,764],[-1397,246],[155,146],[-247,392],[-545,420],[-3101,0],[-2156,515],[-63,344],[420,321],[-483,222],[155,146],[-217,100],[420,316],[-310,297],[-9495,2261],[-4033,0],[-730,222],[92,642],[-774,491],[1954,538],[-465,246],[483,321],[3660,689],[-357,-321],[217,-246],[-405,-146],[280,-245],[-837,-491],[852,-222],[995,491],[2916,292],[4530,-292],[1489,491],[1240,-1180],[1242,-100],[-170,175],[435,392],[1271,444],[-62,439],[-465,151],[155,344],[-855,614],[-1179,491],[-867,-491],[-1304,198],[-635,760],[-1039,515],[-5895,297],[-1537,567],[1457,736],[-215,146],[1022,737],[-218,151],[546,906],[2171,198],[682,-491],[992,0],[4095,1379],[995,-397],[1489,0],[2481,491],[2359,-590],[1612,888],[2919,-298],[3642,713],[-292,373],[-854,-76],[-388,567],[-1117,-397],[-1536,321],[-123,543],[1582,340],[-715,396],[405,345],[-604,415],[-6208,298],[-4032,-1081],[-108,562],[1022,840],[-63,245],[-4995,836],[1522,689],[-217,146],[402,345],[-92,538],[217,99],[-527,444],[217,146],[-280,147],[-62,542],[4390,1601],[933,783],[1983,199],[870,-491],[1054,193],[48,-269],[-590,-444],[247,-344],[2779,-317],[1177,194],[265,467],[914,420],[1242,0],[310,392],[2916,0],[310,392],[1802,-94],[557,391],[1054,-198],[-417,274],[1287,222],[-420,170],[1165,613],[417,-122],[-215,-199],[107,-368],[1055,0],[-108,-269],[650,-47],[-355,-175],[2839,-712],[-900,-293],[358,-467],[2916,0],[914,514],[203,368],[-188,392],[855,-217],[-155,-151],[214,-293],[-214,-99],[914,-222],[248,198],[-233,270],[295,122],[1054,-491],[1490,590],[2481,-99],[1164,420],[-217,444],[405,194],[-2466,321],[-1740,-199],[-14,-269],[-1847,-712],[-1924,490],[-1984,-198],[-1102,812],[217,345],[-559,590],[-1785,812],[-1426,-293],[-852,217],[1099,963],[1537,217],[-218,298],[155,245],[-789,321],[-2606,-590],[-2359,982],[-1055,0],[-560,-392],[-2293,293],[-1614,-392],[-63,-297],[-1552,198],[-1614,-491],[-2603,193],[-932,595],[-1799,194],[-543,420],[557,835],[977,416],[1987,99],[5707,2261],[5028,788],[991,590],[2297,-491],[977,222],[250,293],[-235,368],[1784,222],[-465,99],[217,298],[-217,146],[405,146],[-295,170],[-1784,-316],[170,-368],[-2296,292],[-1660,-467],[185,444],[1335,887],[-2824,0],[1769,836],[837,835],[1349,123],[63,293],[-620,689],[-2233,590],[-2979,-198],[-1489,-491],[-1799,99],[-3041,-1572],[-992,293],[-2359,-293],[-1165,222],[218,245],[-277,95],[1084,642],[92,1326],[653,444],[154,538],[653,250],[184,538],[-851,520],[-2669,391],[-1737,-689],[-110,368],[468,147],[-280,443],[590,543],[-218,246],[837,637],[-280,543],[1707,1128],[-218,151],[405,146],[-32,444],[3273,1303],[1862,-99],[-355,-666],[1040,-316],[2838,463],[-1334,-982],[372,-737],[542,-122],[2419,689],[807,590],[1802,193],[77,-368],[1022,-637],[-218,-99],[126,-637],[1769,-1034],[-93,-935],[465,-146],[92,-741],[528,-246],[-465,-94],[232,-274],[-247,-198],[-667,-24],[417,-269],[745,99],[1676,1081],[3041,-99],[727,321],[623,736],[-1165,222],[-605,515],[653,396],[-218,194],[218,99],[-33,444],[2514,1227],[-170,274],[1287,222],[932,684],[-217,151],[417,713],[2296,194],[1054,689],[1802,99],[310,392],[1364,0],[248,-293],[294,222],[-277,344],[959,147],[203,368],[-480,123],[170,174],[-2359,293],[-1179,-392],[-789,222],[-697,1057],[-3786,293],[107,269],[-465,198],[465,100],[-465,47],[-77,467],[2359,1577],[7384,2261],[1736,-491],[2606,94],[1862,-590],[2418,397],[1862,-198],[357,-369],[-464,-391],[2403,-520],[638,-661],[1537,-519],[10174,0],[1489,-193],[543,-222],[-215,-543],[1412,-222],[-667,713],[214,245],[-1659,222],[-357,420],[715,784],[-280,151],[464,146],[-232,170],[188,298],[-3661,-392],[-2654,217],[218,151],[-465,245],[217,95],[-295,373],[248,684],[-295,128],[-15,368],[479,123],[-217,146],[405,245],[247,737],[-1271,444],[-30,443],[-545,222],[-2404,123],[-63,444],[218,94],[-218,99],[218,298],[-1025,538],[0,344],[2654,1402],[3848,392],[2916,689],[373,392],[1611,-94],[1614,689],[2857,-99],[1054,590],[1674,-298],[2466,614],[-170,175],[2109,-298],[870,496],[619,-99],[0,292],[-1161,123],[44,274],[1412,24],[-712,490],[218,246],[-527,146],[464,99],[-464,199],[464,292],[-295,175],[-667,-123],[170,-274],[-1364,298],[-5460,-888],[-2668,690],[-1117,-100],[-295,123],[-15,368],[494,595],[1615,95],[1117,689],[2418,-293],[977,416],[-170,174],[2916,-99],[1290,316],[1069,963],[2481,491],[4096,392],[2916,689],[2919,-198],[-730,713],[0,543],[232,122],[-232,170],[962,345],[-218,151],[465,392],[-2016,934],[-248,293],[248,345],[2466,812],[1367,1080],[2293,491],[2422,-94],[3535,-887],[2094,811],[-464,199],[47,467],[1659,222],[-2963,-123],[-1364,491],[-1969,123],[3333,1156],[1426,194],[376,-491],[2916,-293],[295,-273],[-977,-123],[726,-222],[78,-368],[1474,222],[-527,146],[774,496],[-959,439],[215,99],[-170,174],[3538,586],[2419,99],[5337,-1275],[1055,95],[1287,712],[-170,175],[1552,491],[1426,0],[125,-297],[3473,297],[545,-123],[-217,-99],[402,-491],[-217,-245],[976,-123],[295,368],[-464,47],[-280,742],[-542,415],[-1165,123],[0,443],[855,515],[1489,198],[3970,-99],[310,-193],[-232,-373],[420,-123],[125,396],[3101,591],[1304,-591],[1722,416],[-295,368],[-977,28],[232,170],[-1721,123],[774,444],[-789,613],[-1924,100],[-1615,590],[-5024,198],[-18,661],[-277,52],[1906,958],[2978,392],[-169,170],[2636,934],[-170,175],[6019,1180],[2544,99],[2544,-689],[3520,-24],[-44,-368],[-3351,-1185],[-932,-783],[-1984,-491],[-885,-958],[-2094,-812],[310,-397],[2297,-392],[2418,298],[745,-397],[1986,491],[2419,-293],[605,515],[-712,397],[604,958],[2669,-198],[185,297],[1429,94],[2294,-292],[295,170],[-962,491],[729,122],[498,-392],[1349,515],[-962,198],[1025,689],[-435,543],[-465,47],[0,345],[3148,1006],[295,566],[-1224,812],[-5585,-293],[-2097,859],[1088,737],[62,245],[-280,99],[527,147],[93,344],[1832,444],[-543,467],[-1227,222],[1335,788],[-465,246],[2142,935],[59,339],[-214,100],[1349,519],[2296,293],[992,-392],[852,222],[-667,566],[5337,685],[3336,-123],[-2639,-293],[1847,-368],[2978,0],[1165,316],[140,468],[1179,198],[1549,-298],[793,-415],[-30,-444],[542,-122],[3103,590],[790,-416],[-280,-99],[-60,-444],[527,-47],[-527,-151],[1597,-316],[8003,-397],[3723,590],[2731,-292],[483,-420],[-778,-293],[405,-737],[-839,-443],[154,-246],[-527,-344],[218,-147],[-528,-52],[-247,-292],[155,-345],[-527,-99],[730,-24],[-233,-273],[542,-123],[3476,-99],[1037,-316],[-727,-175],[1302,-293],[420,24],[-233,174],[140,562],[775,246],[-218,250],[590,340],[-1459,840],[1537,123],[-233,-274],[1412,-415],[450,660],[852,421],[-1180,292],[-45,274],[2282,24],[-855,665],[1087,340],[387,467],[930,99],[870,-590],[1411,-221],[-1087,-392],[-262,-468],[2916,-292],[792,-420],[-1397,-392],[542,-274],[1987,297],[1987,-788],[759,864],[1272,245],[-110,170],[2731,0],[-170,170],[277,52],[158,737],[1844,519],[435,491],[2234,0],[295,-123],[-30,-543],[1161,-222],[-604,666],[917,415],[3598,99],[435,397],[1489,94],[-140,468],[-464,151],[277,94],[-155,444],[2094,321],[2233,1279],[3786,-198],[3973,297],[665,-618],[-215,-146],[959,-246],[-277,-146],[1147,-642],[-92,-538],[479,-420],[3848,490],[2607,-193],[1986,-590],[45,269],[-480,321],[-1909,316],[-185,444],[295,321],[-977,75],[215,-250],[-527,52],[217,-245],[-417,-420],[-1427,0],[-312,297],[1304,689],[977,24],[-217,245],[590,147],[-218,146],[590,344],[-170,175],[2791,689],[1427,0],[47,-273],[-527,-100],[3458,-613],[-354,665],[527,48],[122,344],[-712,392],[962,642],[-155,345],[1162,221],[914,-221],[-292,-369],[1722,-222],[-590,-297],[295,-170],[4033,-198],[232,-170],[-527,-246],[402,-198],[-217,-146],[917,-123],[358,123],[-221,193],[280,100],[-155,245],[667,-170],[668,415],[-1537,-122],[18,368],[977,-71],[976,467],[-1519,147],[775,99],[-483,269],[-3163,392],[-295,222],[63,344],[2079,836],[-155,245],[277,198],[-215,199],[355,122],[4346,-99],[-668,222],[590,246],[-1164,222],[-233,467],[480,514],[2296,690],[4158,99],[1349,-1105],[-604,-566],[4405,94],[-170,274],[465,783],[-402,298],[729,415],[3458,321],[-714,246],[1706,1232],[-402,292],[343,397],[-218,245],[1287,515],[2356,297],[2296,-887],[2732,-99],[497,-590],[4158,-789],[914,-514],[-232,-269],[542,222],[-170,170],[4963,0],[-790,613],[280,250],[-1334,737],[-95,538],[-605,618],[2716,269],[-1724,24],[-480,420],[358,269],[-358,515],[280,99],[-187,344],[-2839,713],[-310,392],[-729,28],[280,95],[-233,273],[-2108,491],[-483,468],[1707,1029],[589,1034],[1165,321],[-173,269],[3026,1501],[2669,-392],[1737,-888],[1489,-99],[0,496],[619,-297],[483,566],[-900,392],[1519,-99],[-962,245],[343,250],[-372,491],[-715,147],[187,543],[2094,514],[4033,99],[-170,269],[435,392],[837,52],[-962,293],[280,99],[-33,637],[358,222],[1861,198],[2297,-392],[199,-566],[1910,-519],[-1534,863],[3937,1034],[-1644,685],[372,1033],[5198,713],[1799,-198],[870,297],[14,-269],[483,-28],[417,373],[-1766,982],[2713,812],[-107,368],[417,222],[1861,99],[3104,-788],[1552,99],[2031,812],[-155,245],[340,246],[-107,269],[2853,887],[4346,590],[2916,-99],[1426,590],[1877,-175]],[[753979,682058],[-48,71],[482,-71],[-434,0]],[[774331,686382],[-170,75],[217,0],[-47,-75]],[[784213,691867],[-744,-444],[0,444],[309,193],[653,-94],[-218,-99]],[[809375,699929],[-917,-75],[173,175],[-218,99],[962,-199]],[[857728,710475],[-169,75],[217,0],[-48,-75]],[[737037,721492],[-170,71],[218,0],[-48,-71]],[[740700,721983],[-235,170],[730,-70],[-495,-100]],[[907743,721294],[-170,76],[215,0],[-45,-76]],[[907416,721615],[-233,-23],[-44,70],[232,24],[45,-71]],[[909712,721615],[-232,-23],[-45,70],[232,24],[45,-71]],[[921132,722890],[-236,-24],[-44,76],[280,-52]],[[753481,724934],[-310,0],[542,70],[-232,-70]],[[759563,725226],[-170,76],[215,0],[-45,-76]],[[759873,725524],[-170,71],[218,0],[-48,-71]],[[760680,725717],[-170,76],[215,0],[-45,-76]],[[917733,722866],[-170,76],[218,0],[-48,-76]],[[916056,723263],[-170,70],[218,0],[-48,-70]],[[923255,724046],[-170,76],[218,0],[-48,-76]],[[964519,733095],[-170,76],[218,0],[-48,-76]],[[760478,725840],[-280,52],[235,24],[45,-76]],[[762277,725840],[-1040,76],[498,99],[542,-175]],[[803853,731741],[-232,-24],[-48,75],[233,24],[47,-75]],[[807017,733954],[-1287,29],[744,193],[543,-222]],[[702102,726605],[498,-199],[-498,-94],[0,293]],[[744298,731523],[-169,-174],[464,-491],[-6004,-1303],[-852,-1010],[217,-95],[-217,-99],[217,-344],[-2281,-222],[-1427,-590],[-1227,122],[777,591],[-295,368],[-1426,99],[-2979,-788],[-1986,297],[2901,1595],[247,298],[-218,146],[778,246],[-218,245],[1597,618],[1924,-396],[1736,396],[1677,-198],[2732,689],[4032,0]],[[707440,649506],[3458,-274],[-402,-439],[217,-151],[-1397,-345],[465,-340],[-465,-151],[217,-146],[-247,-293],[-1039,-28],[-545,222],[217,543],[-899,146],[217,146],[-899,444],[217,146],[-483,520],[498,292],[870,-292]],[[703964,648618],[-1180,-392],[-354,321],[1766,246],[-232,-175]],[[704896,648618],[-173,76],[218,0],[-45,-76]],[[704399,648816],[-170,71],[217,0],[-47,-71]],[[705158,649185],[-450,23],[667,368],[-217,-391]],[[709239,649506],[-170,70],[217,0],[-47,-70]],[[705700,649506],[-45,70],[155,0],[-110,-70]],[[702909,650686],[-47,71],[155,0],[-108,-71]],[[704524,650978],[-48,76],[155,0],[-107,-76]],[[703219,651767],[-170,70],[218,0],[-48,-70]],[[708991,651960],[-172,76],[217,0],[-45,-76]],[[705810,652725],[1010,-666],[1549,99],[-867,-490],[-3103,689],[744,689],[667,-321]],[[705763,652848],[-170,75],[217,0],[-47,-75]],[[704026,653239],[-47,76],[154,0],[-107,-76]],[[704336,653339],[-170,75],[218,0],[-48,-75]],[[707812,653929],[45,-71],[-403,0],[358,71]],[[708059,653929],[-170,75],[218,0],[-48,-75]],[[705593,653905],[-497,99],[714,0],[-217,-99]],[[707812,654028],[-170,75],[215,0],[-45,-75]],[[707889,655873],[218,-642],[-498,-590],[-652,-146],[217,-99],[-217,-99],[217,-392],[-217,-146],[217,-99],[-402,-147],[155,-151],[-899,0],[-33,741],[-649,345],[649,491],[-232,170],[265,274],[852,23],[77,368],[652,147],[-169,170],[667,-123],[-218,-95]],[[705641,655208],[-48,75],[155,0],[-107,-75]],[[706198,655600],[-170,75],[217,0],[-47,-75]],[[705700,656388],[-170,76],[218,0],[-48,-76]],[[705825,656487],[855,269],[-482,-368],[-373,99]],[[709673,653140],[45,-70],[-402,0],[357,70]],[[710108,653438],[-497,-99],[-295,368],[900,99],[-108,-368]],[[710171,654420],[-173,75],[218,0],[-45,-75]],[[722144,662487],[-169,71],[217,0],[-48,-71]],[[706632,657861],[-869,99],[622,396],[295,-122],[-48,-373]],[[706880,658946],[-170,71],[217,0],[-47,-71]],[[706385,658946],[-173,71],[218,0],[-45,-71]],[[706680,659069],[-173,-28],[-44,75],[217,-47]],[[689009,646947],[-170,76],[217,0],[-47,-76]],[[690126,647438],[-170,76],[217,0],[-47,-76]],[[701667,647835],[-170,70],[218,0],[-48,-70]],[[692300,648325],[170,-174],[-915,274],[745,-100]],[[691677,649307],[-929,-391],[-622,292],[497,397],[1054,-298]],[[687025,650879],[-173,76],[218,0],[-45,-76]],[[687210,651276],[47,-76],[-405,0],[358,76]],[[687442,652527],[-900,-293],[465,-151],[-479,-316],[-870,391],[497,397],[605,-76],[-417,369],[1099,-321]],[[685473,652258],[-47,75],[154,0],[-107,-75]],[[685783,652357],[-170,75],[218,0],[-48,-75]],[[685783,652649],[-170,76],[218,0],[-48,-76]],[[685348,652649],[-170,76],[218,0],[-48,-76]],[[683921,653239],[-169,76],[217,0],[-48,-76]],[[679996,654004],[-233,24],[126,99],[107,-123]],[[690748,713133],[1737,-298],[-2109,-689],[-2407,-71],[2034,1157],[745,-99]],[[687582,714511],[48,-76],[-465,0],[417,76]],[[729716,674977],[-170,71],[217,0],[-47,-71]],[[730011,675194],[-170,-23],[-48,75],[170,24],[48,-76]],[[729608,675440],[215,-47],[-465,-100],[250,147]],[[730213,675369],[-173,71],[218,0],[-45,-71]],[[706632,659239],[-169,76],[217,0],[-48,-76]],[[702972,662779],[-48,76],[155,0],[-107,-76]],[[709113,718736],[-169,75],[217,0],[-48,-75]],[[708446,719892],[-1069,24],[1287,75],[-218,-99]],[[725185,675562],[-169,76],[217,0],[-48,-76]],[[725620,675761],[108,-76],[-465,0],[357,76]],[[729576,675638],[-218,99],[730,24],[-512,-123]],[[709611,718641],[-170,71],[218,0],[-48,-71]],[[731268,719132],[-170,71],[214,0],[-44,-71]],[[709736,719033],[-545,170],[715,0],[-170,-170]],[[721075,725500],[247,-151],[-2094,-807],[-3535,-99],[15,368],[1596,514],[2794,392],[977,-217]],[[714886,725916],[789,-369],[-2156,-1104],[-2714,122],[2901,1549],[1180,-198]],[[668966,690219],[170,-75],[-214,0],[44,75]],[[707687,721592],[977,-864],[-1040,-515],[-5024,-689],[-1737,-491],[-125,-297],[-6577,-392],[15,566],[295,123],[6764,883],[542,321],[-217,245],[789,420],[5338,690]],[[963822,733218],[247,52],[-527,-151],[280,99]],[[964877,733270],[-45,-76],[-235,24],[280,52]],[[972942,733907],[-214,47],[170,29],[44,-76]],[[973410,733709],[-188,245],[840,199],[-652,-444]],[[972478,734006],[-185,246],[402,-198],[-217,-48]],[[973565,734200],[-170,-24],[-48,76],[170,23],[48,-75]],[[972883,734398],[494,47],[-774,-146],[280,99]],[[974387,734375],[-667,169],[479,123],[295,-123],[-107,-169]],[[819196,734865],[232,-23],[-63,-345],[-914,-420],[-623,-94],[-542,415],[1228,567],[682,-100]],[[851959,736933],[45,-75],[-528,0],[483,75]],[[764838,737226],[295,-170],[-295,-321],[-3476,-198],[-1721,221],[357,269],[1180,-193],[3660,392]],[[852144,736933],[-108,71],[480,-71],[-372,0]],[[856224,737202],[-47,-175],[-185,100],[232,75]],[[851322,737301],[-45,-75],[-235,23],[280,52]],[[871986,739317],[-172,-24],[-45,71],[217,-47]],[[871799,740544],[-45,-75],[-235,28],[280,47]],[[872064,740865],[-435,99],[542,-23],[-107,-76]],[[872853,740497],[-232,-28],[-48,75],[280,-47]],[[873863,740568],[-170,75],[215,0],[-45,-75]],[[890370,746667],[-173,75],[217,0],[-44,-75]],[[909605,747455],[310,193],[419,-122],[-729,-71]],[[891856,748144],[-170,71],[218,0],[-48,-71]],[[914257,757288],[0,198],[730,-123],[-730,-75]],[[929647,762896],[-170,70],[218,0],[-48,-70]],[[929212,763188],[-170,76],[218,0],[-48,-76]],[[929087,763580],[-170,76],[218,0],[-48,-76]],[[937838,765747],[48,-76],[-528,0],[480,76]],[[936721,765747],[48,-76],[-528,0],[480,76]],[[937281,765747],[-173,70],[218,0],[-45,-70]],[[947643,768697],[170,-76],[-280,0],[110,76]],[[159468,173793],[-1200,-510],[-739,241]],[[124340,57920],[1498,2417],[617,1624],[1147,1298],[2665,783],[828,1275],[-1691,618],[977,1402],[3544,236],[1278,1662],[1763,236],[1290,4583],[500,4409],[-5787,2058],[980,2979],[2782,57],[-12,1581],[539,2577],[4828,-2119],[3667,-505],[5149,2615],[1463,208],[1555,-765],[5805,-529],[3193,-2497],[2004,-382],[718,-694],[113,-1209],[4006,-2596],[-89,-854],[304,-1567],[1298,-3588],[1102,-1407],[-1751,-2275],[-691,-1378],[3386,-1539],[3319,-817]],[[176637,65817],[682,-2280],[1170,-2384],[164,-1944]],[[178653,59209],[-602,-515],[-1272,-2134],[-2171,-4734],[486,-3762],[-2687,-496],[-703,-1133],[-375,-4777],[-2779,-1114],[-822,-1506],[-2276,2200],[-1423,-194],[363,-3889]],[[77307,152579],[-1341,1081],[36,250],[1427,10]],[[77429,153920],[339,-1029],[-461,-312]],[[32918,191150],[1260,472],[3277,-368],[1441,-1086],[1019,-1879],[3961,680],[16995,-2705],[8772,-2525],[14702,-3083],[5981,-2138],[-1123,-3904],[3797,-769],[11354,-1029],[7441,-3243],[4351,-1346],[-1254,-2350],[-1805,-2035],[-688,-2667],[-804,-1728],[8745,-3649],[670,2908],[2055,2776],[5597,-562],[80,-2020],[2791,-288],[7324,-2474],[1883,-1539],[449,-929]],[[141189,153670],[-1986,-2158],[-2922,-6042],[-3128,505],[-2096,-986],[-6139,-5693],[-1135,-1988],[-190,-1213],[908,-1860],[-3610,-5168],[-560,-2323],[1692,-4324],[-2690,47],[-542,-2558],[4423,-1964],[-992,-4291],[93,-3606],[-745,-3550],[-3678,-6670],[-6175,-944],[-4709,609]],[[107008,99493],[-4152,2686],[-2624,2214],[-1966,1156]],[[98266,105549],[-294,2153],[-572,557],[-3869,1600],[-2776,736],[-1823,-37],[-2648,-1313],[-3860,-4541],[-926,-1647],[-3199,316],[-4775,-302],[-7866,1444],[-8885,482],[-3145,-4277],[-1427,-3516],[-1281,-1223]],[[50920,95981],[-3121,-184],[-3342,1227],[-9924,4654],[-9189,9517],[-253,2270],[83,1445],[-649,1628],[2350,2781],[1385,741],[366,1723],[-3657,-1227],[-977,736],[2445,2304],[-468,1524],[-3136,2313],[-396,2115],[9,1690],[-2755,1883],[-5752,6600],[5588,-600],[2356,1086],[5162,-1025],[3571,2771],[4021,4867],[-1403,2856],[-941,3031],[807,1779],[-146,156],[959,-222],[185,-293],[-93,-736],[373,-396],[1349,-317],[2171,-99],[560,788],[790,-321],[-108,-467],[2234,-590],[1224,415],[63,444],[-340,298],[355,23],[1072,-1255],[852,-222],[3786,198],[2731,-590],[295,-123],[-155,-245],[959,-1624],[18,-368],[-667,75],[339,-99],[33,-345],[1659,-811],[2916,-690],[3288,199],[3211,1302],[807,1572],[-217,1426],[1289,812],[1552,198],[1799,-788],[1674,99],[1117,293],[885,863],[1721,713],[5382,-2091],[2499,-2138],[1180,-199],[807,-590],[232,222],[-2016,888],[-1397,1718],[-3020,1010]],[[77429,153920],[-1445,-123],[-1271,378],[-251,198],[0,543],[2142,2308],[62,444],[-777,344],[-122,491],[402,491],[63,1426],[-1707,2412],[-125,935],[217,391],[-2016,543],[-1489,2455],[434,1034],[837,443],[840,1327],[1272,444],[122,538],[-1287,717],[-1116,-198],[-358,321],[-247,392],[217,99],[-92,245],[1272,444],[-560,439],[-2341,519],[-685,-198],[-1287,713],[-247,444],[280,443],[-96,439],[343,1331],[-247,737],[-2592,123],[-1349,-713],[-187,-199],[92,-736],[-900,-1034],[155,-835],[-354,-515],[-1600,713],[93,345],[-480,217],[-3103,-95],[-2979,-1770],[-3723,1081],[-3333,1695],[-1025,1723],[-589,245],[-2267,2507],[-1954,1525],[-1301,1671],[29,642],[-589,245],[-775,1227],[-1334,1034],[-962,2507],[-837,344],[-33,345],[-1039,713],[-2312,316]],[[70989,157224],[170,76],[107,-175],[-277,99]],[[70599,157493],[110,-71],[-154,0],[44,71]],[[70972,164479],[47,-75],[-92,0],[45,75]],[[37836,153268],[47,-75],[-92,0],[45,75]],[[37666,154472],[107,71],[110,-170],[-217,99]],[[49005,158579],[232,-76],[-277,0],[45,76]],[[50494,162511],[233,-76],[-277,0],[44,76]],[[49565,164182],[-62,-293],[-420,123],[482,170]],[[55320,168091],[14,122],[111,-170],[-125,48]],[[68011,172027],[92,0],[0,-52],[-92,0],[0,52]],[[65125,176158],[184,94],[-62,-146],[-122,52]],[[183847,184749],[2875,3691],[5105,4617],[3380,4522],[-1864,1100],[-1337,1237],[-364,2228],[1105,1822],[2776,1067],[1501,1595],[888,-71],[3038,9904]],[[254685,208710],[9891,-2049],[5937,-1911]],[[300113,169658],[-1570,-845],[-2960,-850],[1402,-3120],[2961,-3720],[3643,-2766],[2249,-1086],[2076,-486],[5712,109],[3449,-1223],[1546,-1090],[5353,-638],[1718,-736],[8540,-4909],[3714,-3423],[3720,-2011],[1543,-2341],[-122,-2851],[-382,-1445],[-1560,-826],[-2094,-1907],[-888,-1557],[4769,-6963],[143,-1095]],[[343075,123879],[-2901,-803],[-8471,99],[-548,-2294],[-1016,-231],[-10136,1053],[-2698,1227],[-7271,1605],[-4065,-722],[-1522,-1086],[-1183,-1331],[340,-1454],[-6398,-1940],[-11429,-2464]],[[285777,115538],[-7142,4310],[-7464,1869],[-3422,1897],[-5731,-561],[-3824,-1870],[-9016,-2332],[-7688,2630],[-1858,75]],[[239632,121556],[-2064,926],[-3661,2454]],[[233907,124936],[-3303,5235],[-2091,1152]],[[228513,131323],[-4846,1798]],[[72598,59270],[533,779],[-745,1756],[569,1628],[-2204,652],[-819,1142],[-30,1331],[316,1124],[-1927,2006],[-888,1614],[-77,1568],[-471,934],[-1283,968],[-1645,85],[-2373,-576],[-1213,481],[-1447,1926],[-283,1903],[2106,89],[988,3125],[1293,2299],[500,2101],[81,1694],[-992,4268],[-1081,1699],[-2323,2195],[-2952,807],[-5311,-887]],[[98266,105549],[8742,-6056]],[[141189,153670],[5767,-940],[744,6005],[2613,8010]],[[150313,166745],[14192,-1883]],[[183874,103232],[1341,-4310],[1980,-1978],[3503,-2521]],[[190698,94423],[-4340,-1520],[-6353,-5022],[-1608,-2384],[640,-1794],[-3059,-2577],[-616,-2337],[1724,-2964],[-181,-1714],[-545,-1241],[488,-1926],[1352,-2493],[679,-2284],[-2242,-350]],[[155299,175601],[-2904,-8960]],[[152395,166641],[-2082,104]],[[32918,191150],[265,-19],[-2359,-198],[543,1255],[-1022,1129],[0,934],[277,293],[-340,245],[155,251],[-280,245],[93,245],[-403,293],[1165,-467],[727,174],[-2883,2016],[-498,788],[-247,1081],[217,147],[-342,788],[420,614],[2171,292],[605,-712],[-218,-345],[745,-491],[1784,-123],[1224,911],[-107,567],[4203,1104],[932,888],[-774,982],[59,443],[468,147],[619,883],[-280,542],[405,444],[30,1917],[402,443],[-247,638],[-1025,443],[126,1034],[604,614],[1615,-298],[2359,987],[1861,94],[5895,-1572],[2046,-1081],[3288,-689],[3351,-1963],[4158,-1181],[1164,-1109],[0,-538],[-527,-1034],[122,-444],[1335,-736],[342,-642],[3259,-1525],[324,-462],[6949,-2360],[7804,-128],[-900,-1180],[-125,-585],[218,-99],[154,-836],[837,-642],[-291,-368],[-1102,514],[-435,690],[280,542],[-1287,123],[-2237,-1477],[-137,368],[-1474,519],[-1305,-1081],[-122,293],[-1367,0],[-1471,-812],[-251,-538],[310,-789],[1769,-835],[1677,-1770],[-1212,-689],[-512,-760],[747,490],[1659,222],[-652,1426],[977,1204],[1924,99],[3848,1378],[2172,95],[1116,-591],[310,397],[420,-175],[-497,836],[-1460,543],[96,344],[-962,1128],[1471,468],[1120,-883],[2293,-887],[1862,-95],[4405,-1180],[3848,-297],[3834,-1501],[-218,-147],[3396,-2091],[5337,-883],[1287,-911],[405,-736],[2451,-1034],[1626,-1350],[1475,-321],[-527,-99],[294,-170],[5213,590],[-63,-297],[-726,-24],[-63,-444],[1659,-23],[-357,1350],[3568,840],[-527,194],[232,273],[497,-396],[668,420],[-218,194],[280,198],[-110,170],[-914,-368],[-126,344],[528,0],[-668,619],[-354,-1011],[277,-146],[-1287,-614],[-792,24],[1087,1374],[372,887],[15,1350],[373,0],[140,-368],[714,-47],[1132,-959],[2419,-689],[232,24],[-92,543],[173,23],[2838,-911],[310,-198],[217,-1029],[277,-245],[-277,-246],[977,-911],[3226,-297],[2296,396],[1070,-958],[1474,-713],[1427,-198],[1304,491],[992,-99],[1659,-614],[560,-788],[-48,-661],[623,292],[1364,-882],[3288,-298],[1600,-1302],[18,-624]],[[158250,175662],[-2406,-52],[-545,-9]],[[130553,184470],[-1126,-731]],[[129427,183739],[1326,-1633],[2079,557],[190,807],[-1111,958],[-1358,42]],[[125764,182866],[170,-71],[-277,0],[107,71]],[[130169,185424],[173,-71],[-280,0],[107,71]],[[134080,187194],[730,-269],[-793,-24],[-357,369],[420,-76]],[[142566,183630],[-2592,-170],[420,-122],[-420,-175],[-667,321],[2282,467],[977,-321]],[[137788,184121],[247,99],[-110,-269],[-137,170]],[[137755,185103],[110,127],[108,-174],[-218,47]],[[136623,186802],[977,-420],[-92,-344],[217,-194],[-542,-28],[-1227,911],[667,75]],[[133380,190418],[-852,-764],[-542,122],[479,-321],[2172,397],[1739,-298],[78,369],[357,23],[557,-684],[512,661],[962,245],[78,373],[1102,-618],[-527,-345],[664,76],[313,-392],[232,122],[-217,345],[589,392],[30,-543],[465,-47],[-93,-444],[590,52],[-280,-297],[95,-246],[-527,0],[465,-344],[185,-392],[-155,-543],[497,-590],[1084,-491],[-1209,982],[295,174],[3041,-1477],[232,75],[-1209,690],[2031,-175],[667,-415],[93,-444],[1024,-246],[0,-637],[-527,-245],[-140,-765],[-1257,1940],[-479,28],[-110,-174],[405,-47],[866,-1327],[-1394,-52],[1519,-392],[218,-741],[715,-585],[-2282,-123],[-792,515],[217,443],[-527,-51],[-1566,1156],[-730,-170],[855,-28],[417,-468],[-1597,468],[-3535,-194],[-668,614],[465,444],[-342,344],[92,637],[-432,789],[-2112,1572],[-789,321],[-2484,-99],[-325,467],[-792,-76],[-605,520],[855,561],[-1489,0],[-745,-882],[-482,321],[435,538],[1537,713],[1489,-293],[682,392],[417,-416]],[[135444,186802],[357,-368],[-1087,194],[730,174]],[[142193,188351],[373,99],[-111,-269],[-262,170]],[[142256,188742],[140,222],[170,-269],[-310,47]],[[127983,187270],[280,590],[277,0],[-247,-642],[-310,52]],[[128263,188152],[479,222],[-372,-392],[-107,170]],[[134622,190513],[125,-246],[-667,-23],[-792,665],[1039,123],[295,-519]],[[133568,192972],[1364,-935],[-1784,-812],[-745,590],[-542,-269],[62,737],[745,788],[900,-99]],[[76184,193194],[110,-76],[-155,0],[45,76]],[[76806,193392],[108,-75],[-155,0],[47,75]],[[125952,223679],[107,-71],[-155,0],[48,71]],[[126386,223778],[45,-71],[-92,0],[47,71]],[[159382,177730],[-33,292],[420,-23],[-387,-269]],[[159320,178121],[-155,-47],[44,71],[111,-24]],[[156913,179330],[-605,170],[715,-99],[-110,-71]],[[154310,179523],[170,-170],[-653,100],[-125,339],[608,-269]],[[153672,180354],[-169,-141],[-668,122],[-744,1105]],[[147605,181983],[358,-170],[-1457,94],[1099,76]],[[148397,184319],[-92,199],[340,-99],[-248,-100]],[[146846,187713],[-340,439],[402,-292],[-62,-147]],[[138872,194204],[-867,-496],[1100,274],[1349,-519],[-1022,-491],[232,-170],[3476,689],[1844,-321],[-590,-543],[1087,-637],[-714,-344],[729,-24],[605,-618],[-340,-1520],[340,-543],[-217,-737],[405,-1378],[-730,-123],[-2466,812],[-247,392],[-33,1426],[-1799,1770],[-3941,1331],[2032,170],[110,467],[-4376,47],[3336,1256],[697,-170]],[[139956,192972],[3,-47],[-92,0],[89,47]],[[139664,203815],[480,-123],[-30,-444],[962,-736],[-32,-444],[250,-193],[1334,-250],[185,-439],[-480,-1502],[852,-1010],[-899,-193],[402,-836],[-417,-222],[-605,317],[-435,788],[30,741],[-962,637],[280,590],[-125,1327],[-557,1279],[-527,146],[339,246],[-464,-47],[-63,443],[482,-75]],[[139245,205708],[217,-147],[-107,-566],[-483,859],[373,-146]],[[146429,187982],[44,-75],[-155,0],[111,75]],[[151301,181983],[-2067,514],[-122,246],[373,887],[2138,1180],[-667,24],[-170,-170],[218,-99],[-1969,-812],[232,269],[-342,345],[154,835],[-309,888],[-480,-175],[-1102,713],[155,741],[-962,1520],[280,349],[-343,1180],[465,439],[-339,1180],[125,642],[1146,-344],[-402,344],[527,293],[-527,491],[1084,-491],[808,-1770],[-1210,-1180],[745,-1426],[590,-99],[-590,392],[155,250],[-652,637],[62,246],[1040,613],[434,-391],[1659,368],[-1519,-147],[-497,590],[92,444],[-402,737],[155,245],[-1209,1227],[-95,444],[-1100,-71],[-2469,1794],[855,269],[140,-467],[465,99],[-155,444],[527,538],[125,642],[-899,1619],[0,642],[402,245],[-125,836],[-727,420],[-1474,-373],[-310,496],[155,245],[-468,345],[95,637],[-589,245],[155,298],[-155,935],[402,439],[62,542],[-3708,1794],[-605,-175],[-29,350],[-933,883],[-2141,1524],[-1084,3097],[-1832,835],[-590,1327],[-590,250],[-154,637],[-1582,1426],[-527,1034],[-3381,2308],[93,935],[-528,1425],[-62,1232],[774,-396],[-464,99],[154,-345],[-217,-94],[125,-496],[542,-316],[542,269],[-837,392],[962,986],[-652,48],[-185,344],[295,420],[-667,-222],[-125,-151],[280,-292],[-465,-99],[-187,1916],[280,444],[-30,1232],[1021,1817],[590,1718],[3274,2880],[8813,3049],[3056,2530],[2216,713],[2654,1402],[2978,2559],[930,1373],[32,543],[900,543],[1272,1917],[2064,1416],[-1913,-1681]],[[169857,178452],[-9343,-401],[-977,712],[-33,345],[-667,24],[-929,783],[-1195,-4],[-2993,2341]],[[129427,183739],[334,217],[792,514]],[[190698,94423],[4131,43],[3351,-595],[2240,1053],[1492,-62],[1873,-783],[1665,-185],[3727,1223],[4962,-2629],[890,-1067],[-223,-1709],[-572,-1477],[905,-1308],[2544,-1256],[3101,458],[5680,-1539],[3032,-1378]],[[229496,83212],[7342,-5778]],[[236838,77434],[756,-2171],[3801,-1010],[1385,-1671],[1057,-1922],[566,-1812],[1701,-1671],[4682,-3314],[3369,-3342],[2317,-1421],[1534,-2285],[372,-1454]],[[258378,55361],[-1045,-2572],[-6324,-3281],[-3913,-2634]],[[247096,46874],[-7235,198],[-2865,-557],[-3375,38],[-3395,519],[-8936,-991],[-2949,-1676],[-5194,-1510],[-4822,325],[-8438,-675],[-8010,2243],[-1069,1416],[-771,1676],[-75,972],[566,1001],[-372,2789],[-1174,562],[-3419,463],[-2022,1128],[-2067,1614],[-849,2403],[-1972,397]],[[3524,186802],[232,-75],[-280,0],[48,75]],[[3211,187982],[47,-75],[-92,0],[45,75]],[[1677,189677],[1209,-982],[-604,-514],[-2219,1104],[294,369],[1320,23]],[[2404,196144],[47,-75],[-92,0],[45,75]],[[4840,186826],[1334,-1180],[-2141,887],[357,661],[450,-368]],[[5710,203055],[-513,-321],[-667,368],[1180,-47]],[[10517,203593],[18,123],[107,-170],[-125,47]],[[5570,203617],[62,198],[170,-269],[-232,71]],[[4095,202366],[-62,439],[232,127],[483,-420],[-653,-146]],[[2886,210726],[310,47],[-107,-175],[-203,128]],[[2856,211018],[108,76],[107,-175],[-215,99]],[[3273,210995],[251,292],[232,-217],[-483,-75]],[[14568,206864],[914,-321],[125,-443],[-372,-982],[-977,-222],[-18,467],[-789,222],[-1427,-392],[-855,1006],[2901,864],[498,-199]],[[8036,212444],[1179,-491],[930,-1180],[-402,-543],[774,-982],[-837,-293],[188,-490],[339,-52],[125,-935],[-154,-198],[464,-246],[-527,-344],[590,-293],[-358,-222],[-789,515],[-497,1232],[339,590],[-605,415],[-976,-713],[-185,-637],[339,-99],[-649,-246],[-188,-736],[1040,-420],[497,297],[1472,-222],[217,-542],[778,-246],[-837,-689],[586,-293],[-339,-146],[527,-397],[-1227,-23],[-137,-368],[-545,70],[-1349,-712],[217,-439],[-914,-24],[-420,807],[154,642],[-589,444],[155,637],[-775,543],[402,340],[-914,420],[-2776,222],[-900,1128],[-589,250],[-807,1473],[-63,836],[310,590],[855,613],[1846,175],[-962,-491],[465,-297],[-527,-293],[232,-76],[2094,713],[-30,345],[465,146],[-93,246],[417,613],[2964,76]],[[14630,213355],[-977,-420],[-125,-345],[730,-613],[45,368],[-402,146],[62,349],[1412,317],[572,-859],[590,-52],[77,-463],[4593,0],[1117,392],[667,-368],[-1722,-812],[-2543,99],[-870,-590],[-914,269],[169,-468],[-4327,1105],[402,987],[-93,637],[1228,514],[309,-193]],[[291991,27327],[-1058,-4494],[-1373,-4013],[-98,-4489],[-432,-3035],[-7878,1133],[-12730,-52],[-8364,1185],[-1441,821],[-831,1322],[756,868],[-983,1195],[-4104,160],[-4659,-1808],[-3279,-684],[-101,-1336],[-417,-1350],[-1236,-515],[-2035,-174],[-1471,-2228],[-2299,-1157],[-81,-1581],[-432,-864],[-4024,-845],[-2049,307],[-2573,1383],[-1424,321],[-1051,-883],[-1716,-2978],[-1069,-402],[-4644,4721],[-1471,1048]],[[217424,8903],[1644,1397],[923,274],[1457,-807],[1266,-203],[1701,420],[2049,2742],[700,1605],[-468,2908],[-2195,2738],[-1629,925],[-1165,3861],[468,2941],[1501,1511],[393,4399],[2642,1171],[3386,-751],[1868,779],[908,1001],[271,982],[2714,-52],[5346,5367],[2341,1397],[2067,411],[1406,883],[78,2072]],[[258378,55361],[1850,-2280],[730,-2662],[3568,-920],[6407,1307]],[[270933,50806],[7336,-4168]],[[217424,8903],[-1263,198],[-1310,935],[-1415,70],[-1370,-660],[-2020,-2752],[-1724,56],[-2994,-2063],[-7094,3140],[-825,575],[375,1355],[-1305,680],[-2210,-1921],[-2954,1827],[-388,962],[-2576,864],[-1028,-901],[-709,-2965],[-3883,1539],[-120,1459],[-994,684],[-1817,-816],[-2669,-1837]],[[275677,54752],[-65,-4257],[268,-2512]],[[275880,47983],[-4947,2823]],[[236838,77434],[-1189,822]],[[235649,78256],[721,2086],[1469,156],[4569,4357],[7276,-826],[1963,283],[1933,1251],[2067,2100],[1576,2210],[899,2686],[384,3530],[584,2436],[4390,3342],[-35,1213],[2195,-1062],[864,-1081],[196,-1090],[1510,-590],[1662,19]],[[269872,99276],[1978,750],[2302,1237]],[[274152,101263],[3283,2459],[5301,2224],[1814,1831]],[[284550,107777],[1781,4253]],[[286331,112030],[134,2545],[-688,963]],[[343075,123879],[4202,-1393],[4825,-2870],[4349,-1529],[1647,-1246],[641,-978],[-1785,-2874],[-1394,-1426],[-4986,-3668],[-7130,-3276],[5066,-10743],[39,-4730],[-1087,-10041]],[[358908,31797],[2997,3578],[2487,2488]],[[364392,37863],[3785,2464]],[[413814,35337],[-4396,-11334],[-1770,-302],[-3756,1105],[-4107,-2157],[-1933,-420],[-2681,448],[-2972,-2082],[-4548,-2039],[-2791,-1978],[-1334,-1416],[-754,-2634],[-578,-3743],[-11074,1515],[-48,3285],[-327,1794],[-1579,1138],[-4152,283],[-1471,628]],[[214148,136086],[6737,-1841],[7628,-2922]],[[233907,124936],[1406,-1180],[4319,-2200]],[[286331,112030],[-971,-2431],[-810,-1822]],[[274152,101263],[-4280,-1987]],[[235649,78256],[-6153,4956]]],"bbox":[35.5005,60.6698,69.0745,81.8542],"transform":{"scale":[0.000033574033574033575,0.000021184421184421188],"translate":[35.5005,60.6698]}}