{"type":"Topology","objects":{"muni":{"type":"GeometryCollection","geometries":[{"type":"MultiPolygon","arcs":[[[0,1,2,3,4,5,6,7,8]]],"properties":{"GID_2":"RUS.35.1_1","GID_0":"RUS","COUNTRY":"Russia","GID_1":"RUS.35_1","NAME_1":"Krasnoyarsk","NL_NAME_1":"Красноярскийкрай","NAME_2":"Abanskiyrayon","VARNAME_2":"NA","NL_NAME_2":"Абанскийрайон","TYPE_2":"Raion","ENGTYPE_2":"District","CC_2":"R62090","HASC_2":"RU.KY.AB"}},{"type":"MultiPolygon","arcs":[[[9,10,11,12]]],"properties":{"GID_2":"RUS.35.2_1","GID_0":"RUS","COUNTRY":"Russia","GID_1":"RUS.35_1","NAME_1":"Krasnoyarsk","NL_NAME_1":"Красноярскийкрай","NAME_2":"Achinskiyrayon","VARNAME_2":"NA","NL_NAME_2":"Ачинскийрайон","TYPE_2":"Raion","ENGTYPE_2":"District","CC_2":"R62090","HASC_2":"RU.KY.AR"}},{"type":"MultiPolygon","arcs":[[[13,14,15,16,17,18,19,20,21,22,23,24,25]]],"properties":{"GID_2":"RUS.35.3_1","GID_0":"RUS","COUNTRY":"Russia","GID_1":"RUS.35_1","NAME_1":"Krasnoyarsk","NL_NAME_1":"Красноярскийкрай","NAME_2":"Balakhtinskiyrayon","VARNAME_2":"NA","NL_NAME_2":"Балахтинскийрайон","TYPE_2":"Raion","ENGTYPE_2":"District","CC_2":"R62090","HASC_2":"RU.KX.BA"}},{"type":"MultiPolygon","arcs":[[[26,27,28,29,30,31,32,33,34,35,36]]],"properties":{"GID_2":"RUS.35.4_1","GID_0":"RUS","COUNTRY":"Russia","GID_1":"RUS.35_1","NAME_1":"Krasnoyarsk","NL_NAME_1":"Красноярскийкрай","NAME_2":"Baykitskiyrayon","VARNAME_2":"NA","NL_NAME_2":"Байкитскийрайон","TYPE_2":"Raion","ENGTYPE_2":"District","CC_2":"R62030","HASC_2":"RU.KX.BY"}},{"type":"MultiPolygon","arcs":[[[-17,37,38,39,40],[41],[42],[43]]],"properties":{"GID_2":"RUS.35.5_1","GID_0":"RUS","COUNTRY":"Russia","GID_1":"RUS.35_1","NAME_1":"Krasnoyarsk","NL_NAME_1":"Красноярскийкрай","NAME_2":"Berezovskiyrayon","VARNAME_2":"NA","NL_NAME_2":"Березовскийрайон","TYPE_2":"Raion","ENGTYPE_2":"District","CC_2":"R62090","HASC_2":"RU.KY.BE"}},{"type":"MultiPolygon","arcs":[[[44,45,46,47,48,49,50,51,52,53,54]]],"properties":{"GID_2":"RUS.35.6_1","GID_0":"RUS","COUNTRY":"Russia","GID_1":"RUS.35_1","NAME_1":"Krasnoyarsk","NL_NAME_1":"Красноярскийкрай","NAME_2":"Birilyusskiyrayon","VARNAME_2":"NA","NL_NAME_2":"Бирилюсскийрайон","TYPE_2":"Raion","ENGTYPE_2":"District","CC_2":"R62090","HASC_2":"RU.KY.BI"}},{"type":"MultiPolygon","arcs":[[[55]]],"properties":{"GID_2":"RUS.35.7_1","GID_0":"RUS","COUNTRY":"Russia","GID_1":"RUS.35_1","NAME_1":"Krasnoyarsk","NL_NAME_1":"Красноярскийкрай","NAME_2":"Bogotol","VARNAME_2":"NA","NL_NAME_2":"Боготол","TYPE_2":"Gorod","ENGTYPE_2":"City","CC_2":"NA","HASC_2":"RU.KY.BG"}},{"type":"MultiPolygon","arcs":[[[56,57,58,-11,59],[-56]]],"properties":{"GID_2":"RUS.35.8_1","GID_0":"RUS","COUNTRY":"Russia","GID_1":"RUS.35_1","NAME_1":"Krasnoyarsk","NL_NAME_1":"Красноярскийкрай","NAME_2":"Bogotol'skiyrayon","VARNAME_2":"NA","NL_NAME_2":"Боготольскийрайон","TYPE_2":"Raion","ENGTYPE_2":"District","CC_2":"R62090","HASC_2":"RU.KY.BG"}},{"type":"MultiPolygon","arcs":[[[60,-9,61,62,63,-31,64,65,66,67]]],"properties":{"GID_2":"RUS.35.9_1","GID_0":"RUS","COUNTRY":"Russia","GID_1":"RUS.35_1","NAME_1":"Krasnoyarsk","NL_NAME_1":"Красноярскийкрай","NAME_2":"Boguchanskiyrayon","VARNAME_2":"NA","NL_NAME_2":"Богучанскийрайон","TYPE_2":"Raion","ENGTYPE_2":"District","CC_2":"R62090","HASC_2":"RU.KY.BC"}},{"type":"MultiPolygon","arcs":[[[-45,68,69,70,71,72,73,74,75,76]]],"properties":{"GID_2":"RUS.35.10_1","GID_0":"RUS","COUNTRY":"Russia","GID_1":"RUS.35_1","NAME_1":"Krasnoyarsk","NL_NAME_1":"Красноярскийкрай","NAME_2":"Bol'shemurtinskiyrayon","VARNAME_2":"NA","NL_NAME_2":"Большемуртинскийрайон","TYPE_2":"Raion","ENGTYPE_2":"District","CC_2":"R62090","HASC_2":"RU.KY.BM"}},{"type":"MultiPolygon","arcs":[[[-12,77,-48,78]]],"properties":{"GID_2":"RUS.35.11_1","GID_0":"RUS","COUNTRY":"Russia","GID_1":"RUS.35_1","NAME_1":"Krasnoyarsk","NL_NAME_1":"Красноярскийкрай","NAME_2":"Bol'sheuluyskiyrayon","VARNAME_2":"NA","NL_NAME_2":"Большеулуйскийрайон","TYPE_2":"Raion","ENGTYPE_2":"District","CC_2":"R62090","HASC_2":"RU.KY.BL"}},{"type":"MultiPolygon","arcs":[[[79]]],"properties":{"GID_2":"RUS.35.12_1","GID_0":"RUS","COUNTRY":"Russia","GID_1":"RUS.35_1","NAME_1":"Krasnoyarsk","NL_NAME_1":"Красноярскийкрай","NAME_2":"Borodino","VARNAME_2":"NA","NL_NAME_2":"Бородино","TYPE_2":"Gorod","ENGTYPE_2":"City","CC_2":"NA","HASC_2":"RU.KY.BD"}},{"type":"MultiPolygon","arcs":[[[80]],[[81]],[[82]],[[83]],[[84]],[[85]],[[86]],[[87]],[[88]],[[89]],[[90]],[[91]],[[92]],[[93]],[[94]],[[95]],[[96]],[[97]],[[98]],[[99,100]],[[101]],[[102]],[[103]],[[104]],[[105]],[[106]],[[107]],[[108]],[[109]],[[110]],[[111]],[[112]],[[113]],[[114]],[[115]],[[116]],[[117]],[[118]],[[119]],[[120]],[[121]],[[122]],[[123]],[[124]],[[125]],[[126]],[[127]],[[128]],[[129]],[[130]],[[131]],[[132]],[[133]],[[134]],[[135]],[[136]],[[137]],[[138]],[[139]],[[140]],[[141]],[[142]],[[143]],[[144]],[[145]],[[146]],[[147]],[[148]],[[149]],[[150]],[[151]],[[152]],[[153]],[[154]],[[155]],[[156]],[[157]],[[158]],[[159]],[[160]],[[161]],[[162]],[[163]],[[164]],[[165]],[[166]],[[167]],[[168]],[[169]],[[170]],[[171]],[[172]],[[173]],[[174]],[[175]],[[176]],[[177]],[[178]],[[179]],[[180]],[[181]],[[182]],[[183]],[[184]],[[185]],[[186]],[[187]],[[188]],[[189]],[[190]],[[191]],[[192]],[[193]],[[194]],[[195]],[[196]],[[197]],[[198]],[[199]],[[200]],[[201]],[[202]],[[203]],[[204]],[[205]],[[206]],[[207]],[[208]],[[209]],[[210]],[[211]],[[212]],[[213]],[[214]],[[215]],[[216]],[[217]],[[218]],[[219]],[[220]],[[221]],[[222]],[[223]],[[224]],[[225]],[[226]],[[227]],[[228]],[[229]],[[230]],[[231]],[[232]],[[233]],[[234]],[[235]],[[236]],[[237]],[[238]],[[239]],[[240]],[[241]],[[242]],[[243]],[[244]],[[245]],[[246]],[[247]],[[248]],[[249]],[[250]],[[251]],[[252]],[[253]],[[254]],[[255]],[[256]],[[257]],[[258]],[[259]],[[260]],[[261]],[[262]],[[263]],[[264]],[[265]],[[266]],[[267]],[[268]],[[269]],[[270]],[[271]],[[272]],[[273]],[[274]],[[275]],[[276]],[[277]],[[278]],[[279]],[[280]],[[281]],[[282]],[[283]],[[284]],[[285]],[[286]],[[287]],[[288]],[[289]],[[290]],[[291]],[[292]],[[293]],[[294]],[[295]],[[296]],[[297]],[[298]],[[299]],[[300]],[[301]],[[302]],[[303]],[[304]],[[305]],[[306]],[[307]],[[308]],[[309]],[[310]],[[311]],[[312]],[[313]],[[314]],[[315]],[[316]],[[317]],[[318]],[[319]],[[320]],[[321]],[[322]],[[323]],[[324]],[[325]],[[326]],[[327]],[[328]],[[329]],[[330]],[[331]],[[332]],[[333]],[[334]],[[335]],[[336]],[[337,338,339,340,341,342,343]],[[344]],[[345]],[[346]],[[347]],[[348]],[[349]],[[350]],[[351]],[[352]],[[353]],[[354]],[[355]],[[356]],[[357]],[[358]],[[359]],[[360]],[[361]],[[362]],[[363]],[[364]],[[365]],[[366]],[[367]],[[368]],[[369]],[[370]],[[371]],[[372]],[[373]],[[374]],[[375]],[[376]],[[377]],[[378]],[[379]],[[380]],[[381]],[[382]],[[383]],[[384]],[[385]],[[386]],[[387]],[[388]],[[389]],[[390]],[[391]],[[392]],[[393]],[[394]],[[395]],[[396]],[[397]],[[398]],[[399]],[[400]],[[401]],[[402]],[[403]],[[404]],[[405]],[[406]],[[407]],[[408]],[[409]],[[410]],[[411]],[[412]],[[413]],[[414]],[[415]],[[416]],[[417]],[[418]],[[419]],[[420]],[[421]],[[422]],[[423]],[[424]],[[425]],[[426]],[[427]],[[428]],[[429]],[[430]],[[431]],[[432]],[[433]],[[434]],[[435]],[[436]],[[437]],[[438]],[[439]],[[440]],[[441]],[[442]],[[443]],[[444]],[[445]],[[446]],[[447]],[[448]],[[449]],[[450]],[[451]],[[452]],[[453]],[[454]],[[455]],[[456]],[[457]],[[458]],[[459]],[[460]],[[461]],[[462]],[[463]],[[464]],[[465]],[[466]],[[467]],[[468]],[[469]],[[470]],[[471]],[[472]],[[473]],[[474]],[[475]],[[476]],[[477]],[[478]],[[479]],[[480]],[[481]],[[482]],[[483]],[[484]],[[485]],[[486]],[[487]],[[488]],[[489]],[[490]],[[491]],[[492]],[[493]],[[494]],[[495]],[[496]],[[497]],[[498]],[[499]],[[500]],[[501]],[[502]],[[503]],[[504]],[[505]],[[506]],[[507]],[[508]],[[509]],[[510]],[[511]],[[512]],[[513]],[[514]],[[515]],[[516]],[[517]],[[518]],[[519]],[[520]],[[521]],[[522]],[[523]],[[524]],[[525]],[[526]],[[527]],[[528]],[[529]],[[530]],[[531]],[[532]],[[533]],[[534]],[[535]],[[536]],[[537]],[[538]],[[539]],[[540]],[[541]],[[542]],[[543]],[[544]],[[545]],[[546]],[[547]],[[548]],[[549]],[[550]],[[551]],[[552]],[[553]],[[554]],[[555]],[[556]],[[557]],[[558]],[[559]],[[560]],[[561]],[[562]],[[563]],[[564]],[[565]],[[566]],[[567]],[[568]],[[569]],[[570]],[[571]],[[572]],[[573]],[[574]],[[575]],[[576]],[[577]],[[578]],[[579]],[[580]],[[581]],[[582]],[[583]],[[584]],[[585]],[[586]],[[587]],[[588]],[[589]],[[590]],[[591]],[[592]],[[593]],[[594]],[[595]],[[596]],[[597]],[[598]],[[599]],[[600]],[[601]],[[602]],[[603]],[[604]],[[605]],[[606]],[[607]],[[608]],[[609]],[[610]],[[611]],[[612]],[[613]],[[614]],[[615]],[[616]],[[617]],[[618]],[[619]],[[620]],[[621]],[[622]],[[623]],[[624]],[[625]],[[626]],[[627]],[[628]],[[629]],[[630]],[[631]],[[632]],[[633]],[[634]],[[635]],[[636]],[[637]],[[638]],[[639]],[[640]],[[641]],[[642]],[[643]],[[644]],[[645]],[[646]],[[647]],[[648]],[[649]],[[650]],[[651]],[[652]],[[653]],[[654]],[[655]],[[656]],[[657]],[[658]],[[659]],[[660]],[[661]],[[662]],[[663]],[[664]],[[665]],[[666]],[[667]],[[668]],[[669]],[[670]],[[671]],[[672]],[[673]],[[674]],[[675]],[[676]],[[677]],[[678]],[[679]],[[680]],[[681]],[[682]],[[683]],[[684]],[[685]],[[686]],[[687]],[[688]],[[689]],[[690]],[[691]],[[692]],[[693]],[[694]],[[695]],[[696]],[[697]],[[698]],[[699]],[[700]],[[701]],[[702]],[[703]],[[704]],[[705]],[[706]],[[707]],[[708]],[[709]],[[710]],[[711]],[[712]],[[713]],[[714]],[[715]],[[716]],[[717]],[[718]],[[719]],[[720]],[[721]],[[722]],[[723]],[[724]],[[725]],[[726]],[[727]],[[728]],[[729]],[[730]],[[731]],[[732]],[[733]],[[734]],[[735]],[[736]],[[737]],[[738]],[[739]],[[740]],[[741]],[[742]],[[743]],[[744]],[[745]],[[746]],[[747]],[[748]],[[749]],[[750]],[[751]],[[752]],[[753]],[[754]],[[755]],[[756]],[[757]],[[758]],[[759]],[[760]],[[761]],[[762]],[[763]],[[764]],[[765]],[[766]],[[767]],[[768]],[[769]],[[770]],[[771]],[[772]],[[773]],[[774]],[[775]],[[776]],[[777]],[[778]],[[779]],[[780]],[[781]],[[782]],[[783]],[[784]],[[785]],[[786]],[[787]],[[788]],[[789]],[[790]],[[791]],[[792]],[[793]],[[794]],[[795]],[[796]],[[797]],[[798]],[[799]],[[800]],[[801]],[[802]],[[803]],[[804]],[[805]],[[806]],[[807]],[[808]],[[809]],[[810]],[[811]],[[812]],[[813]],[[814]],[[815]],[[816]],[[817]],[[818]],[[819]],[[820]],[[821]],[[822]],[[823]],[[824]],[[825]],[[826]],[[827]],[[828]],[[829]],[[830]],[[831]],[[832]],[[833]],[[834]],[[835]],[[836]],[[837]],[[838]],[[839]],[[840]],[[841]],[[842]],[[843]],[[844]],[[845]],[[846]],[[847]],[[848]],[[849]],[[850]],[[851]],[[852]],[[853]],[[854]],[[855]],[[856]],[[857]],[[858]],[[859]],[[860]],[[861]],[[862]],[[863]],[[864]],[[865]],[[866]],[[867]],[[868]],[[869]],[[870,871]],[[872]],[[873]],[[874]],[[875]],[[876]],[[877]],[[878]],[[879]],[[880]],[[881]],[[882]],[[883]],[[884]],[[885]],[[886]],[[887]],[[888]],[[889]],[[890]],[[891]],[[892]],[[893]],[[894]],[[895]],[[896]],[[897]],[[898]],[[899]],[[900]],[[901]],[[902]],[[903]],[[904]],[[905]],[[906]],[[907]],[[908]],[[909]],[[910]],[[911]],[[912]],[[913]],[[914]],[[915]],[[916]],[[917]],[[918]],[[919]],[[920]],[[921]],[[922]],[[923]],[[924]],[[925]],[[926]],[[927]],[[928]],[[929]],[[930]],[[931]],[[932]],[[933]],[[934]],[[935]],[[936]],[[937]],[[938]],[[939]],[[940]],[[941]],[[942]],[[943]],[[944]],[[945]],[[946]],[[947]],[[948]],[[949]],[[950]],[[951]],[[952]],[[953]],[[954]],[[955]],[[956]],[[957]],[[958]],[[959]],[[960]],[[961]],[[962]],[[963]],[[964]],[[965]],[[966]],[[967]],[[968]],[[969]],[[970]],[[971]],[[972]],[[973]],[[974]],[[975]],[[976]],[[977]],[[978]],[[979]],[[980]],[[981]],[[982]],[[983]],[[984]],[[985]],[[986]],[[987]],[[988]],[[989]],[[990]],[[991]],[[992]],[[993]],[[994]],[[995]],[[996]],[[997]],[[998]],[[999]],[[1000]],[[1001]],[[1002]],[[1003]],[[1004]],[[1005]],[[1006]],[[1007]],[[1008]],[[1009]],[[1010]],[[1011]],[[1012]],[[1013]],[[1014]],[[1015]],[[1016]],[[1017]],[[1018]],[[1019]],[[1020]],[[1021]],[[1022]],[[1023]],[[1024]],[[1025]],[[1026]],[[1027]],[[1028]],[[1029]],[[1030]],[[1031]],[[1032]],[[1033]],[[1034]],[[1035]],[[1036]],[[1037]],[[1038]],[[1039]],[[1040]],[[1041]],[[1042]],[[1043]],[[1044]],[[1045]],[[1046]],[[1047]],[[1048]],[[1049]],[[1050]],[[1051]],[[1052]],[[1053]],[[1054]],[[1055]],[[1056]],[[1057]],[[1058]],[[1059]],[[1060]],[[1061]],[[1062]],[[1063]],[[1064]],[[1065]],[[1066]],[[1067]],[[1068]],[[1069]],[[1070]],[[1071]],[[1072]],[[1073]],[[1074]],[[1075]],[[1076]],[[1077]],[[1078]],[[1079]],[[1080]],[[1081]],[[1082]],[[1083]],[[1084]],[[1085]],[[1086]],[[1087]],[[1088]],[[1089]],[[1090]],[[1091]],[[1092]],[[1093]],[[1094]],[[1095]],[[1096]],[[1097]],[[1098]],[[1099]],[[1100]],[[1101]],[[1102]],[[1103]],[[1104]],[[1105]],[[1106]],[[1107]],[[1108]],[[1109]],[[1110]],[[1111]],[[1112]],[[1113]],[[1114]],[[1115]],[[1116]],[[1117]],[[1118]],[[1119]],[[1120]],[[1121]],[[1122]],[[1123]],[[1124]],[[1125]],[[1126]],[[1127]],[[1128]],[[1129]],[[1130]],[[1131]],[[1132]],[[1133]],[[1134]],[[1135]],[[1136]],[[1137]],[[1138]],[[1139]],[[1140]],[[1141]],[[1142]],[[1143]],[[1144]],[[1145]],[[1146]],[[1147]],[[1148]],[[1149]],[[1150]],[[1151]],[[1152]],[[1153]],[[1154]],[[1155]],[[1156]],[[1157]],[[1158]],[[1159]],[[1160]],[[1161]],[[1162]],[[1163]],[[1164]],[[1165]],[[1166]],[[1167]],[[1168]],[[1169]],[[1170]],[[1171]],[[1172]],[[1173]],[[1174]],[[1175]],[[1176]],[[1177]],[[1178]],[[1179]],[[1180]],[[1181]],[[1182]],[[1183]],[[1184]],[[1185]],[[1186]],[[1187]],[[1188]],[[1189]],[[1190]],[[1191]],[[1192]],[[1193]],[[1194]],[[1195]],[[1196]],[[1197]],[[1198]],[[1199]],[[1200]],[[1201]],[[1202]],[[1203]],[[1204]],[[1205]],[[1206]],[[1207]],[[1208]],[[1209]],[[1210]],[[1211]],[[1212]],[[1213]],[[1214]],[[1215]],[[1216]],[[1217]],[[1218]],[[1219]],[[1220]],[[1221]],[[1222]],[[1223]],[[1224]],[[1225]],[[1226]],[[1227]],[[1228]],[[1229]],[[1230]],[[1231]],[[1232]],[[1233]],[[1234]],[[1235]],[[1236]],[[1237]],[[1238]],[[1239]],[[1240]],[[1241]],[[1242]],[[1243]],[[1244]],[[1245]],[[1246]],[[1247]],[[1248]],[[1249]],[[1250]],[[1251]],[[1252]],[[1253]],[[1254]],[[1255]],[[1256]],[[1257]],[[1258]],[[1259]],[[1260]],[[1261]],[[1262]],[[1263]],[[1264]],[[1265]],[[1266]],[[1267]],[[1268]],[[1269]],[[1270]],[[1271]],[[1272]],[[1273]],[[1274]],[[1275]],[[1276]],[[1277]],[[1278]],[[1279]],[[1280]],[[1281]]],"properties":{"GID_2":"RUS.35.13_1","GID_0":"RUS","COUNTRY":"Russia","GID_1":"RUS.35_1","NAME_1":"Krasnoyarsk","NL_NAME_1":"Красноярскийкрай","NAME_2":"Diksonskiyrayon","VARNAME_2":"NA","NL_NAME_2":"Диксонскийрайон","TYPE_2":"Raion","ENGTYPE_2":"District","CC_2":"R62020","HASC_2":"RU.TM.DI"}},{"type":"MultiPolygon","arcs":[[[-42]]],"properties":{"GID_2":"RUS.35.14_1","GID_0":"RUS","COUNTRY":"Russia","GID_1":"RUS.35_1","NAME_1":"Krasnoyarsk","NL_NAME_1":"Красноярскийкрай","NAME_2":"Divnogorsk","VARNAME_2":"NA","NL_NAME_2":"Дивногорск","TYPE_2":"Gorsovet","ENGTYPE_2":"District","CC_2":"NA","HASC_2":"RU.KY.DI"}},{"type":"MultiPolygon","arcs":[[[-342,1282,1283,1284,1285,1286,1287,1288,1289,1290]]],"properties":{"GID_2":"RUS.35.15_1","GID_0":"RUS","COUNTRY":"Russia","GID_1":"RUS.35_1","NAME_1":"Krasnoyarsk","NL_NAME_1":"Красноярскийкрай","NAME_2":"Dudinkagorsovet","VARNAME_2":"Dudinka","NL_NAME_2":"Дудинка(горсовет)","TYPE_2":"Gorsovet","ENGTYPE_2":"District","CC_2":"R62020","HASC_2":"RU.TM.DU"}},{"type":"MultiPolygon","arcs":[[[-7,1291,1292,1293,1294,1295,1296]]],"properties":{"GID_2":"RUS.35.16_1","GID_0":"RUS","COUNTRY":"Russia","GID_1":"RUS.35_1","NAME_1":"Krasnoyarsk","NL_NAME_1":"Красноярскийкрай","NAME_2":"Dzerzhinskiyrayon","VARNAME_2":"NA","NL_NAME_2":"Дзержинскийрайон","TYPE_2":"Raion","ENGTYPE_2":"District","CC_2":"R62091","HASC_2":"RU.KY.DZ"}},{"type":"MultiPolygon","arcs":[[[-16,1297,1298,1299,1300,-46,-77,1301,1302,1303,-38]]],"properties":{"GID_2":"RUS.35.17_1","GID_0":"RUS","COUNTRY":"Russia","GID_1":"RUS.35_1","NAME_1":"Krasnoyarsk","NL_NAME_1":"Красноярскийкрай","NAME_2":"Emel'yanovskiyrayon","VARNAME_2":"NA","NL_NAME_2":"Емельяновскийрайон","TYPE_2":"Raion","ENGTYPE_2":"District","CC_2":"R62091","HASC_2":"RU.KY.EM"}},{"type":"MultiPolygon","arcs":[[[1304,-27,1305,1306,1307,1308,1309,1310,1311,1312,-52,1313,-50,1314,1315]]],"properties":{"GID_2":"RUS.35.18_1","GID_0":"RUS","COUNTRY":"Russia","GID_1":"RUS.35_1","NAME_1":"Krasnoyarsk","NL_NAME_1":"Красноярскийкрай","NAME_2":"Eniseyskiyrayon","VARNAME_2":"NA","NL_NAME_2":"Енисейскийрайон","TYPE_2":"Raion","ENGTYPE_2":"District","CC_2":"R62091","HASC_2":"RU.KY.ER"}},{"type":"MultiPolygon","arcs":[[[1316,1317,1318]]],"properties":{"GID_2":"RUS.35.19_1","GID_0":"RUS","COUNTRY":"Russia","GID_1":"RUS.35_1","NAME_1":"Krasnoyarsk","NL_NAME_1":"Красноярскийкрай","NAME_2":"Ermakovskiyrayon","VARNAME_2":"NA","NL_NAME_2":"Ермаковскийрайон","TYPE_2":"Raion","ENGTYPE_2":"District","CC_2":"R62091","HASC_2":"RU.KY.EK"}},{"type":"MultiPolygon","arcs":[[[-20,1319,1320]]],"properties":{"GID_2":"RUS.35.20_1","GID_0":"RUS","COUNTRY":"Russia","GID_1":"RUS.35_1","NAME_1":"Krasnoyarsk","NL_NAME_1":"Красноярскийкрай","NAME_2":"Idrinskiyrayon","VARNAME_2":"NA","NL_NAME_2":"Идринскийрайон","TYPE_2":"Raion","ENGTYPE_2":"District","CC_2":"R62091","HASC_2":"RU.KY.ID"}},{"type":"MultiPolygon","arcs":[[[-1288,1321]]],"properties":{"GID_2":"RUS.35.21_1","GID_0":"RUS","COUNTRY":"Russia","GID_1":"RUS.35_1","NAME_1":"Krasnoyarsk","NL_NAME_1":"Красноярскийкрай","NAME_2":"Igarkagorsovet","VARNAME_2":"Igarka","NL_NAME_2":"Игарка(горсовет)","TYPE_2":"Gorsovet","ENGTYPE_2":"District","CC_2":"R62094","HASC_2":"RU.KY.IG"}},{"type":"MultiPolygon","arcs":[[[1322,1323,1324,1325,-3,1326]]],"properties":{"GID_2":"RUS.35.22_1","GID_0":"RUS","COUNTRY":"Russia","GID_1":"RUS.35_1","NAME_1":"Krasnoyarsk","NL_NAME_1":"Красноярскийкрай","NAME_2":"Ilanskiyrayon","VARNAME_2":"NA","NL_NAME_2":"Иланскийрайон","TYPE_2":"Raion","ENGTYPE_2":"District","CC_2":"R62091","HASC_2":"RU.KY.IL"}},{"type":"MultiPolygon","arcs":[[[1327,-29,1328,-1286,1329,1330,1331]]],"properties":{"GID_2":"RUS.35.23_1","GID_0":"RUS","COUNTRY":"Russia","GID_1":"RUS.35_1","NAME_1":"Krasnoyarsk","NL_NAME_1":"Красноярскийкрай","NAME_2":"Ilimpiyskiyrayon","VARNAME_2":"NA","NL_NAME_2":"Илимпийскийрайон","TYPE_2":"Raion","ENGTYPE_2":"District","CC_2":"R62030","HASC_2":"RU.KX.IM"}},{"type":"MultiPolygon","arcs":[[[1332,1333,1334,1335,1336,1337,-1324,1338]]],"properties":{"GID_2":"RUS.35.24_1","GID_0":"RUS","COUNTRY":"Russia","GID_1":"RUS.35_1","NAME_1":"Krasnoyarsk","NL_NAME_1":"Красноярскийкрай","NAME_2":"Irbeyskiyrayon","VARNAME_2":"NA","NL_NAME_2":"Ирбейскийрайон","TYPE_2":"Raion","ENGTYPE_2":"District","CC_2":"R62091","HASC_2":"RU.KY.IR"}},{"type":"MultiPolygon","arcs":[[[1339]]],"properties":{"GID_2":"RUS.35.25_1","GID_0":"RUS","COUNTRY":"Russia","GID_1":"RUS.35_1","NAME_1":"Krasnoyarsk","NL_NAME_1":"Красноярскийкрай","NAME_2":"Kansk","VARNAME_2":"NA","NL_NAME_2":"Канск","TYPE_2":"Gorod","ENGTYPE_2":"City","CC_2":"NA","HASC_2":"RU.KY.KG"}},{"type":"MultiPolygon","arcs":[[[-5,1340,-1325,-1338,1341,1342,-1293,1343],[-1340]]],"properties":{"GID_2":"RUS.35.26_1","GID_0":"RUS","COUNTRY":"Russia","GID_1":"RUS.35_1","NAME_1":"Krasnoyarsk","NL_NAME_1":"Красноярскийкрай","NAME_2":"Kanskiyrayon","VARNAME_2":"NA","NL_NAME_2":"Канскийрайон","TYPE_2":"Raion","ENGTYPE_2":"District","CC_2":"R62091","HASC_2":"RU.KY.KR"}},{"type":"MultiPolygon","arcs":[[[-1318,1344,1345,1346,1347]]],"properties":{"GID_2":"RUS.35.27_1","GID_0":"RUS","COUNTRY":"Russia","GID_1":"RUS.35_1","NAME_1":"Krasnoyarsk","NL_NAME_1":"Красноярскийкрай","NAME_2":"Karatuzskiyrayon","VARNAME_2":"NA","NL_NAME_2":"Каратузскийрайон","TYPE_2":"Raion","ENGTYPE_2":"District","CC_2":"R62091","HASC_2":"RU.KY.KA"}},{"type":"MultiPolygon","arcs":[[[-73,1348,-71,1349,1350,-1311,1351,1352]]],"properties":{"GID_2":"RUS.35.28_1","GID_0":"RUS","COUNTRY":"Russia","GID_1":"RUS.35_1","NAME_1":"Krasnoyarsk","NL_NAME_1":"Красноярскийкрай","NAME_2":"Kazachinskiyrayon","VARNAME_2":"NA","NL_NAME_2":"Казачинскийрайон","TYPE_2":"Raion","ENGTYPE_2":"District","CC_2":"R62091","HASC_2":"RU.KY.KZ"}},{"type":"MultiPolygon","arcs":[[[-68,1353,-66,1354,1355,1356,1357]]],"properties":{"GID_2":"RUS.35.29_1","GID_0":"RUS","COUNTRY":"Russia","GID_1":"RUS.35_1","NAME_1":"Krasnoyarsk","NL_NAME_1":"Красноярскийкрай","NAME_2":"Kezhemskiyrayon","VARNAME_2":"NA","NL_NAME_2":"Кежемскийрайон","TYPE_2":"Raion","ENGTYPE_2":"District","CC_2":"R62092","HASC_2":"RU.KY.KE"}},{"type":"MultiPolygon","arcs":[[[-338,1358,-871,1359,1360,-1331,1361,-1284,1362,-340,1363]],[[1364]],[[1365]],[[1366]],[[1367]],[[1368]],[[1369]],[[1370]],[[1371]],[[1372]],[[1373]],[[1374]],[[1375]],[[1376]],[[1377]],[[1378]],[[1379]],[[1380]],[[1381]],[[1382]],[[1383]],[[1384]],[[1385]],[[1386]],[[1387]],[[1388]],[[1389]],[[1390]],[[1391]],[[1392]],[[1393]],[[1394]],[[1395]],[[1396]],[[1397]],[[1398]],[[1399]],[[1400]],[[1401]],[[1402]],[[1403]],[[1404]],[[1405]],[[1406]],[[1407]],[[1408]],[[1409]],[[1410]],[[1411]],[[1412]],[[1413]],[[1414]],[[1415]],[[1416]],[[1417]],[[1418]],[[1419]],[[1420]],[[1421]],[[1422]],[[1423]],[[1424]],[[1425]],[[1426]],[[1427]],[[1428]],[[1429]],[[1430]],[[1431]],[[1432]],[[1433]],[[1434]],[[1435]],[[1436]],[[1437]],[[1438]],[[1439]],[[1440]],[[1441]],[[1442]],[[1443]],[[1444]],[[1445]],[[1446]],[[1447]],[[1448]],[[1449]],[[1450]],[[1451]],[[1452]],[[1453]],[[1454]],[[1455]],[[1456]],[[1457]],[[1458]],[[1459]],[[1460]],[[1461]],[[1462]],[[1463]],[[1464]],[[1465]],[[1466]],[[1467]],[[1468]],[[1469]],[[1470]],[[1471]],[[1472]],[[1473]],[[1474]],[[1475]],[[1476]],[[1477]],[[1478]],[[1479]],[[1480]],[[1481]],[[1482]],[[1483]],[[1484]],[[1485]],[[1486]],[[1487]]],"properties":{"GID_2":"RUS.35.30_1","GID_0":"RUS","COUNTRY":"Russia","GID_1":"RUS.35_1","NAME_1":"Krasnoyarsk","NL_NAME_1":"Красноярскийкрай","NAME_2":"Khatangskiyrayon","VARNAME_2":"NA","NL_NAME_2":"Хатангскийрайон","TYPE_2":"Raion","ENGTYPE_2":"District","CC_2":"R62020","HASC_2":"RU.TM.KH"}},{"type":"MultiPolygon","arcs":[[[-13,-79,-47,-1301,1488,-1299,1489,-14,1490]]],"properties":{"GID_2":"RUS.35.31_1","GID_0":"RUS","COUNTRY":"Russia","GID_1":"RUS.35_1","NAME_1":"Krasnoyarsk","NL_NAME_1":"Красноярскийкрай","NAME_2":"Kozul'skiyrayon","VARNAME_2":"NA","NL_NAME_2":"Козульскийрайон","TYPE_2":"Raion","ENGTYPE_2":"District","CC_2":"R62092","HASC_2":"RU.KY.KO"}},{"type":"MultiPolygon","arcs":[[[1491,1492,-21,-1321,1493,1494,1495]]],"properties":{"GID_2":"RUS.35.32_1","GID_0":"RUS","COUNTRY":"Russia","GID_1":"RUS.35_1","NAME_1":"Krasnoyarsk","NL_NAME_1":"Красноярскийкрай","NAME_2":"Krasnoturanskiyrayon","VARNAME_2":"NA","NL_NAME_2":"Краснотуранскийрайон","TYPE_2":"Raion","ENGTYPE_2":"District","CC_2":"R62092","HASC_2":"RU.KY.KT"}},{"type":"MultiPolygon","arcs":[[[-43]]],"properties":{"GID_2":"RUS.35.33_1","GID_0":"RUS","COUNTRY":"Russia","GID_1":"RUS.35_1","NAME_1":"Krasnoyarsk","NL_NAME_1":"Красноярскийкрай","NAME_2":"Krasnoyarsk","VARNAME_2":"NA","NL_NAME_2":"Красноярск","TYPE_2":"Gorsovet","ENGTYPE_2":"District","CC_2":"NA","HASC_2":"RU.KY.KY"}},{"type":"MultiPolygon","arcs":[[[1496,-1347,1497,-1494,-1320,-19,1498,1499,1500]]],"properties":{"GID_2":"RUS.35.34_1","GID_0":"RUS","COUNTRY":"Russia","GID_1":"RUS.35_1","NAME_1":"Krasnoyarsk","NL_NAME_1":"Красноярскийкрай","NAME_2":"Kuraginskiyrayon","VARNAME_2":"NA","NL_NAME_2":"Курагинскийрайон","TYPE_2":"Raion","ENGTYPE_2":"District","CC_2":"R62092","HASC_2":"RU.KY.KU"}},{"type":"MultiPolygon","arcs":[[[-18,-41,1501,1502,-1499]]],"properties":{"GID_2":"RUS.35.35_1","GID_0":"RUS","COUNTRY":"Russia","GID_1":"RUS.35_1","NAME_1":"Krasnoyarsk","NL_NAME_1":"Красноярскийкрай","NAME_2":"Manskiyrayon","VARNAME_2":"NA","NL_NAME_2":"Манскийрайон","TYPE_2":"Raion","ENGTYPE_2":"District","CC_2":"R62092","HASC_2":"RU.KY.MA"}},{"type":"MultiPolygon","arcs":[[[1503]]],"properties":{"GID_2":"RUS.35.36_1","GID_0":"RUS","COUNTRY":"Russia","GID_1":"RUS.35_1","NAME_1":"Krasnoyarsk","NL_NAME_1":"Красноярскийкрай","NAME_2":"Minusinsk","VARNAME_2":"NA","NL_NAME_2":"Минусинск","TYPE_2":"Gorsovet","ENGTYPE_2":"District","CC_2":"NA","HASC_2":"RU.KY.MG"}},{"type":"MultiPolygon","arcs":[[[1504,-1495,-1498,-1346,1505],[1506],[-1504]]],"properties":{"GID_2":"RUS.35.37_1","GID_0":"RUS","COUNTRY":"Russia","GID_1":"RUS.35_1","NAME_1":"Krasnoyarsk","NL_NAME_1":"Красноярскийкрай","NAME_2":"Minusinskiyrayon","VARNAME_2":"NA","NL_NAME_2":"Минусинскийрайон","TYPE_2":"Raion","ENGTYPE_2":"District","CC_2":"R62092","HASC_2":"RU.KY.MR"}},{"type":"MultiPolygon","arcs":[[[-32,-64,1507,1508,-1352,-1310,1509,-1308,1510,1511]]],"properties":{"GID_2":"RUS.35.38_1","GID_0":"RUS","COUNTRY":"Russia","GID_1":"RUS.35_1","NAME_1":"Krasnoyarsk","NL_NAME_1":"Красноярскийкрай","NAME_2":"Motyginskiyrayon","VARNAME_2":"NA","NL_NAME_2":"Мотыгинскийрайон","TYPE_2":"Raion","ENGTYPE_2":"District","CC_2":"R62092","HASC_2":"RU.KY.MO"}},{"type":"MultiPolygon","arcs":[[[1512,-60,-10,-1491,-26,1513,1514,1515,1516,1517,1518]]],"properties":{"GID_2":"RUS.35.39_1","GID_0":"RUS","COUNTRY":"Russia","GID_1":"RUS.35_1","NAME_1":"Krasnoyarsk","NL_NAME_1":"Красноярскийкрай","NAME_2":"Nazarovskiyrayon","VARNAME_2":"NA","NL_NAME_2":"Назаровскийрайон","TYPE_2":"Raion","ENGTYPE_2":"District","CC_2":"R62092","HASC_2":"RU.KY.NR"}},{"type":"MultiPolygon","arcs":[[[1519,-1327,-2]]],"properties":{"GID_2":"RUS.35.40_1","GID_0":"RUS","COUNTRY":"Russia","GID_1":"RUS.35_1","NAME_1":"Krasnoyarsk","NL_NAME_1":"Красноярскийкрай","NAME_2":"Nizhneingashskiyrayon","VARNAME_2":"NA","NL_NAME_2":"Нижнеингашскийрайон","TYPE_2":"Raion","ENGTYPE_2":"District","CC_2":"R62092","HASC_2":"RU.KY.NI"}},{"type":"MultiPolygon","arcs":[[[1520,1521,-23,1522,-1492]]],"properties":{"GID_2":"RUS.35.41_1","GID_0":"RUS","COUNTRY":"Russia","GID_1":"RUS.35_1","NAME_1":"Krasnoyarsk","NL_NAME_1":"Красноярскийкрай","NAME_2":"Novoselovskiyrayon","VARNAME_2":"NA","NL_NAME_2":"Новоселовскийрайон","TYPE_2":"Raion","ENGTYPE_2":"District","CC_2":"R62092","HASC_2":"RU.KY.NV"}},{"type":"MultiPolygon","arcs":[[[-1500,-1503,1523,1524,1525]]],"properties":{"GID_2":"RUS.35.42_1","GID_0":"RUS","COUNTRY":"Russia","GID_1":"RUS.35_1","NAME_1":"Krasnoyarsk","NL_NAME_1":"Красноярскийкрай","NAME_2":"Partizanskiyrayon","VARNAME_2":"NA","NL_NAME_2":"Партизанскийрайон","TYPE_2":"Raion","ENGTYPE_2":"District","CC_2":"R62093","HASC_2":"RU.KY.PA"}},{"type":"MultiPolygon","arcs":[[[-55,1526,1527,-1312,-1351,1528,-69]]],"properties":{"GID_2":"RUS.35.43_1","GID_0":"RUS","COUNTRY":"Russia","GID_1":"RUS.35_1","NAME_1":"Krasnoyarsk","NL_NAME_1":"Красноярскийкрай","NAME_2":"Pirovskiyrayon","VARNAME_2":"NA","NL_NAME_2":"Пировскийрайон","TYPE_2":"Raion","ENGTYPE_2":"District","CC_2":"R62093","HASC_2":"RU.KY.PI"}},{"type":"MultiPolygon","arcs":[[[-1337,1529,1530,-1334,1531,-1525,1532,1533,1534,-1342],[-80],[1535]]],"properties":{"GID_2":"RUS.35.44_1","GID_0":"RUS","COUNTRY":"Russia","GID_1":"RUS.35_1","NAME_1":"Krasnoyarsk","NL_NAME_1":"Красноярскийкрай","NAME_2":"Rybinskiyrayon","VARNAME_2":"NA","NL_NAME_2":"Рыбинскийрайон","TYPE_2":"Raion","ENGTYPE_2":"District","CC_2":"R62093","HASC_2":"RU.KY.RY"}},{"type":"MultiPolygon","arcs":[[[1536,-1501,-1526,-1532,-1333]]],"properties":{"GID_2":"RUS.35.45_1","GID_0":"RUS","COUNTRY":"Russia","GID_1":"RUS.35_1","NAME_1":"Krasnoyarsk","NL_NAME_1":"Красноярскийкрай","NAME_2":"Sayanskiyrayon","VARNAME_2":"NA","NL_NAME_2":"Саянскийрайон","TYPE_2":"Raion","ENGTYPE_2":"District","CC_2":"R62093","HASC_2":"RU.KY.SA"}},{"type":"MultiPolygon","arcs":[[[-37,1537,-35,1538,-33,-1512,1539,-1306]]],"properties":{"GID_2":"RUS.35.46_1","GID_0":"RUS","COUNTRY":"Russia","GID_1":"RUS.35_1","NAME_1":"Krasnoyarsk","NL_NAME_1":"Красноярскийкрай","NAME_2":"Severo-Eniseyskiyrayon","VARNAME_2":"NA","NL_NAME_2":"Северо-Енисейскийрайон","TYPE_2":"Raion","ENGTYPE_2":"District","CC_2":"R62093","HASC_2":"RU.KY.SE"}},{"type":"MultiPolygon","arcs":[[[-1519,1540,1541,1542]]],"properties":{"GID_2":"RUS.35.47_1","GID_0":"RUS","COUNTRY":"Russia","GID_1":"RUS.35_1","NAME_1":"Krasnoyarsk","NL_NAME_1":"Красноярскийкрай","NAME_2":"Sharypovskiyrayon","VARNAME_2":"NA","NL_NAME_2":"Шарыповскийрайон","TYPE_2":"Raion","ENGTYPE_2":"District","CC_2":"R62094","HASC_2":"RU.KY.SG"}},{"type":"MultiPolygon","arcs":[[[-1506,-1345,-1317,1543]]],"properties":{"GID_2":"RUS.35.48_1","GID_0":"RUS","COUNTRY":"Russia","GID_1":"RUS.35_1","NAME_1":"Krasnoyarsk","NL_NAME_1":"Красноярскийкрай","NAME_2":"Shushenskiyrayon","VARNAME_2":"NA","NL_NAME_2":"Шушенскийрайон","TYPE_2":"Raion","ENGTYPE_2":"District","CC_2":"R62094","HASC_2":"RU.KY.SH"}},{"type":"MultiPolygon","arcs":[[[-44]]],"properties":{"GID_2":"RUS.35.49_1","GID_0":"RUS","COUNTRY":"Russia","GID_1":"RUS.35_1","NAME_1":"Krasnoyarsk","NL_NAME_1":"Красноярскийкрай","NAME_2":"Sosnovoborsk","VARNAME_2":"NA","NL_NAME_2":"Сосновоборск","TYPE_2":"Gorod","ENGTYPE_2":"City","CC_2":"NA","HASC_2":"RU.KY.SB"}},{"type":"MultiPolygon","arcs":[[[-39,-1304,1544,-1302,-76,1545,1546,-1294,-1343,1547,-1534]]],"properties":{"GID_2":"RUS.35.50_1","GID_0":"RUS","COUNTRY":"Russia","GID_1":"RUS.35_1","NAME_1":"Krasnoyarsk","NL_NAME_1":"Красноярскийкрай","NAME_2":"Sukhobuzimskiyrayon","VARNAME_2":"NA","NL_NAME_2":"Сухобузимскийрайон","TYPE_2":"Raion","ENGTYPE_2":"District","CC_2":"R62093","HASC_2":"RU.KY.SU"}},{"type":"MultiPolygon","arcs":[[[-8,-1297,1548,1549,1550,-74,-1353,-1509,1551,-62]]],"properties":{"GID_2":"RUS.35.51_1","GID_0":"RUS","COUNTRY":"Russia","GID_1":"RUS.35_1","NAME_1":"Krasnoyarsk","NL_NAME_1":"Красноярскийкрай","NAME_2":"Taseevskiyrayon","VARNAME_2":"NA","NL_NAME_2":"Тасеевскийрайон","TYPE_2":"Raion","ENGTYPE_2":"District","CC_2":"R62093","HASC_2":"RU.KY.TA"}},{"type":"MultiPolygon","arcs":[[[1552,-1357,1553,-1355,-65,-30,-1328]]],"properties":{"GID_2":"RUS.35.52_1","GID_0":"RUS","COUNTRY":"Russia","GID_1":"RUS.35_1","NAME_1":"Krasnoyarsk","NL_NAME_1":"Красноярскийкрай","NAME_2":"Tungussko-Chunskiyrayon","VARNAME_2":"NA","NL_NAME_2":"Тунгусско-Чунскийрайон","TYPE_2":"Raion","ENGTYPE_2":"District","CC_2":"R62030","HASC_2":"RU.KX.TC"}},{"type":"MultiPolygon","arcs":[[[1554,-1289,-1322,-1287,-1329,-28,-1305]]],"properties":{"GID_2":"RUS.35.53_1","GID_0":"RUS","COUNTRY":"Russia","GID_1":"RUS.35_1","NAME_1":"Krasnoyarsk","NL_NAME_1":"Красноярскийкрай","NAME_2":"Turukhanskiyrayon","VARNAME_2":"NA","NL_NAME_2":"Туруханскийрайон","TYPE_2":"Raion","ENGTYPE_2":"District","CC_2":"R62093","HASC_2":"RU.KY.TU"}},{"type":"MultiPolygon","arcs":[[[-1315,-49,-78,-59,1555,1556]]],"properties":{"GID_2":"RUS.35.54_1","GID_0":"RUS","COUNTRY":"Russia","GID_1":"RUS.35_1","NAME_1":"Krasnoyarsk","NL_NAME_1":"Красноярскийкрай","NAME_2":"Tyukhtetskiyrayon","VARNAME_2":"NA","NL_NAME_2":"Тюхтетскийрайон","TYPE_2":"Raion","ENGTYPE_2":"District","CC_2":"R62093","HASC_2":"RU.KY.TY"}},{"type":"MultiPolygon","arcs":[[[1557]],[[1558]],[[1559]],[[-343,-1291,1560,-100,1561]],[[1562]],[[1563]],[[1564]],[[1565]],[[1566]],[[1567]],[[1568]],[[1569]],[[1570]],[[1571]],[[1572]],[[1573]],[[1574]],[[1575]],[[1576]],[[1577]],[[1578]],[[1579]],[[1580]],[[1581]],[[1582]],[[1583]],[[1584]],[[1585]],[[1586]],[[1587]],[[1588]],[[1589]],[[1590]],[[1591]],[[1592]],[[1593]],[[1594]],[[1595]],[[1596]],[[1597]],[[1598]],[[1599]],[[1600]],[[1601]],[[1602]],[[1603]],[[1604]],[[1605]],[[1606]],[[1607]],[[1608]],[[1609]],[[1610]],[[1611]],[[1612]],[[1613]],[[1614]],[[1615]],[[1616]],[[1617]],[[1618]],[[1619]],[[1620]],[[1621]],[[1622]],[[1623]],[[1624]],[[1625]],[[1626]],[[1627]],[[1628]],[[1629]],[[1630]],[[1631]],[[1632]],[[1633]],[[1634]]],"properties":{"GID_2":"RUS.35.55_1","GID_0":"RUS","COUNTRY":"Russia","GID_1":"RUS.35_1","NAME_1":"Krasnoyarsk","NL_NAME_1":"Красноярскийкрай","NAME_2":"Ust'-Yeniseyskiyrayon","VARNAME_2":"NA","NL_NAME_2":"Усть-Енисейскийрайон","TYPE_2":"Raion","ENGTYPE_2":"District","CC_2":"R62020","HASC_2":"RU.TM.US"}},{"type":"MultiPolygon","arcs":[[[-40,-1533,-1524,-1502]]],"properties":{"GID_2":"RUS.35.56_1","GID_0":"RUS","COUNTRY":"Russia","GID_1":"RUS.35_1","NAME_1":"Krasnoyarsk","NL_NAME_1":"Красноярскийкрай","NAME_2":"Uyarskiyrayon","VARNAME_2":"NA","NL_NAME_2":"Уярскийрайон","TYPE_2":"Raion","ENGTYPE_2":"District","CC_2":"R62094","HASC_2":"RU.KY.UY"}},{"type":"MultiPolygon","arcs":[[[1635,-1542,1636,-1517,1637,-1515,1638,-24,-1522]]],"properties":{"GID_2":"RUS.35.57_1","GID_0":"RUS","COUNTRY":"Russia","GID_1":"RUS.35_1","NAME_1":"Krasnoyarsk","NL_NAME_1":"Красноярскийкрай","NAME_2":"Uzhurskiyrayon","VARNAME_2":"NA","NL_NAME_2":"Ужурскийрайон","TYPE_2":"Raion","ENGTYPE_2":"District","CC_2":"R62093","HASC_2":"RU.KY.UZ"}},{"type":"MultiPolygon","arcs":[[[-1536]]],"properties":{"GID_2":"RUS.35.58_1","GID_0":"RUS","COUNTRY":"Russia","GID_1":"RUS.35_1","NAME_1":"Krasnoyarsk","NL_NAME_1":"Красноярскийкрай","NAME_2":"Zaozyorny","VARNAME_2":"Zaozernyy","NL_NAME_2":"Заозёрный","TYPE_2":"Gorsovet","ENGTYPE_2":"District","CC_2":"NA","HASC_2":"RU.KY.ZA"}}]}},"arcs":[[[561508,182931],[-1711,-3517],[7345,-2754],[-749,-1722],[-3045,-1172],[-352,-1521],[1045,-1179]],[[564041,171066],[-2295,-129],[-1280,-3466],[-3614,-1657],[-2929,-833],[-3632,95],[-529,-1132],[-4457,-1606],[-4759,-484],[-5808,1009],[-1636,-311],[-1277,-1074],[-822,-1145]],[[531003,160333],[-1787,-509],[-2192,-216],[-1464,-1207],[-1817,231],[-1808,1463],[-1343,681]],[[520592,160776],[-4880,-321]],[[515712,160455],[-1763,348],[-1367,4662]],[[512582,165465],[1755,1413]],[[514337,166878],[1431,1738],[-445,1308],[209,2328],[1943,1389],[-100,1077],[-1719,197],[-996,1036],[785,1118],[6913,353]],[[522358,177422],[2681,-159],[2181,528],[1491,803],[-423,820],[-2001,376],[-2216,-190],[801,1457],[1446,1366],[-999,3852],[360,3452],[-1359,1488],[-458,1494],[-150,1667],[150,1243],[-1247,749]],[[522615,196368],[1800,610],[1731,13],[1716,-3052],[2424,-1694],[1743,-424],[3257,1030],[3701,-505],[12071,-3527],[5443,-3256],[1729,-1711],[1573,-972],[1705,51]],[[392124,142220],[-1290,613],[-1993,136],[-1761,-681],[-2369,281],[-3849,1863],[-2012,190],[-2990,-915],[-2617,587],[-1723,1087],[-643,1050]],[[370877,146431],[931,759],[150,1295],[146,3005],[-563,2090],[-1613,1443],[-3320,1695],[-307,2585]],[[366301,159303],[7807,1758],[2593,91],[2200,-1480],[-135,-1325],[634,-1646],[1428,-471],[2741,162],[1557,1566],[1325,945],[3992,1406],[9824,982]],[[400267,161291],[-495,-860],[1481,-3805],[-920,-1521],[-4183,301],[-3561,-2971],[902,-1992],[-616,-1433],[-1290,-1345],[-830,-1298],[555,-1403],[793,-1131],[21,-1613]],[[395809,130609],[1404,-105],[1536,-837],[3313,146],[2011,1223],[2295,783],[2213,213],[1615,1179],[2200,-471]],[[412396,132740],[3902,800]],[[416298,133540],[2440,-203],[1086,223],[817,508],[6075,-349],[1774,932],[4402,1128]],[[432892,135779],[1784,-806],[51,-1077],[2500,-2697],[-214,-1874],[373,-3588],[-79,-1552],[-336,-772],[293,-1027],[1751,-1182],[1528,37],[1004,393],[3294,-2073],[727,-1393],[920,-420],[1063,210]],[[447551,117958],[-16,-3432],[1451,-2819],[2121,-5881]],[[451107,105826],[-2319,-221],[-1872,959],[-1758,1278],[-3584,874],[-1074,-431]],[[440500,108285],[-1848,183],[-1985,-667],[-2905,-315],[-2247,359],[-3844,2283],[-1327,-582],[-267,-644],[-1626,-1105],[-521,-701],[975,-1270],[193,-878],[-4481,-352],[-2429,450],[-3215,-830],[-1604,-3]],[[413369,104213],[-780,1535]],[[412589,105748],[-3001,701]],[[409588,106449],[-1721,2090],[2136,1013],[-521,1159],[-423,1850],[-922,464],[-127,1383],[-1578,928],[-5436,-1626],[-645,958],[-2078,844],[-3463,-976],[-391,-1064],[-2160,-2148],[-2585,-23],[-2842,1467]],[[386832,112768],[-1470,5522],[-143,1786],[584,1270],[389,2372]],[[386192,123718],[-1457,589]],[[384735,124307],[1732,1579],[1856,1250],[1306,387],[1076,1043],[4044,1969],[1060,74]],[[411716,305138],[-6712,440],[-1898,834],[-196,1910],[-785,1579],[-1594,1511],[-3077,1725]],[[397454,313137],[-3942,2893],[-1702,2836],[-3649,861],[-1308,1717],[-547,1725],[269,1047],[-455,1575],[-1028,1776],[-1753,1741],[-327,1430],[1773,870],[931,1108],[841,2216],[3228,712],[2247,2114],[203,1663],[-1335,4510],[-1977,640],[-2253,-501],[-2400,322],[-1880,1267],[-1861,2039],[-2887,1461],[-3373,1284],[-2527,1609],[-1793,2294],[944,1328],[4357,2036],[1097,1494],[1234,166],[548,1542],[-8,898],[1192,880],[9012,1596],[3384,1982],[3241,4696],[2239,1850],[3902,1450],[5727,1579],[3510,1406],[2628,2297],[687,2463],[-787,1894],[-1076,7352],[158,2331],[2158,1575],[-209,1566],[-1528,945],[1430,1680],[3093,2135],[4137,1579],[1803,-403],[2498,630],[595,1213]],[[425915,404506],[1935,654],[2118,1680],[1435,339],[7511,406],[8164,2314],[3262,1400],[4343,64],[2113,-684],[5810,-3659],[1695,-2687],[-79,-2226],[-1087,-1911],[-4830,-2338],[-2551,-579],[-967,-766],[1409,-1521],[3198,-586],[2078,-1606],[10784,-1409],[2456,-89],[1094,831],[1409,315],[3178,-177],[2112,-630],[3260,-332],[5327,807],[4528,-681],[2097,-1135],[798,-1688],[7077,-3042],[1748,-2660],[5567,-816],[5599,1535],[1452,-1051],[441,-2344],[1541,-4178],[1637,-3191],[2823,-539],[1885,894],[669,1342],[2599,762],[1343,1149],[3648,-247],[8613,264],[4870,3994],[3817,-111],[1993,-410],[3019,-1179],[2636,1314],[2086,109],[1671,-1064],[1911,162],[1169,946],[1715,643],[3434,-145],[4492,-2274],[6012,-5251],[2321,-2379],[4446,370],[6615,-590],[4972,2643],[1161,-1911],[9411,-664],[1050,1104],[-1869,1698],[-1311,1701],[978,1806],[1681,1538],[4447,1941],[3143,712],[8436,128]],[[629463,381321],[-42,-2287],[314,-1890],[4833,-2169],[3688,-3388],[1779,-2256],[1303,-1162],[568,-1220],[717,-2497],[-71,-2283],[-2176,-1454],[-9224,-356],[-2982,-1311],[-1404,-1921],[-986,-2165],[-2194,-2046],[-1124,-1559],[-658,-3289],[-8652,-6326],[1300,-1362],[2808,-2266],[2189,-2301],[-1119,-1562],[209,-820],[2744,-2632],[371,-1311],[-820,-858],[-6186,-2114],[-1179,-1867],[3680,-3140],[-1912,-597],[-171,-2226],[949,-2951],[-183,-1528],[-4428,2921],[-1644,-352],[-1988,-1057],[-479,-2111],[2176,-2999],[843,-2097],[1809,-776],[3714,-515],[2826,1061],[2892,1728],[2054,-109],[4367,-1169],[2250,251],[1504,952],[1862,583],[2609,3],[4729,-3107],[2472,-2134],[2784,-1867],[267,-1616],[-1457,-1616],[-3883,-5617],[-4299,-1684],[-502,-2175],[-4338,-3134],[-1179,2168],[-344,1650],[-545,122],[-3553,-1274],[-34,-1836],[-1121,-712],[1787,-3943],[-1174,-1725],[-1403,-193]],[[624406,281828],[-6459,684],[-3328,-399],[-1893,-1064],[-169,-1508],[-5782,-2992],[-759,-3239],[-1464,-1097],[-3281,-912],[-2054,1200],[-2829,44],[-267,-590],[-5856,-1216],[-3156,247],[-1510,-864],[-3056,149],[-1250,712],[-2559,34],[-1375,-773],[-2046,-603],[-3511,-274],[-1792,-664],[-2554,-315],[-1253,918],[-1898,870],[-1885,-640],[-780,-671],[-6255,-1856],[109,-1633],[-862,-1600],[-2036,-996],[-7881,1765],[-3011,-789],[-3561,420],[-1932,-508],[1004,-915],[-208,-1121],[-1695,-746],[-1684,427],[-1322,1461],[658,1168],[-1546,1169],[-37,834],[-724,677],[-1550,-525],[-708,-1606],[-1782,-44],[-2382,702],[-317,1314],[-1552,488],[-4552,-1257],[-69,-1206]],[[517745,264488],[-2765,115],[-2086,488],[-550,1240],[-1673,1064],[-5975,-81]],[[504696,267314],[-1866,677],[-1827,2744],[-294,1190],[172,2293],[-3156,4435],[1633,2646],[-1144,1020],[-1198,2558],[997,732],[-209,1748],[-2586,1311],[5031,3839],[1904,1050],[3286,810],[550,1196],[-1002,2290],[571,1877],[4002,2711],[-468,1948],[-1298,491],[-142,1284],[600,830],[869,2162],[-1467,1806],[-1726,1057],[-1433,1592],[-4026,2971],[-3923,942]],[[496546,317524],[-8341,1078]],[[488205,318602],[-3524,-251],[-2913,-1054],[-4032,-593],[-1835,-999],[-1871,-2389],[-1650,119],[-2308,1619],[-4224,-254],[-3865,1796],[-1351,71],[-2311,-427],[-4140,166],[-1076,610],[-2400,3795],[-1692,1247],[-442,833],[704,1345],[-1957,1227],[-2588,-421],[-2123,631]],[[442607,325673],[-2310,-285],[-2866,-661]],[[437431,324727],[-1015,-1433],[1515,-481],[1440,-888],[1499,-1565],[1729,-2598],[-219,-2331],[-1761,247],[-3384,3008],[-3516,275],[-3114,-627],[-682,-979],[1018,-2185],[-354,-2006],[-2723,-695],[-3146,-20],[-1119,-735],[-867,-3940],[-449,-1088],[-2977,-820],[-7590,-728]],[[432892,135779],[-5549,1281],[-685,2975],[365,1304],[1546,1311],[2263,942],[4754,-206],[2165,491],[3368,1179],[5631,2663],[2963,-600],[1016,668],[-1502,1863],[423,840],[1105,210],[3265,-301],[1726,908],[304,1108],[-476,891],[122,1745]],[[455696,155051],[1435,355],[1264,-616],[1462,-197],[2292,1006],[759,-965],[2575,-400],[2125,742],[1631,180],[788,-719],[230,-2212],[3157,-1481]],[[473414,150744],[-3553,-1829],[-1357,-1399],[-1353,-902],[-1859,-569]],[[465292,146045],[-3833,430],[-1869,604],[-1615,-712],[-738,-3212],[-2255,-732],[-1639,-1179],[-560,-1436],[737,-1427],[2726,-1524],[-48,-1332],[1042,-755],[-151,-969],[-2617,-1410],[254,-1650],[-85,-2852],[-1057,-641],[-3154,-650],[-804,-498],[98,-918],[1441,-844],[1049,-2111],[-748,-2409],[-3915,-1860]],[[431893,141546],[251,803],[-341,193],[-1185,-122],[58,-583],[437,-356],[780,65]],[[447900,141773],[973,4181],[-1571,813],[-6141,-1860],[241,-2477],[5303,-942],[1195,285]],[[456957,148464],[352,956],[-1362,833],[-539,-112],[-444,-1253],[967,-495],[1026,71]],[[412454,177974],[-553,-1918],[434,-1267]],[[412335,174789],[66,-1921],[936,-1406],[-132,-1165],[1578,-1471],[618,-1345],[-341,-528],[-1200,-420]],[[413860,166533],[-2059,308],[-3003,-251],[-1306,-593],[-1335,-186],[-1616,281]],[[404541,166092],[-750,1948],[126,1603],[-1348,1115],[-2480,413],[-2553,61],[-4484,-756],[-2974,546],[-2604,1294],[-2615,478],[-1673,-857],[-5060,-1776],[-1887,-1294],[-992,-1508],[457,-2788],[-980,-979],[-1928,-271],[-1652,383],[-817,1067],[-288,1186],[1179,2215],[114,827],[-1256,237],[-2028,-345]],[[368048,168891],[-2863,4526],[-1866,1606],[-1650,657],[-1715,187],[-2010,1023],[-1432,1589],[515,1057],[1568,769],[1615,1183],[1393,1531],[98,3977],[-188,2701],[368,1789],[-288,2127],[-1827,3863],[-727,2046],[-103,2240],[587,1721],[1789,1352],[677,1138]],[[361989,205973],[5253,1409],[4946,807],[8103,1897],[2131,27],[1272,-1118],[-1031,-2195],[-1708,-1986]],[[380955,204814],[600,-5089]],[[381555,199725],[2305,-1263],[3889,670],[2258,2223],[1945,-122]],[[391952,201233],[1668,1111]],[[393620,202344],[1901,-1294]],[[395521,201050],[1584,-129],[2469,675],[1702,-278],[1042,-586],[-1036,-2281],[-333,-1463],[1919,-2189],[4063,-989],[2261,115],[1583,-478],[172,-792],[-2078,-2121],[182,-2040],[-1110,-1816],[-2337,-1182],[-957,-1461],[738,-2734],[1938,-2090],[2833,-1355],[2298,118]],[[357648,151256],[-592,-312],[-1065,82],[-373,426],[439,539],[674,102],[767,-312],[150,-525]],[[350566,139472],[-531,126],[-754,1158],[-798,1339],[-817,2083],[547,1372],[-336,1271],[-890,1176],[-1351,684],[-1499,1291],[-756,1094],[-381,2362],[-3699,186],[-885,1308]],[[338416,154922],[3508,383]],[[341924,155305],[3508,1606],[2324,494],[1623,-91],[6424,1369],[896,2165],[2789,1846],[1457,-647],[1195,-2738],[912,-460],[1671,61],[1578,393]],[[370877,146431],[-2080,-884],[-2575,-596],[-3675,366],[-1819,-332],[-1771,-1230],[-2398,-837],[-1129,-756],[-4393,-1416],[-471,-1274]],[[620358,213931],[-938,-2764],[-2647,-1172],[35,-1982],[-1597,-759],[-151,-2545],[-4058,-444],[-1393,-420],[-2429,342],[-1893,-1575],[-2483,-407],[-3645,194],[-1608,1927],[-22436,590],[-4717,-8020],[-8890,-13965]],[[522615,196368],[-3955,-2097],[-2493,376],[-1420,1172],[34,3222],[-1020,1962],[-2757,1846],[-3662,156]],[[507342,203005],[-2884,-244]],[[504458,202761],[71,1802],[3009,2972],[1946,1030],[298,1965],[1452,1840],[1670,1196],[1261,2043],[831,2551],[-505,1369],[-2158,2866],[-962,2029],[-1361,1945],[1187,1948],[21,1552],[-912,1131],[222,2240],[1530,4069],[19,2107],[-1026,1589],[-661,2196],[965,1968],[-499,658],[-101,1819],[-4039,972],[-1113,1430],[-762,2094],[1050,860],[3196,1738],[4513,2938],[2662,2385],[1483,4425]],[[624406,281828],[2350,-1521]],[[626756,280307],[1174,-1467],[195,-1630],[-383,-1599],[-5179,-2097],[-1351,-902],[-775,-901],[452,-1721],[1071,-1101],[4835,-305],[1753,-1376],[873,-2093],[1345,-858],[904,-1876],[820,-4012],[10,-2565],[571,-3056],[-687,-3344],[-1988,-2978],[-8515,-4601],[-7426,-1890],[-4867,-1637],[-3799,-854],[-3236,-1687],[228,-1823]],[[602781,233934],[933,-1378],[2577,-2752],[1341,-914]],[[607632,228890],[904,-1444],[259,-1172],[-291,-1152],[-1761,-921],[-896,-786],[-719,-1559],[1354,-2090],[3124,-1789],[1674,-41],[2606,989],[2033,454],[1024,-393],[1459,-2622],[1956,-2433]],[[412454,177974],[1771,1782],[5237,2057],[2112,1463],[5777,2274],[449,969]],[[427800,186519],[13,627]],[[427813,187146],[2319,196],[2102,518],[1165,-464],[1378,176],[2067,732],[1911,-342],[968,-888],[1837,-37],[796,685],[690,149],[1362,-607],[2490,227],[1631,2700],[1581,712]],[[450110,190903],[1927,115],[4214,-149]],[[456251,190869],[360,-1433],[-960,-1281],[1647,-779],[878,-1579],[2022,-596],[6041,2754]],[[466239,187955],[4515,-8019]],[[470754,179936],[3003,-2894]],[[473757,177042],[-3294,-1368],[-6524,-3619],[-7936,-1890],[-960,-722],[-145,-1809],[-1470,-1139],[-1491,41],[-1174,715],[-2107,-1155],[-6229,274],[-2418,-1003],[-2092,603],[-351,962],[-2078,295],[-1909,1545],[-2067,912]],[[431512,169684],[-2321,-166],[-6353,2053],[-1591,1104],[-4674,698],[-4238,1416]],[[366301,159303],[513,1463],[-624,2426],[256,2277],[542,1494],[1060,1928]],[[404541,166092],[-169,-1731],[-2556,-2236],[-1549,-834]],[[498803,139760],[-423,-217],[-1084,211],[0,657],[1137,257],[492,-437],[-122,-471]],[[132827,693804],[-481,126],[635,-72],[-154,-54]],[[129853,695993],[592,-88],[30,-247],[467,-214],[-2342,603],[1253,-54]],[[133200,696328],[-357,-37],[40,54],[317,-17]],[[132389,698673],[-98,54],[137,0],[-39,-54]],[[125626,699398],[635,-495],[-648,-159],[-978,583],[372,196],[619,-125]],[[124016,700651],[-151,-125],[468,-244],[-84,-179],[359,-353],[-647,-298],[-1087,369],[-248,600],[-249,37],[648,332],[991,-139]],[[111694,725303],[40,51],[98,-17],[-138,-34]],[[122364,726557],[0,-143],[-317,17],[317,126]],[[117737,726628],[-372,122],[854,-72],[-482,-50]],[[115699,731777],[-95,55],[193,0],[-98,-55]],[[120918,733807],[-357,-34],[40,51],[317,-17]],[[112077,733983],[-26,-210],[-317,-17],[-812,264],[1155,-37]],[[108305,735149],[111,-105],[-978,-89],[98,194],[-249,142],[1018,-142]],[[113386,737354],[1914,-335],[-2451,-319],[304,-67],[-84,-177],[2191,-230],[96,-197],[-648,-227],[-2202,0],[0,211],[-1544,0],[-1528,511],[261,264],[593,21],[222,281],[-138,247],[413,34],[-318,268],[2425,0],[494,-285]],[[116857,736860],[-98,54],[193,0],[-95,-54]],[[108844,736944],[-180,41],[151,17],[29,-58]],[[160710,694882],[137,34],[-39,-51],[-98,17]],[[160628,695058],[-357,-37],[40,54],[317,-17]],[[159980,695217],[151,-125],[-190,-71],[39,196]],[[164517,696274],[-376,-932],[-1496,-843]],[[162645,694499],[185,206],[-246,248],[246,176],[-301,0],[854,315],[-304,71],[193,248],[-249,71],[867,511],[627,-71]],[[209231,742877],[43,54],[98,-17],[-43,-54],[-98,17]],[[215457,743514],[40,54],[98,-20],[-138,-34]],[[215071,743514],[40,54],[98,-20],[-138,-34]],[[220329,743866],[-248,-71],[153,125],[95,-54]],[[234402,744432],[137,34],[-40,-54],[-97,20]],[[234333,744625],[206,-54],[-468,-71],[262,125]],[[228015,748772],[-386,-142],[245,-177],[-867,-369],[-1541,-71],[-648,369],[373,336],[991,142],[1597,142],[236,-230]],[[208502,754366],[2865,-705],[3580,210],[2202,-210],[1142,-302],[553,-352],[55,-318],[-304,-248],[138,-105],[-373,-88],[-2919,-71],[-3635,989],[-1871,281],[-3635,0],[-923,441],[1198,549],[1927,-71]],[[159100,741166],[-98,54],[193,0],[-95,-54]],[[181309,756185],[524,139],[-854,-247],[330,108]],[[182026,756429],[39,54],[98,-17],[-137,-37]],[[172969,758296],[2696,-1196],[-415,-210],[262,-193],[758,17],[-248,138],[248,109],[-248,68],[317,20],[1692,-549],[-1361,-159],[-786,-688],[-1969,-512],[-4957,353],[-1528,654],[249,71],[-30,742],[1240,528],[-97,265],[771,0],[936,494],[648,17],[-95,126],[1917,-95]],[[193785,755514],[494,-71],[-687,-142],[193,213]],[[193853,755636],[-97,54],[192,0],[-95,-54]],[[197996,756005],[137,38],[-39,-55],[-98,17]],[[197528,756185],[-40,-54],[-317,17],[357,37]],[[194913,756290],[40,51],[98,-17],[-138,-34]],[[196867,756324],[-40,-51],[-317,17],[357,34]],[[199030,756697],[317,-336],[-331,-494],[-372,-21],[-151,126],[304,281],[-304,176],[137,176],[-854,285],[373,227],[881,-420]],[[193137,758035],[4669,-759],[-979,-651],[-3360,0],[-1308,-582],[82,-319],[-302,-71],[249,-139],[-265,-230],[-3027,281],[-4406,1060],[-2189,-125],[1914,830],[2918,634],[6004,71]],[[200240,757259],[209,-122],[-359,0],[150,122]],[[197888,757489],[39,55],[98,-21],[-137,-34]],[[238573,757611],[-95,55],[193,0],[-98,-55]],[[193248,758106],[-98,54],[193,0],[-95,-54]],[[192862,758106],[-98,54],[193,0],[-95,-54]],[[189957,758123],[39,54],[98,-17],[-137,-37]],[[191910,758265],[-246,-71],[96,125],[150,-54]],[[241658,758672],[386,142],[262,-196],[-745,-139],[97,193]],[[116016,736985],[-356,-37],[39,54],[317,-17]],[[109035,737002],[-96,54],[193,0],[-97,-54]],[[108442,737090],[43,54],[97,-17],[-42,-54],[-98,17]],[[107811,737127],[-43,-54],[-317,17],[42,54],[318,-17]],[[140415,739983],[-249,-71],[98,126],[151,-55]],[[141364,740248],[-95,54],[193,0],[-98,-54]],[[148028,795303],[262,-50],[-468,-72],[854,-142],[-703,-159],[-1142,620],[867,88],[330,-285]],[[149075,795446],[43,-55],[-413,0],[370,55]],[[91134,770882],[-150,55],[193,0],[-43,-55]],[[84211,771960],[137,34],[-42,-55],[-95,21]],[[83700,772366],[-150,51],[193,0],[-43,-51]],[[89030,773969],[1885,-122],[-40,-336],[799,-386],[-746,-356],[-550,-775],[138,-72],[-138,-386],[275,-352],[468,-142],[-922,-160],[-5549,935],[193,210],[-82,319],[523,108],[-137,105],[2614,742],[-137,529],[304,71],[-357,68],[1459,0]],[[82971,772664],[-249,-71],[151,126],[98,-55]],[[82545,772858],[-153,54],[193,0],[-40,-54]],[[92335,773545],[383,-244],[-812,-88],[-206,122],[249,71],[-413,105],[151,194],[648,-160]],[[91288,773725],[-249,-71],[95,122],[154,-51]],[[282141,739966],[-98,55],[193,0],[-95,-55]],[[282746,740109],[537,-55],[-854,-71],[317,126]],[[278339,740176],[2025,-264],[-2741,-227],[317,159],[-111,244],[-645,21],[-154,264],[1309,-197]],[[279000,740109],[-95,51],[190,0],[-95,-51]],[[275751,740176],[1266,-210],[42,-193],[-248,-71],[304,-71],[-3334,142],[854,210],[-687,214],[206,193],[880,-214],[96,126],[-246,71],[811,88],[-317,-196],[373,-89]],[[276755,740265],[-454,-89],[-151,268],[605,-179]],[[275875,740336],[40,54],[98,-17],[-138,-37]],[[275352,740901],[-249,-71],[151,126],[98,-55]],[[280047,740319],[-98,54],[193,0],[-95,-54]],[[283584,741183],[468,-34],[-27,-390],[635,-68],[-592,-301],[-3141,-352],[-262,88],[138,176],[-923,230],[-386,-213],[-920,159],[1748,264],[1485,-281],[979,298],[-193,142],[153,194],[-1145,88],[317,267],[1542,68],[124,-335]],[[286725,740901],[39,55],[98,-21],[-137,-34]],[[281215,741820],[857,-71],[-910,-248],[-166,-318],[248,-282],[-261,-159],[-1639,373],[359,281],[-193,176],[206,160],[1499,88]],[[282193,741874],[-95,51],[193,0],[-98,-51]],[[281326,741891],[138,34],[-40,-51],[-98,17]],[[282593,741962],[137,34],[-40,-54],[-97,20]],[[286283,742243],[138,34],[-40,-51],[-98,17]],[[292644,741115],[-246,-71],[95,122],[151,-51]],[[294365,741308],[-95,54],[193,0],[-98,-54]],[[293484,742084],[-536,-230],[-56,-248],[304,-68],[-275,-355],[-647,125],[-704,-230],[468,-71],[-95,-122],[-2535,-282],[-880,0],[-495,353],[-153,-21],[153,-193],[-647,88],[317,265],[3854,565],[661,495],[167,-213],[1306,196],[-207,-54]],[[294489,741467],[42,51],[98,-17],[-42,-51],[-98,17]],[[290621,742084],[-111,-142],[-317,20],[428,122]],[[291184,742101],[43,54],[98,-17],[-43,-54],[-98,17]],[[295591,742172],[43,54],[95,-20],[-138,-34]],[[291047,742206],[-357,-34],[42,54],[315,-20]],[[291502,742365],[98,-51],[-416,-71],[318,122]],[[293664,742382],[82,-68],[-357,0],[275,68]],[[293759,744906],[939,71],[95,-193],[-1240,-318],[-439,-387],[1018,68],[-1845,-667],[579,-180],[-524,-105],[-235,-474],[-661,210],[-177,-407],[-1806,-650],[-314,156],[357,0],[-220,176],[-647,88],[-207,-193],[688,-352],[-592,-160],[-772,-71],[-825,356],[-206,-302],[193,-176],[-704,-230],[-880,0],[-537,372],[923,756],[151,-17],[-151,-193],[1266,-142],[-428,88],[249,247],[-357,142],[1459,-105],[-304,105],[468,71],[-1087,-54],[-97,197],[578,105],[566,616],[2699,566],[315,-20],[-246,-68],[206,-125],[881,494],[-151,-264],[687,71],[-137,210],[137,600],[-193,108],[154,122],[936,-565],[-484,335],[592,302],[537,-160],[-207,-54]],[[297616,744273],[-703,-88],[524,-214],[-249,-247],[304,-210],[-743,-248],[-193,-457],[-1020,-71],[193,386],[-249,71],[415,176],[-248,214],[248,105],[-304,71],[635,457],[-304,248],[1694,-193]],[[293154,743568],[-95,51],[193,0],[-98,-51]],[[293373,743778],[-108,-71],[-98,125],[206,-54]],[[291076,744008],[40,51],[98,-17],[-138,-34]],[[296184,744554],[-98,54],[195,0],[-97,-54]],[[285884,743212],[262,-122],[-743,-105],[248,-108],[-1737,-739],[154,-196],[-1034,88],[854,213],[-468,71],[249,68],[-415,285],[261,193],[2575,549],[-206,-197]],[[283116,743019],[-923,-725],[-1253,230],[1145,478],[494,-71],[98,230],[-484,51],[1365,197],[-442,-390]],[[286436,743497],[315,-54],[-523,0],[208,54]],[[285334,743636],[-55,-139],[-373,17],[428,122]],[[274855,741115],[661,105],[-593,-335],[-68,230]],[[279426,741820],[-577,-458],[357,-37],[-481,-512],[-1819,-142],[-1086,444],[468,68],[-373,335],[2699,142],[275,353],[648,-88],[-111,-105]],[[274138,741854],[-357,-34],[43,54],[314,-20]],[[273327,749565],[42,-51],[-415,0],[373,51]],[[283793,744059],[370,-51],[-687,-71],[317,122]],[[287304,749900],[-360,-34],[42,54],[318,-20]],[[286476,750009],[-579,176],[690,-71],[-111,-105]],[[285540,750253],[-357,-34],[40,54],[317,-20]],[[277998,749914],[272,-119],[-248,-71],[-24,190]],[[276673,749937],[-647,-88],[-151,122],[798,-34]],[[275476,750202],[151,-126],[-413,-67],[262,193]],[[272502,750764],[-98,54],[193,0],[-95,-54]],[[291943,744625],[-98,54],[193,0],[-95,-54]],[[289892,745418],[-360,-248],[262,-122],[-1044,-352],[-497,210],[-812,-335],[962,142],[-1306,-369],[-1929,-71],[-757,227],[579,0],[-193,179],[743,247],[-95,265],[1430,210],[386,284],[2533,68],[98,-335]],[[291570,745774],[138,33],[-40,-54],[-98,21]],[[291171,745895],[317,55],[-523,-176],[206,121]],[[294875,746726],[304,-109],[-579,-139],[1089,-159],[259,-335],[-576,0],[357,142],[-151,122],[-552,-139],[-550,210],[-550,-210],[537,-302],[-98,-193],[441,281],[759,-193],[-592,-443],[-883,-68],[-812,88],[249,386],[-429,-122],[-592,369],[690,72],[331,318],[-360,139],[484,230],[386,-142],[494,356],[262,-126],[-359,-142],[441,109]],[[297064,746671],[1089,-335],[-703,-298],[-1253,579],[428,197],[206,-88],[-206,-126],[439,71]],[[290346,746600],[-97,54],[193,0],[-96,-54]],[[299983,746885],[-96,51],[193,0],[-97,-51]],[[294365,747024],[264,-51],[-978,-231],[95,194],[-193,142],[812,-54]],[[299612,747112],[43,54],[95,-17],[-42,-54],[-96,17]],[[291721,747095],[-206,54],[359,139],[-304,71],[468,-71],[-317,-193]],[[295081,747308],[154,-196],[-209,-88],[-867,335],[922,-51]],[[300591,747803],[-98,51],[193,0],[-95,-51]],[[301595,748030],[40,54],[98,-17],[-138,-37]],[[287811,749707],[-95,54],[193,0],[-98,-54]],[[291295,751842],[138,37],[-40,-54],[-98,17]],[[271273,750764],[-355,125],[468,-71],[-113,-54]],[[273038,751032],[-42,-54],[-317,16],[42,55],[317,-17]],[[272734,751208],[82,-71],[-798,176],[716,-105]],[[270781,751560],[-249,-71],[95,122],[154,-51]],[[281807,750764],[43,-51],[-413,0],[370,51]],[[279151,750642],[-577,176],[206,88],[371,-264]],[[277884,751842],[-248,-72],[428,-88],[386,424],[1309,-156],[-635,-214],[370,-125],[317,20],[-301,72],[151,122],[3360,213],[2147,-495],[483,-335],[-6046,-444],[-661,285],[-1707,71],[-233,545],[-249,38],[262,403],[1253,54],[-965,-142],[579,-176]],[[287428,751611],[206,-264],[-923,-17],[-539,478],[1256,-197]],[[270297,751543],[-95,51],[193,0],[-98,-51]],[[269967,751611],[-96,54],[193,0],[-97,-54]],[[269472,751682],[-98,54],[193,0],[-95,-54]],[[271193,751703],[138,33],[-43,-54],[-95,21]],[[270241,751825],[-95,54],[193,0],[-98,-54]],[[269803,751825],[-429,54],[690,-109],[-261,55]],[[270614,751950],[111,-108],[-304,71],[193,37]],[[270863,751913],[42,54],[95,-17],[-42,-54],[-95,17]],[[284507,751967],[-151,122],[909,-71],[-758,-51]],[[281355,752055],[-1200,-88],[-206,264],[1406,-176]],[[279330,752248],[56,142],[425,-88],[-481,-54]],[[278931,752370],[-357,-34],[40,54],[317,-20]],[[269967,752177],[814,193],[-206,-332],[-608,139]],[[276851,752319],[703,51],[-910,-105],[207,54]],[[277842,752319],[-95,51],[193,0],[-98,-51]],[[276480,753041],[43,54],[95,-17],[-42,-54],[-96,17]],[[285704,752512],[992,-176],[-1843,71],[246,71],[-151,194],[756,-160]],[[284451,752672],[264,-194],[-3114,72],[262,193],[2588,-71]],[[284961,752970],[82,-68],[-357,0],[275,68]],[[280116,753397],[631,-248],[-246,-213],[246,-105],[-246,-71],[357,-143],[-867,-155],[-275,281],[-1639,193],[1129,-353],[-317,-54],[-1306,336],[523,-210],[-153,-55],[-1087,583],[1859,407],[1391,-193]],[[283351,753166],[1198,-196],[-1034,-88],[-1086,338],[536,156],[386,-210]],[[283777,753464],[-193,38],[153,17],[40,-55]],[[283185,753519],[-95,54],[193,0],[-98,-54]],[[283166,753661],[-76,51],[137,0],[-61,-51]],[[283351,753800],[-97,54],[193,0],[-96,-54]],[[283737,753800],[-98,54],[193,0],[-95,-54]],[[278450,753871],[-98,54],[193,0],[-95,-54]],[[282690,754013],[-42,-193],[304,-71],[-798,139],[317,268],[426,-89],[-207,-54]],[[279991,753942],[-536,54],[742,0],[-206,-54]],[[279206,753959],[-357,176],[468,-68],[-111,-108]],[[278669,754084],[43,-54],[-579,0],[536,54]],[[280322,754084],[-95,51],[193,0],[-98,-51]],[[284549,755158],[455,-369],[772,210],[314,-156],[-357,-176],[468,-566],[-468,-213],[867,-17],[812,-546],[-756,-159],[-1819,281],[-867,336],[1073,37],[-164,247],[-978,-125],[-922,441],[1956,284],[-1528,-20],[95,335],[-301,37],[314,265],[1034,-126]],[[281424,754366],[-428,-122],[151,122],[277,0]],[[281258,754579],[97,-54],[-359,0],[262,54]],[[278820,754735],[-193,37],[153,17],[40,-54]],[[276893,754030],[-249,-71],[154,125],[95,-54]],[[274815,754013],[-98,54],[193,0],[-95,-54]],[[275309,754084],[-95,51],[193,0],[-98,-51]],[[277911,754806],[1681,-562],[-1845,281],[150,193],[-425,-88],[370,-474],[-769,138],[-717,-281],[206,265],[-1292,33],[920,549],[1377,-142],[-53,352],[397,-264]],[[282897,754948],[-98,-230],[-370,54],[-29,-528],[-537,-21],[-151,126],[413,210],[-632,423],[537,-51],[536,227],[-304,109],[537,17],[209,-231],[-111,-105]],[[279206,754911],[-357,-34],[40,54],[317,-20]],[[278394,754931],[-97,51],[193,0],[-96,-51]],[[279605,754931],[-95,51],[193,0],[-98,-51]],[[285376,755053],[-42,-54],[-317,20],[359,34]],[[281078,755087],[-246,-68],[95,122],[151,-54]],[[281369,755070],[-98,55],[193,0],[-95,-55]],[[284784,755070],[-98,55],[193,0],[-95,-55]],[[277184,755070],[-98,55],[193,0],[-95,-55]],[[269086,755141],[-536,197],[425,-54],[111,-143]],[[268314,755355],[-95,51],[193,0],[-98,-51]],[[268150,755846],[-97,54],[193,0],[-96,-54]],[[268520,756114],[-150,-126],[-151,17],[151,126],[150,-17]],[[271799,756324],[909,-105],[-648,-88],[-261,193]],[[271164,756466],[-40,-54],[-317,17],[357,37]],[[272652,756537],[112,-108],[-1571,176],[701,-51],[153,122],[-412,143],[645,88],[372,-370]],[[249272,759817],[5494,-512],[-315,-193],[1184,-494],[-1089,-370],[-827,143],[-2641,-495],[-3030,-71],[-484,335],[2025,159],[661,353],[1420,193],[-923,440],[-1322,-210],[-1488,566],[-2038,0],[-151,264],[3524,-108]],[[255688,759360],[-39,-55],[-318,17],[40,55],[317,-17]],[[244413,760081],[-991,-139],[-484,193],[1475,-54]],[[245679,760152],[262,-50],[-468,-72],[206,122]],[[247110,760437],[-96,51],[193,0],[-97,-51]],[[236646,763612],[-95,54],[193,0],[-98,-54]],[[234883,763612],[-1087,125],[1351,-71],[-264,-54]],[[240942,764249],[1198,-55],[-2353,-230],[-207,-193],[246,-142],[-1361,-227],[-1475,227],[1858,54],[484,230],[-812,336],[2422,0]],[[236054,765075],[153,21],[151,-126],[-304,105]],[[240392,765448],[1859,-193],[-1254,-231],[-1528,299],[923,125]],[[240929,766346],[1322,-244],[-2948,68],[98,264],[1528,-88]],[[217480,767071],[-717,-143],[-151,265],[965,0],[-97,-122]],[[216853,767284],[-77,51],[140,0],[-63,-51]],[[245129,768270],[4902,0],[-209,-264],[1792,-352],[-1033,-302],[-3855,0],[-772,-352],[-991,494],[-1983,143],[-1433,-214],[-1031,369],[4613,478]],[[223539,769259],[4735,-637],[661,-633],[1377,-71],[592,-407],[-1528,-159],[-2755,566],[-1816,-143],[-3304,495],[-868,512],[373,335],[1816,495],[648,54],[220,-142],[-151,-265]],[[216750,768995],[1377,-708],[-481,-156],[-1694,898],[798,-34]],[[271111,756747],[-42,-50],[-317,17],[42,50],[317,-17]],[[272486,757029],[-357,-34],[42,54],[315,-20]],[[271674,757188],[-95,54],[193,0],[-98,-54]],[[271069,757188],[-95,54],[190,0],[-95,-54]],[[270834,757313],[-40,-54],[-317,17],[357,37]],[[268687,766454],[330,-71],[-467,-71],[137,142]],[[267778,766807],[42,54],[95,-21],[-137,-33]],[[272832,769331],[-98,50],[193,0],[-95,-50]],[[280610,755938],[137,34],[-39,-55],[-98,21]],[[280155,757049],[2136,-264],[-1803,-725],[-1708,142],[-1308,583],[922,403],[1761,-139]],[[279095,777675],[222,38],[-523,-109],[301,71]],[[283116,778028],[-193,37],[153,17],[40,-54]],[[262091,773495],[1983,-424],[759,-440],[-85,-248],[1584,-583],[1543,72],[812,-549],[-1528,-88],[-206,-193],[412,-282],[-1073,-318],[357,-390],[-1253,-88],[-426,231],[-55,457],[193,142],[-318,302],[-2424,210],[-1047,352],[-1031,-474],[2300,-515],[-98,-193],[799,-281],[-756,-441],[-2811,210],[-536,-88],[193,-318],[-317,-88],[-2520,-17],[854,-282],[-592,-193],[-1087,-54],[-222,176],[415,495],[-592,227],[-2300,-122],[2562,1199],[-193,176],[357,109],[55,386],[-248,105],[84,247],[-415,143],[1129,528],[180,478],[5562,424]],[[270627,773281],[-95,54],[193,0],[-98,-54]],[[271730,773352],[-95,54],[190,0],[-95,-54]],[[262863,773637],[-151,51],[191,0],[-40,-51]],[[234375,768819],[-151,-125],[-153,17],[304,108]],[[215925,768890],[-42,-54],[-317,17],[42,54],[317,-17]],[[254988,769046],[206,-51],[-468,-71],[262,122]],[[234521,768914],[-394,44],[193,108],[-138,105],[524,72],[-185,-329]],[[234663,770811],[484,-264],[-991,-776],[-1475,-17],[-442,-352],[-1980,0],[-278,420],[-6262,-193],[851,213],[277,210],[-97,126],[2313,352],[1763,-71],[550,281],[1927,142],[1652,-423],[318,88],[13,335],[1377,-71]],[[244397,772841],[2438,-194],[2038,211],[978,-441],[235,-545],[2644,-72],[315,-477],[-537,-370],[-1102,-71],[-1431,-494],[-772,281],[-1321,0],[-151,-88],[111,-600],[576,-139],[-743,-247],[249,-176],[-661,-353],[-923,-230],[-3360,352],[206,88],[-55,319],[-592,227],[-2477,0],[-318,339],[579,244],[109,318],[-963,319],[606,809],[2686,1149],[1636,-159]],[[233989,771008],[-357,-38],[40,55],[317,-17]],[[234277,771235],[373,125],[-743,-176],[370,51]],[[235311,771570],[-428,-122],[-259,193],[687,-71]],[[235367,771784],[-43,-55],[-317,17],[42,54],[318,-16]],[[236083,771960],[494,105],[-743,-319],[249,214]],[[236152,773142],[2091,139],[759,-335],[-3181,54],[-441,213],[-812,-301],[-124,-265],[-1145,-230],[484,-122],[-1473,-373],[302,-71],[-468,-210],[304,-213],[-98,-122],[-1486,71],[-483,298],[1543,1094],[2023,302],[552,424],[825,71],[399,-407],[429,-17]],[[254105,772858],[206,-17],[-138,-177],[193,-142],[-425,-298],[-1803,159],[53,248],[1033,440],[881,-213]],[[233341,773142],[-95,51],[193,0],[-98,-51]],[[256529,774057],[-98,54],[140,0],[-42,-54]],[[256198,774199],[96,-54],[-302,-68],[206,122]],[[302518,752600],[39,-50],[-412,0],[373,50]],[[287111,752617],[39,55],[98,-17],[-137,-38]],[[288652,753041],[1020,-247],[109,-244],[-1584,264],[-373,406],[209,227],[619,-406]],[[288308,754999],[701,54],[-907,-105],[206,51]],[[294420,754931],[-95,51],[193,0],[-98,-51]],[[294214,755301],[138,37],[-40,-54],[-98,17]],[[293966,755338],[-40,-54],[-317,17],[357,37]],[[291171,755355],[-95,51],[193,0],[-98,-51]],[[294090,755426],[-95,51],[193,0],[-98,-51]],[[290346,755636],[-97,54],[193,0],[-96,-54]],[[307033,787894],[-95,54],[193,0],[-98,-54]],[[315075,791068],[-98,55],[193,0],[-95,-55]],[[311990,791282],[-95,54],[193,0],[-98,-54]],[[318710,791492],[-98,54],[193,0],[-95,-54]],[[302298,791986],[-97,55],[193,0],[-96,-55]],[[319482,793047],[-441,-214],[-1034,160],[1626,105],[-151,-51]],[[734865,832362],[-1803,-515],[508,-2711],[-7836,-1548],[-7926,-2155],[-9356,-7047],[-10780,-2151],[-13948,-2081],[-25448,-5437],[-11045,-1759],[-5491,-2358],[-8587,-1809],[-10392,-803],[-597,-1491],[5914,-2985],[3994,-3320],[571,-1291],[-1224,-1880],[2792,-1108],[5068,-71],[2316,-1115],[-706,-1314],[-3538,-824],[-1937,-2168],[2083,-2816],[3275,-2127],[1235,-3412],[-1176,-2531],[-6054,-3073],[-3567,-1467],[-4608,1433],[-2939,261],[-3945,-860],[-11415,-119],[-1385,-1094],[6450,-1742],[11249,-234],[-1359,-2087],[-5086,-2547],[-4983,-1437],[-7678,-376],[-5958,-1555],[-9777,1599],[-7389,244],[-2582,-257],[-5111,-1664],[-3896,-64],[-2329,-786],[-1491,-2020],[-944,-1826],[-2964,-833],[-7167,-915],[-3666,-2074],[-4151,-2774],[-5922,-2914],[-4600,-1643],[-8679,-1749],[-2691,-1009],[-1959,-1745],[317,-3127],[-687,-1433],[-2091,-1942],[447,-1965],[-1631,-1616],[-6948,-1833],[-7246,-843],[-18048,-183],[-7815,1236],[-3878,1870],[-3881,1207],[-5277,301],[-15965,-1721],[-4404,-1298],[-6453,851],[-4595,1748],[-4293,2104],[-4941,1277]],[[426846,732841],[-9977,586]],[[416869,733427],[-3088,824],[-3347,-332],[-9982,-3781],[-5880,-1051]],[[394572,729087],[-14371,-250]],[[380201,728837],[-9337,-1511],[-4714,-68],[-8541,667],[-7225,-311],[-12989,78],[-6424,-383],[-6059,-844],[-4904,-1155],[-8370,-3527],[-6556,-1586],[-18209,-1511],[-5634,335],[-6276,-555],[-2786,-945],[-7017,457],[-16718,285],[-3759,-1535],[-2744,-2125],[-569,-2341],[2924,-3110],[2017,-1616],[2015,-2778],[5459,-4354],[1517,-1497]],[[255302,698907],[600,-1745],[-134,-1105],[-1653,-1243],[-2421,-962],[-5288,-336],[-5509,1437],[-3566,1331],[-3181,2335],[-6640,2998],[536,-1853],[-3386,-1332],[-13245,-559],[-6157,664],[-3035,1986],[-5033,2361],[-2546,187],[-16314,-3344],[-5933,-492],[-3360,-1450],[-4150,-596],[-312,-773]],[[164575,696416],[-1716,-369],[-222,-213],[98,-265],[-3455,-230],[468,-71],[-98,-122],[-5837,847],[-56,705],[-317,-17],[137,-105],[-314,-231],[-2094,495],[-3249,0],[-936,352],[-1750,160],[373,122],[-2369,-353],[-2810,495],[-2588,-71],[-2094,281],[-1486,566],[-1433,71],[-2643,1270],[-3305,424],[-288,406],[-1184,671],[304,600],[-1571,600],[-137,318],[-524,210],[524,390],[-193,139],[164,247],[1033,-51],[757,369],[55,319],[-1018,495],[481,511],[1090,17],[438,671],[-301,34],[82,176],[-357,105],[246,180],[-481,298],[-2863,-281],[-1198,582],[-111,529],[249,71],[-415,105],[193,281],[-193,176],[248,72],[-248,105],[84,179],[-248,247],[137,600],[-248,139],[634,495],[-523,176],[111,176],[1953,532],[360,600],[1954,881],[-468,71],[-275,952],[357,213],[-357,424],[1184,881],[-29,389],[249,34],[-249,529],[304,142],[-523,423],[468,319],[-193,386],[304,353],[-304,247],[137,179],[-1348,739],[82,319],[-743,389],[-56,176],[635,495],[-1047,705],[-1364,440],[-4682,634],[-69,267],[-854,248],[923,193],[1158,-142],[922,372],[275,529],[-164,423],[-539,298],[-2146,356],[-1267,-142],[-2094,423],[-150,122],[412,285],[-111,281],[-481,159],[-825,0],[-661,-423],[-209,298],[1639,549],[3416,-353],[1763,72],[370,369],[-756,407],[2039,-566],[1266,71],[55,210],[868,88],[13,197],[978,-126],[-2506,353],[-29,599],[-577,214],[688,142],[-799,105],[-674,617],[-2260,284],[-880,424],[-881,-285],[-2961,583],[442,528],[907,319],[137,952],[360,176],[-138,108],[923,227],[1486,-352],[-151,264],[206,160],[1158,-143],[151,197],[-442,352],[-687,210],[1528,373],[1047,-71],[785,616],[743,177],[-304,108],[634,495],[-1073,-180],[-222,356],[137,386],[-246,142],[193,177],[-137,105],[481,230],[1528,230],[-605,600],[-2356,-54],[-370,-159],[357,-210],[-111,-390],[-645,-159],[-814,440],[0,247],[690,143],[-1407,671],[0,247],[923,159],[373,369],[-111,319],[-1074,247],[167,248],[1911,298],[3966,213],[2260,-494],[0,-353],[1155,-142],[978,230],[-137,248],[193,210],[-206,159],[880,-71],[1377,352],[550,-281],[1544,71],[1100,495],[4626,-143],[606,-213],[1639,230],[896,902],[1705,0],[2921,494],[1431,-71],[-151,193],[262,88],[2863,-71],[3635,495],[1377,-281],[3416,352],[4570,-71],[2258,423],[991,-210],[275,-284],[828,0],[386,-353],[262,159],[-193,177],[245,71],[-1459,281],[6818,-193],[4846,213],[7656,-355],[9472,213],[8703,918],[1211,-142],[-206,193],[4721,512],[497,284],[1211,-142],[4793,566],[4735,71],[1596,491],[1433,71],[5177,1061],[1874,0],[151,-126],[-413,-71],[2231,-528],[-798,-210],[370,-126],[3249,-71],[153,-122],[-415,-213],[484,-298],[2808,210],[936,-353],[2974,-142],[317,-298],[-249,-210],[154,-54],[700,616],[-1292,71],[6910,671],[275,210],[-164,248],[-798,247],[412,352],[-193,176],[648,373],[494,-213],[540,230],[-1021,319],[605,494],[2245,722],[3802,495],[1046,-353],[2039,0],[3413,705],[222,284],[1760,492],[7106,284],[2589,492],[1871,0],[661,-421],[936,-142],[275,210],[2755,143],[1210,494],[759,-54],[-151,196],[825,-494],[2863,210],[-95,-336],[756,-369],[154,54],[-193,139],[536,17],[1489,-352],[2091,-71],[275,-281],[703,54],[111,-248],[-56,-352],[-412,-176],[246,-109],[-524,-247],[-81,-386],[-2010,-176],[1074,-356],[-167,-176],[-1197,-298],[-2092,71],[-330,-285],[-1102,-68],[372,-196],[-2783,-1233],[-246,-390],[-2451,-813],[-566,-474],[-5120,-353],[-262,-196],[523,-68],[-1459,-37],[412,-282],[-330,-460],[-1021,-210],[965,-143],[-372,-298],[-923,-88],[209,-335],[-933,-71],[766,-1413],[1542,-71],[-207,125],[537,298],[2919,285],[2590,0],[2314,-424],[95,122],[-579,142],[1861,89],[1155,423],[881,-71],[497,705],[2038,142],[1652,-214],[370,-88],[-26,-386],[317,-17],[-153,193],[1020,176],[-814,122],[4407,427],[-592,265],[1308,864],[812,-126],[277,248],[-579,142],[246,34],[85,389],[909,248],[468,528],[1018,461],[-854,210],[743,142],[-468,71],[413,244],[-524,495],[1626,319],[896,972],[108,-285],[484,160],[-248,71],[357,142],[-151,122],[-812,-122],[249,210],[-193,176],[246,353],[-413,423],[1420,88],[164,-210],[592,478],[-854,-71],[854,315],[56,247],[-1695,159],[-386,-281],[-716,71],[978,-335],[-1237,-319],[150,-335],[-1871,281],[-553,495],[-3344,1148],[26,387],[-248,37],[-56,281],[193,176],[-743,319],[249,528],[-413,424],[1253,-407],[-261,407],[521,142],[-920,-54],[-1433,423],[-484,302],[196,176],[-304,34],[-138,390],[-1681,528],[153,193],[-2136,583],[304,108],[-523,34],[-111,248],[578,105],[14,335],[827,-281],[2424,918],[2189,-444],[-1033,-122],[1596,139],[1433,-420],[812,88],[-468,68],[357,142],[-302,71],[151,122],[1983,-71],[-206,-122],[579,-105],[111,-247],[-978,-17],[-43,-336],[867,-88],[14,336],[317,17],[2080,-1078],[-304,-71],[151,-122],[991,281],[759,-369],[-592,-264],[1652,-566],[703,159],[-1514,634],[245,247],[-1734,495],[304,-210],[-153,-54],[-537,369],[854,71],[-219,176],[-2451,813],[962,319],[-1789,105],[1459,71],[-1240,600],[648,-126],[-370,197],[1348,281],[-2615,-352],[577,-143],[-151,-122],[-923,51],[978,-264],[812,125],[-700,-264],[-2575,156],[206,264],[-2369,-139],[-1652,281],[-3910,0],[-1266,-281],[-2025,512],[55,386],[962,247],[661,532],[-2575,88],[-1914,441],[1407,776],[716,884],[-248,244],[26,532],[-2078,1074],[-2313,708],[-4571,-71],[-2313,1057],[-5234,-139],[-2808,352],[-2644,495],[-1528,1074],[413,495],[-304,213],[55,247],[1129,529],[291,545],[4129,143],[206,-264],[-245,-214],[1692,-17],[-262,-122],[523,-37],[1060,-688],[936,-71],[-95,-193],[1129,-458],[55,-176],[-359,-247],[111,-108],[648,54],[425,301],[-301,105],[523,563],[-415,108],[249,105],[-413,105],[27,390],[-1349,600],[-55,176],[357,247],[-220,176],[-1364,-54],[-2146,566],[-992,-143],[-1142,336],[1473,-122],[716,495],[1433,-285],[1486,423],[1211,-562],[592,441],[-138,389],[1198,580],[814,-299],[-248,-247],[372,-159],[701,230],[-82,248],[357,105],[-138,247],[262,159],[3085,-71],[550,-352],[1488,-143],[262,-193],[-304,-213],[606,-353],[1514,-318],[-2339,-563],[261,-196],[1322,-139],[1100,491],[553,-281],[880,71],[317,-335],[-468,-176],[193,-143],[-193,-176],[867,-88],[648,441],[-137,247],[536,230],[3511,-88],[-56,-247],[-687,-176],[632,-282],[-468,-213],[304,-105],[-386,-281],[-2025,-302],[-164,-423],[-4227,-1040],[2519,-160],[442,-281],[1486,139],[425,302],[-521,352],[164,318],[537,-54],[441,281],[606,-138],[510,545],[648,88],[425,-193],[-742,-390],[301,-71],[-301,-457],[909,-176],[328,-390],[-688,-176],[-275,-247],[302,-72],[-632,-491],[1692,-88],[1475,688],[-634,247],[304,247],[-360,316],[579,318],[-962,461],[190,176],[-962,600],[137,176],[-193,139],[468,318],[-193,176],[4875,-952],[-592,546],[-828,0],[-658,427],[-2686,793],[1846,494],[111,247],[-196,139],[634,461],[-137,386],[909,214],[-1089,-54],[-674,-830],[-1253,-299],[-6334,-352],[-1087,474],[1460,319],[-111,105],[-3168,176],[1132,566],[219,528],[-1364,-50],[-1142,440],[302,71],[-40,193],[-1597,71],[-317,89],[137,176],[-193,142],[1859,159],[497,353],[3910,704],[-5840,0],[-1266,-210],[-1528,298],[415,143],[-140,105],[193,142],[-482,159],[-2849,88],[-550,387],[962,423],[-592,231],[-1267,-143],[-441,285],[-1541,-214],[-1433,143],[-164,210],[-4240,-71],[-992,494],[-1927,-494],[-991,494],[-1986,71],[-1803,478],[429,298],[1871,0],[167,281],[645,21],[-138,386],[759,-51],[315,227],[-812,407],[-978,88],[360,142],[-207,478],[3138,562],[592,-88],[511,-474],[991,-142],[-42,474],[1681,742],[53,247],[-301,214],[1086,-126],[759,231],[-138,105],[357,281],[-1694,20],[-1761,424],[-1197,864],[370,477],[2313,-142],[608,210],[425,-227],[-412,-142],[412,-142],[-467,-210],[55,-319],[1031,-369],[1200,156],[109,108],[-249,142],[1021,244],[-138,248],[151,17],[481,-156],[-468,-248],[481,-301],[992,-71],[552,-353],[1377,71],[1142,-440],[-304,-71],[416,-142],[-360,-139],[193,-177],[-426,-159],[-2754,424],[-923,-512],[2287,-779],[-304,-105],[357,-319],[16,-403],[1155,-142],[-95,264],[906,319],[-137,247],[153,88],[2091,0],[386,210],[111,-210],[1309,-159],[-360,-281],[207,-265],[2204,68],[151,-122],[-357,-423],[743,-177],[-2025,-972],[2313,-68],[883,353],[923,-231],[-386,-457],[-1076,-176],[798,-285],[-851,-352],[701,-336],[441,-71],[880,495],[1875,71],[1211,-142],[1364,-441],[177,-264],[1158,0],[39,193],[-631,105],[-138,247],[-703,21],[-399,403],[-1240,390],[523,281],[-301,213],[259,193],[2575,231],[-108,105],[-1309,301],[-3305,-142],[-150,122],[357,285],[-1515,423],[2506,600],[-648,264],[1750,88],[-481,336],[-978,88],[923,406],[1760,-494],[1653,281],[153,-122],[-304,-71],[634,-248],[-468,-389],[2010,-210],[166,176],[-745,176],[412,281],[-137,248],[1900,884],[-1528,193],[-1197,-193],[579,281],[-140,529],[359,247],[-193,176],[413,108],[-302,68],[138,319],[-193,284],[468,177],[26,315],[468,37],[-137,386],[2080,-193],[317,264],[-1076,424],[2025,369],[386,427],[1267,139],[1102,918],[1362,88],[-82,247],[523,34],[-26,319],[193,105],[-1862,54],[-605,-213],[-1322,284],[-399,546],[-1184,318],[261,193],[1433,424],[4241,213],[1528,-440],[-249,-248],[415,-142],[-1956,-600],[-219,-142],[163,-247],[2575,125],[373,-88],[-193,-176],[481,-302],[1597,-139],[262,336],[-688,423],[1914,580],[2755,142],[399,407],[357,-38],[-1295,566],[-220,281],[111,109],[1584,-336],[975,193],[-150,231],[-1541,139],[-1322,566],[-936,0],[-111,-210],[-1708,138],[-386,-210],[-3965,424],[-2039,-285],[-1541,566],[-1266,0],[-661,424],[-8193,935],[965,704],[-415,180],[2356,722],[4792,423],[15529,-1270],[3196,-919],[4791,0],[372,265],[-1734,423],[3553,1132],[53,-176],[-1293,-390],[302,-105],[-317,-230],[-812,54],[1695,-478],[13,478],[634,-37],[-304,247],[1460,389],[-151,194],[2794,440],[220,142],[-109,248],[-965,315],[193,179],[-632,248],[220,599],[867,17],[219,282],[1034,230],[524,528],[1514,390],[-304,105],[1021,390],[-304,105],[922,582],[936,0],[661,-423],[772,-71],[-42,-264],[814,-512],[1597,-71],[1142,-478],[-42,336],[-2078,372],[-220,176],[302,210],[-302,214],[302,71],[-1624,457],[191,458],[-521,213],[1306,864],[883,0],[2091,637],[1269,-284],[2752,352],[-2863,71],[-703,302],[2244,335],[1103,705],[549,-281],[1708,-72],[373,88],[-304,72],[304,71],[-262,122],[550,-71],[151,125],[-302,71],[1803,298],[1103,-281],[151,122],[-331,213],[-1583,441],[-3511,-230],[1583,582],[1708,0],[1211,495],[2094,-214],[1541,285],[-812,159],[386,810],[2134,654],[1694,-159],[-1131,-424],[484,-478],[4005,-298],[-1253,-125],[-426,-369],[1253,-407],[2533,142],[150,122],[-190,143],[259,159],[2094,-424],[592,17],[219,177],[-301,71],[481,159],[3141,-352],[262,193],[-870,17],[-812,372],[193,176],[-1184,316],[55,318],[812,512],[3416,71],[288,335],[592,88],[3527,-142],[370,125],[-413,139],[537,88],[2810,-352],[-484,88],[-454,478],[-2311,213],[-484,156],[304,71],[-55,248],[-1626,352],[415,105],[-262,125],[1100,0],[1047,353],[2644,142],[-40,264],[314,159],[2425,-142],[772,495],[1374,142],[4296,-352],[1325,139],[1155,565],[442,-213],[880,213],[1102,-142],[592,231],[233,406],[1145,-125],[-1132,494],[154,265],[3690,71],[1198,301],[563,617],[811,-335],[-1017,-495],[1073,-600],[-301,-389],[962,-34],[-357,-248],[373,-230],[1322,213],[1430,847],[661,0],[1321,919],[1819,281],[315,-478],[-798,-491],[1200,-512],[481,88],[-262,122],[1100,-142],[2977,285],[-262,264],[756,298],[1927,-352],[3471,-71],[2039,-424],[-347,620],[-579,386],[471,285],[-56,386],[-523,34],[26,318],[-576,109],[-111,244],[1198,20],[756,298],[-743,390],[1033,583],[2353,-160],[-1403,-565],[703,-193],[3799,704],[1874,0],[812,-88],[-468,-457],[1197,-302],[-95,197],[1348,244],[-248,247],[759,440],[1652,285],[3468,0],[-206,-196],[1034,-156],[2091,562],[2260,0],[-661,71],[-539,407],[1420,654],[3415,-353],[5562,844],[1983,-139],[2422,210],[827,356],[825,-71],[111,210],[2313,281],[3030,-210],[3743,566],[772,423],[3416,139],[991,424],[1473,159],[-151,196],[3249,282],[1433,-214],[177,478],[1531,440],[4790,495],[1983,566],[428,440],[-1034,546],[-758,-156],[523,-319],[-1253,-654],[-4790,-142],[-550,-423],[-2094,0],[-1708,-705],[-2313,-71],[-1803,511],[468,143],[-137,318],[301,34],[-56,247],[-991,776],[-426,17],[-536,-159],[-138,-457],[-536,-302],[-923,125],[579,-281],[-140,-247],[497,-566],[962,-176],[-259,-407],[-1377,-71],[-1600,353],[-507,691],[-1626,528],[248,176],[-468,214],[426,156],[-2297,159],[1184,637],[-304,71],[249,139],[-138,318],[592,-54],[207,88],[-193,176],[578,38],[-814,193],[-1266,-71],[-344,-336],[-1914,-650],[-2094,0],[-536,-302],[412,-142],[-206,-122],[-3786,-440],[3731,-265],[922,-511],[-700,-407],[-1269,-142],[-606,284],[-2477,210],[-883,-494],[-1142,88],[579,71],[111,105],[-193,142],[1322,705],[523,37],[-1681,424],[137,105],[-192,142],[359,68],[-412,142],[468,143],[-468,176],[-331,599],[3551,671],[-1074,281],[138,105],[-193,143],[275,284],[468,139],[-688,176],[413,390],[-632,105],[-455,407],[1266,-71],[992,423],[1541,142],[-69,-335],[-1292,-847],[2284,-319],[-138,-105],[151,-159],[-1031,-159],[262,-193],[2477,281],[922,369],[-261,126],[1694,298],[386,423],[-1459,461],[2022,88],[429,231],[330,423],[-304,105],[360,34],[81,318],[979,17],[438,495],[1047,0],[1034,-230],[661,-529],[-1914,-511],[-1597,0],[-592,-302],[523,-244],[-1089,51],[-95,-193],[592,-159],[881,352],[1485,0],[-39,-336],[962,-528],[-206,-264],[-1473,-160],[304,-247],[-373,-230],[3141,142],[109,566],[5176,918],[111,420],[867,-17],[441,-352],[-137,-248],[151,-88],[2204,285],[2919,-356],[1859,88],[-1695,478],[-56,210],[-2257,142],[-426,302],[82,315],[-262,159],[-824,-281],[-3030,281],[-153,441],[137,250],[-851,-37],[2022,264],[3691,-423],[4957,142],[549,210],[2039,-776],[3360,919],[2477,142],[373,-125],[-1074,-566],[648,-298],[1705,71],[759,-231],[-357,-210],[26,-247],[-1017,-247],[412,-143],[-98,-122],[1158,68],[1430,495],[1158,-281],[1983,0],[206,230],[-164,176],[-2067,563],[2300,372],[2094,-71],[219,-352],[717,71],[-262,122],[579,71],[-1185,423],[1185,495],[-6046,-125],[-1142,301],[481,193],[-756,55],[4005,17],[-370,193],[2189,159],[3746,-139],[206,-196],[-412,-353],[467,-176],[-137,-105],[1087,51],[-426,-193],[523,-34],[-84,-319],[759,-230],[1760,-142],[154,-122],[-249,-143],[317,-227],[1375,72],[732,616],[1473,369],[1652,-138],[716,-566],[1542,139],[372,301],[-193,247],[220,353],[2519,654],[154,122],[-249,71],[537,159],[425,-230],[-95,-122],[4516,-143],[481,-159],[-138,-105],[304,-34],[-98,-125],[6060,142],[330,-284],[1322,-139],[1708,-637],[1652,-210],[1763,210],[-97,-122],[372,-302],[2850,-88],[-1858,-616],[-883,71],[209,406],[-704,88],[-867,-301],[-180,-336],[-2918,-281],[2038,-776],[1103,282],[700,-126],[-1197,-227],[-2409,-1077],[1348,0],[-95,-193],[-1763,-282],[-442,-355],[-1155,0],[-373,-160],[138,-315],[-220,-213],[-1239,-247],[-524,-529],[-1845,-318],[29,-248],[-635,-176],[-55,-176],[468,-176],[-317,-193],[-1597,-214],[-481,-227],[137,-176],[-150,-91],[-1806,-89],[55,-244],[1021,-460],[-138,-105],[1859,-231],[151,-122],[-632,-213],[1692,-369],[592,298],[-138,176],[207,91],[552,0],[701,-406],[-357,494],[357,106],[-468,176],[248,352],[-137,176],[2353,1078],[2575,582],[-524,424],[373,193],[1872,142],[1213,495],[1708,-214],[-98,-264],[690,-37],[-304,-68],[95,-125],[1145,159],[275,176],[-360,143],[317,159],[828,0],[108,-285],[661,285],[262,-126],[-524,-138],[1476,50],[592,302],[-1129,210],[632,213],[-302,72],[357,67],[-111,109],[-1803,17],[-536,264],[1747,301],[1433,-213],[1211,495],[3347,-17],[-923,-126],[-13,-264],[-373,-159],[-936,0],[-550,-352],[936,142],[2038,-285],[2477,285],[1309,-302],[-1295,-633],[137,-176],[-468,-109],[138,-176],[-495,-352],[-1570,-319],[-1515,-1094],[-1858,-864],[2313,213],[1047,424],[2313,0],[481,227],[-82,318],[1364,231],[550,-353],[1322,0],[716,-284],[-317,159],[56,176],[854,176],[-138,176],[648,302],[2022,88],[-301,105],[632,176],[386,285],[-138,176],[688,319],[-426,474],[2369,352],[-262,126],[523,105],[-261,122],[1927,142],[2643,847],[2700,423],[1253,-193],[-5261,-952],[-442,-461],[1750,-298],[-97,-125],[801,-352],[-2398,-847],[3786,-17],[317,159],[-357,139],[304,142],[-249,461],[1584,864],[1155,68],[936,-282],[-95,193],[386,285],[1361,230],[2975,-284],[814,-298],[-154,-265],[1764,-71],[716,353],[2863,-282],[481,227],[-137,143],[137,105],[-1128,176],[248,390],[-1348,386],[-222,247],[248,109],[69,403],[-3468,-353],[-1103,566],[-1308,-17],[2244,512],[1983,847],[2202,281],[648,-17],[-357,-281],[261,-268],[2409,-88],[-854,-281],[-275,-352],[1089,-197],[1816,142],[992,495],[275,-281],[1488,0],[95,403],[-576,142],[1417,231],[2313,-214],[-95,197],[1184,352],[-359,105],[95,126],[-3633,0],[-333,491],[-1816,-424],[56,353],[-2134,125],[481,440],[2203,495],[483,-88],[-140,-105],[209,-159],[1430,71],[318,159],[-249,68],[249,179],[-1021,139],[1089,302],[1103,-142],[317,230],[-140,176],[428,88],[825,-213],[3801,213],[1817,634],[1982,142],[648,302],[-193,210],[98,193],[1597,71],[2424,918],[4074,634],[428,-193],[-1129,-177],[-111,-176],[249,-213],[-275,-210],[-1571,-634],[413,-176],[-95,-125],[2918,71],[315,-88],[-357,-71],[262,-126],[2133,444],[-537,407],[1708,0],[992,-72],[206,-159],[-138,-105],[592,-88],[3249,-71],[151,-125],[-301,-139],[481,-231],[812,88],[-138,177],[262,230],[2369,-142],[647,-160],[-137,-71],[137,-176],[-2630,-227],[-923,-515],[579,-386],[-867,54],[-1089,-407],[1351,-389],[219,-210],[-137,-109],[425,-155],[2644,0],[1599,420],[1653,-210],[3193,775],[95,-122],[-1073,-247],[965,-284],[-690,-211],[304,-105],[-2025,-159],[-1692,-654],[756,-335],[1433,142],[111,-281],[1322,0],[150,-88],[-150,-197],[-926,88],[965,-247],[331,-386],[-923,-159],[-3677,230],[1034,-301],[1652,142],[3347,-373],[-98,-122],[3746,-142],[1914,-512],[-743,-139],[-180,-406],[-1914,-441],[151,-267],[-1266,-139],[-978,-444],[84,-600],[-634,-247],[193,-210],[-138,-105],[357,-142],[-523,-319],[854,-210],[-220,-461],[-1240,-315],[579,-176],[-756,-444],[-1308,-156],[576,-179],[-962,-315],[137,-177],[-1348,-179],[357,-139],[-96,-125],[590,54],[-259,-193],[645,51],[-137,-105],[193,-211],[-717,-636],[-1129,-177],[154,-264],[-4407,-142],[-3236,-1498],[95,-196],[-978,-17],[1639,-126],[428,-155],[-98,-126],[661,214],[-39,-197],[438,-210],[799,-105],[-524,-142],[-52,-390],[248,-68],[-965,-318],[-674,-549],[-759,-17],[579,-352],[-304,-176],[415,-390],[-248,-176],[412,-176],[56,-319],[-1790,-810],[357,-142],[-138,-71],[249,-71],[-111,-105],[-1237,-458],[798,-847],[-635,-670],[2948,-953],[-137,-318],[206,-88],[481,264],[-1129,495],[481,159],[3678,-620],[-759,335],[-4296,566],[-1031,370],[798,494],[-468,529],[275,356],[688,176],[55,176],[-248,34],[193,247],[-302,71],[1460,952],[-360,566],[304,142],[-248,282],[111,318],[2175,671],[495,633],[0,458],[-1790,671],[0,247],[2905,1149],[2974,71],[553,-285],[2202,-68],[3305,1129],[3415,-143],[0,-210],[770,-71],[1142,159],[827,529],[-2133,230],[-3030,-423],[40,616],[-1142,17],[-262,265],[523,108],[29,244],[632,247],[579,603],[1198,441],[991,-71],[-317,264],[1639,864],[648,-51],[-635,244],[1571,390],[274,213],[-304,68],[56,247],[1295,461],[-1403,71],[-222,244],[359,71],[-523,37],[137,105],[-304,353],[2245,372],[647,332],[-1803,-332],[-1158,139],[-481,231],[82,389],[-301,34],[301,176],[-2065,458],[-111,176],[360,285],[-360,142],[468,176],[-190,244],[798,779],[-1419,298],[150,265],[-330,355],[-1184,244],[84,177],[-304,37],[29,247],[-304,34],[304,352],[-111,177],[-965,247],[-164,142],[138,105],[-360,105],[140,109],[-3222,670],[26,248],[-523,247],[634,281],[-304,282],[193,318],[-357,105],[357,495],[-164,247],[-2411,-125],[-880,355],[-1983,139],[43,197],[-360,105],[360,71],[-304,71],[248,244],[-304,37],[249,248],[-3017,1287],[-5396,71],[-647,370],[137,71],[-248,281],[137,318],[-880,1061],[-1459,667],[687,251],[-1584,-54],[-68,264],[-881,424],[-1017,247],[81,176],[-304,34],[-55,319],[634,247],[-304,105],[2411,654],[1100,0],[6995,-1271],[1708,-71],[648,-159],[-138,-105],[151,-88],[716,142],[56,-213],[1377,-210],[1761,210],[3085,-210],[716,281],[3138,-634],[207,88],[-207,332],[3747,71],[4076,566],[5893,-142],[372,-88],[-140,-105],[222,-210],[468,-38],[-97,-121],[935,352],[2314,-142],[-259,125],[7531,864],[6279,1342],[206,-197],[-634,-776],[854,-386],[-27,-247],[1417,193],[13,-193],[468,-38],[-246,-247],[302,-34],[-43,-193],[1751,122],[-193,-281],[193,-248],[-1571,-247],[978,-335],[2039,0],[769,352],[441,-281],[1489,71],[1927,634],[825,0],[428,-231],[-262,-193],[2863,-566],[8428,-491],[2739,-935],[-2120,281],[1348,-495],[-246,-247],[1238,-318],[-96,-122],[2300,-55],[-2781,604],[645,227],[7767,-1552],[3030,-71],[-98,-122],[468,-38],[-95,-122],[1747,-440],[-576,-71],[95,-125],[772,142],[1761,-424],[5840,139],[150,197],[-248,71],[2630,298],[759,302],[-42,193],[4021,0],[2421,423],[-259,193],[907,248],[-576,142],[206,122],[1639,-88],[-703,-403],[-1034,-21],[153,-193],[2972,705],[1047,0],[0,-210],[4462,210],[-867,-336],[357,-176],[-95,-122],[1044,0],[264,88],[-97,194],[1142,-17],[-1515,423],[3458,230],[922,370],[220,281],[-95,268],[1760,139],[1875,-139],[592,-373],[-196,-105],[524,-37],[-632,-105],[3291,-654],[13,-265],[413,-247],[-138,-105],[1129,-247],[-632,-68],[262,-54]],[[441418,814717],[483,51],[-909,-176],[426,125]],[[442687,814785],[-154,54],[193,0],[-39,-54]],[[440868,815208],[-40,54],[190,0],[-150,-54]],[[441198,815279],[-39,55],[190,0],[-151,-55]],[[443842,816479],[153,-88],[-359,-72],[412,-138],[-95,-126],[1211,-139],[497,210],[13,-193],[632,-142],[-2189,54],[-206,-230],[153,-193],[-2149,0],[-1047,352],[-1267,-566],[-1803,88],[812,478],[2919,352],[497,424],[1816,-71]],[[425833,818596],[-97,54],[523,-105],[-426,51]],[[437619,819372],[-43,54],[193,0],[-150,-54]],[[456344,816902],[978,-264],[-1859,-512],[-372,370],[372,477],[881,-71]],[[461906,819162],[-40,54],[193,0],[-153,-54]],[[454046,820097],[82,-71],[-412,0],[330,71]],[[462514,823045],[315,-336],[-426,-159],[-756,369],[-56,248],[1185,-68],[-262,-54]],[[437439,819497],[-151,-125],[-206,20],[357,105]],[[442589,820202],[909,-34],[-1129,-142],[220,176]],[[439038,820944],[-415,-318],[206,-404],[-2752,68],[-261,407],[798,213],[-965,210],[1806,160],[-98,-122],[481,-89],[717,211],[483,-336]],[[435855,820785],[-39,54],[193,0],[-154,-54]],[[373360,807358],[-511,-125],[-592,264],[759,88],[344,-227]],[[363885,807497],[-1430,71],[1253,-51],[549,353],[373,-160],[-745,-213]],[[365249,807870],[-42,50],[193,0],[-151,-50]],[[400166,808856],[-40,54],[193,0],[-153,-54]],[[407878,809140],[-1364,122],[867,159],[497,-281]],[[416525,811539],[-151,54],[191,0],[-40,-54]],[[413606,812386],[-42,54],[193,0],[-151,-54]],[[414500,812674],[-219,47],[206,17],[13,-64]],[[415698,812881],[317,50],[-688,-176],[371,126]],[[416456,813074],[-42,-55],[-370,21],[412,34]],[[413384,822974],[-39,54],[193,0],[-154,-54]],[[413921,823204],[-301,-71],[150,122],[151,-51]],[[313809,808927],[2300,54],[-592,-264],[-3292,-88],[315,-126],[-1859,231],[1145,50],[-153,197],[592,230],[991,0],[154,-125],[-193,-142],[592,-17]],[[313587,809140],[-40,51],[193,0],[-153,-51]],[[336610,855089],[-42,54],[193,0],[-151,-54]],[[334516,856288],[275,-281],[1214,-281],[1761,71],[1210,423],[540,-125],[-579,-34],[-29,-318],[-468,-105],[42,-197],[716,-71],[-2479,0],[-495,-210],[-1047,495],[-811,-126],[-222,180],[579,210],[-910,566],[910,-143],[-207,-54]],[[501796,830437],[-2424,-281],[304,-71],[-138,-105],[206,-230],[-3510,-370],[481,-406],[1197,-231],[-412,-247],[798,-34],[-1403,-352],[248,-214],[-248,-176],[631,-105],[-137,-105],[304,-37],[-151,-122],[-5123,633],[-3799,0],[-1597,-352],[-1914,302],[1568,352],[-357,139],[206,268],[1211,-285],[1377,71],[206,88],[-137,319],[428,88],[2808,-281],[1266,-424],[1544,139],[701,230],[-302,105],[468,319],[-1184,210],[632,213],[55,177],[-523,33],[317,197],[1597,-142],[661,352],[1102,71],[206,126],[-357,281],[262,230],[2644,0],[425,-301],[-137,-72]],[[494856,829838],[82,-71],[-854,176],[772,-105]],[[493907,830315],[-2189,194],[2451,71],[-262,-265]],[[488675,832995],[-111,-139],[-428,17],[539,122]],[[489543,833050],[-965,71],[978,88],[261,-193],[-274,34]],[[502058,833490],[425,-193],[-576,139],[151,54]],[[502224,833561],[-42,54],[193,0],[-151,-54]],[[501740,833968],[304,71],[164,-319],[-468,248]],[[505968,834479],[-43,55],[196,0],[-153,-55]],[[505473,834689],[206,-50],[-922,-160],[-1309,336],[1364,159],[661,-285]],[[496054,835184],[978,54],[-1570,-105],[592,51]],[[497817,835326],[42,-54],[-470,0],[428,54]],[[503586,836472],[-1293,-600],[576,-68],[-536,-406],[-2092,-72],[-372,-88],[137,-176],[-317,-159],[-867,369],[2450,637],[-523,210],[373,193],[936,0],[549,285],[979,-125]],[[511035,835821],[-42,51],[193,0],[-151,-51]],[[500680,836245],[-95,50],[193,0],[-98,-50]],[[509148,836895],[2038,-244],[-1515,-318],[468,-177],[-95,-125],[1198,-51],[-1957,-284],[-26,247],[-304,37],[84,315],[-415,109],[193,247],[-468,176],[484,265],[481,-89],[-166,-108]],[[415988,823099],[2575,88],[56,-213],[1086,-126],[-1528,197],[-372,-88],[-14,-265],[-1047,-142],[-2244,440],[703,55],[275,281],[510,-227]],[[421262,823187],[-978,-230],[262,-126],[-592,159],[811,336],[704,-88],[-207,-51]],[[419594,823099],[-39,-54],[-373,17],[42,54],[370,-17]],[[421096,823397],[-151,54],[246,0],[-95,-54]],[[472703,823045],[-43,54],[193,0],[-150,-54]],[[472042,823187],[-43,51],[193,0],[-150,-51]],[[466257,823678],[-150,54],[193,0],[-43,-54]],[[455228,825108],[-1182,-281],[302,-37],[-95,-265],[1308,-298],[-153,-125],[-1211,-68],[-2411,440],[1914,688],[1528,-54]],[[476171,825586],[42,-54],[-412,0],[370,54]],[[476544,825850],[-43,-54],[-370,20],[413,34]],[[470114,827137],[976,55],[-1073,-248],[97,193]],[[471806,827649],[-301,-71],[151,125],[150,-54]],[[474011,841025],[3910,-423],[-98,-122],[3802,0],[1266,-424],[1859,-196],[-867,-441],[-1103,0],[-756,369],[95,126],[-1211,281],[-3854,-562],[-317,227],[137,108],[-1364,440],[-1983,139],[-769,-352],[-978,373],[648,474],[1583,-17]],[[478429,840618],[-151,55],[248,0],[-97,-55]],[[484779,842543],[1803,-88],[1417,-407],[-2409,-298],[-1158,352],[-2519,89],[703,616],[1708,71],[455,-335]],[[485865,844362],[1970,-196],[-965,-319],[153,-193],[-2038,0],[-648,302],[426,474],[1102,-68]],[[266498,774128],[-481,-335],[412,-139],[-428,-302],[-3289,441],[1198,335],[2588,0]],[[258305,774111],[138,-34],[-95,-20],[-43,54]],[[258290,774342],[-426,-126],[98,126],[328,0]],[[257576,774270],[-43,55],[193,0],[-150,-55]],[[273506,779088],[82,-71],[-301,105],[219,-34]],[[272335,780836],[98,-196],[-373,-17],[-372,407],[647,-194]],[[261211,780904],[95,-264],[-592,-17],[-701,335],[756,160],[442,-214]],[[259559,782954],[317,-54],[-317,-160],[0,214]],[[276523,781470],[1652,-71],[661,-424],[880,0],[331,-352],[1760,213],[1365,-338],[-413,-105],[138,-248],[-881,-633],[-647,-160],[-3072,688],[166,-671],[923,-17],[592,-369],[-1034,-335],[-2643,139],[-262,196],[634,353],[-523,176],[193,142],[-55,315],[-979,-51],[-1472,370],[1308,193],[-97,406],[304,37],[-1404,211],[108,247],[1142,230],[1325,-142]],[[284837,783022],[1198,-265],[-1473,-369],[-1417,512],[1031,335],[661,-213]],[[289300,786833],[1086,-650],[-193,-143],[111,-247],[2520,-230],[317,-475],[-717,-637],[-687,-176],[301,-247],[-576,-105],[-235,-335],[-1378,71],[-716,-353],[-991,210],[-645,-298],[412,-142],[-98,-122],[-1100,68],[-703,301],[-69,336],[-1046,-143],[-14,265],[-523,318],[304,71],[-262,193],[-2149,72],[-1692,-302],[412,-139],[-468,-71],[109,-247],[1845,-600],[111,-105],[-193,-142],[386,-353],[468,-37],[82,-315],[703,-302],[1486,-71],[1874,424],[812,-298],[-687,-495],[190,-142],[-164,-177],[-1087,-17],[-938,-352],[-1031,298],[206,691],[-4407,-142],[-922,159],[193,177],[-371,230],[-1982,-356],[-772,495],[-2644,-139],[-605,-285],[-592,302],[867,264],[-1047,-71],[-497,-352],[-661,71],[-1584,440],[-825,634],[413,142],[-220,176],[-1073,105],[550,461],[1129,319],[-648,474],[1433,-424],[3030,-281],[481,-159],[-302,-247],[701,-160],[5108,231],[-246,142],[206,403],[-2094,143],[-164,352],[-1197,88],[-56,176],[1184,566],[-1406,495],[1364,230],[-151,193],[371,88],[3566,-159],[-756,-407],[-1695,-298],[854,-284],[-262,-122],[550,71],[553,-285],[536,88],[-193,319],[262,159],[2369,213],[756,227],[-193,143],[153,122],[3360,142],[1375,495],[828,-214]],[[279841,785898],[95,20],[42,-54],[-137,34]],[[260053,783801],[-481,122],[687,-71],[-206,-51]],[[270519,784858],[0,142],[1031,-17],[-1031,-125]],[[271579,785759],[-1338,-335],[-259,227],[537,267],[1060,-159]],[[270189,786129],[150,-55],[-412,-139],[262,194]],[[287042,789659],[314,-197],[-1184,390],[870,-193]],[[285939,790929],[-95,51],[191,0],[-96,-51]],[[286270,791139],[-98,55],[196,0],[-98,-55]],[[276507,786606],[111,-108],[-360,0],[249,108]],[[276026,786552],[-95,54],[190,0],[-95,-54]],[[268756,796787],[-1914,122],[3278,353],[-1364,-475]],[[320857,794104],[647,-298],[-356,-319],[1237,-142],[-315,-230],[-2260,0],[-122,338],[-798,244],[468,72],[-85,247],[262,301],[1322,-213]],[[321354,794175],[-43,54],[193,0],[-150,-54]],[[316857,796435],[240,-125],[-467,-72],[227,197]],[[337504,801005],[-439,-142],[259,-122],[-3125,-54],[1034,407],[2794,122],[-523,-211]],[[340975,800829],[82,-71],[-413,0],[331,71]],[[341237,800809],[-43,54],[193,0],[-150,-54]],[[341675,800951],[-39,54],[193,0],[-154,-54]],[[341607,801110],[-302,-71],[151,126],[151,-55]],[[356824,802503],[39,-51],[-412,0],[373,51]],[[351026,804322],[-42,-54],[-373,17],[42,54],[373,-17]],[[354000,804499],[-1145,-441],[-811,159],[854,282],[-302,71],[40,193],[1364,-264]],[[350159,804549],[206,-122],[-1626,248],[1420,-126]],[[359137,805329],[-1433,-214],[-1198,407],[2726,71],[-95,-264]],[[347349,805329],[-550,-143],[-42,336],[372,159],[151,-125],[-301,-68],[370,-159]],[[355777,805610],[261,-122],[-1625,68],[1364,54]],[[366021,805891],[-42,54],[192,0],[-150,-54]],[[333414,855865],[-151,54],[249,0],[-98,-54]],[[333967,855936],[-43,54],[193,0],[-150,-54]],[[335783,856431],[98,-55],[-468,0],[370,55]],[[333414,856783],[592,-54],[-425,-156],[-167,210]],[[339584,855655],[-111,-143],[-317,88],[428,55]],[[367562,858338],[-42,51],[193,0],[-151,-51]],[[369489,859324],[553,213],[1155,-565],[1597,-72],[262,-335],[-593,-583],[-1871,-281],[-429,125],[746,282],[-2519,17],[-154,122],[249,142],[-537,159],[-1102,-210],[-648,369],[248,176],[-1073,177],[249,318],[-965,0],[4777,227],[-315,-122],[370,-159]],[[364876,859060],[360,-72],[-207,-159],[-153,231]],[[335632,856837],[206,17],[151,-125],[-357,108]],[[334889,856800],[-209,-17],[-39,54],[248,-37]],[[335740,858955],[-383,-390],[3236,-583],[-98,-122],[965,-247],[-359,-214],[359,-105],[-1626,-599],[579,-71],[-262,-193],[-1871,0],[-154,121],[1351,72],[-2133,372],[-1874,-71],[-537,298],[248,143],[-193,142],[193,176],[-304,71],[468,139],[-468,142],[1074,458],[-82,247],[1419,512],[537,-88],[-359,-68],[274,-142]],[[336499,858690],[-262,-54],[799,105],[-537,-51]],[[338371,858758],[-206,54],[248,0],[-42,-54]],[[338151,858972],[43,-55],[-468,0],[425,55]],[[338371,858972],[-40,54],[193,0],[-153,-54]],[[508611,837163],[42,-55],[-467,0],[425,55]],[[505748,837092],[-151,50],[1460,143],[-1309,-193]],[[507607,837214],[-413,-34],[40,50],[373,-16]],[[510924,837583],[-42,54],[196,0],[-154,-54]],[[516198,839544],[661,-176],[-468,-108],[304,-71],[-208,-122],[-992,-143],[-975,444],[867,332],[811,-156]],[[527981,839836],[114,-186],[-1253,-17],[-331,-285],[-317,159],[690,353],[-248,71],[150,125],[1475,-88],[-280,-132]],[[511199,839843],[-150,54],[248,0],[-98,-54]],[[514340,840618],[812,-264],[-2065,143],[425,335],[828,-214]],[[511461,839721],[-137,-71],[909,-353],[-2025,-867],[-1636,-122],[301,281],[-138,142],[138,105],[-301,72],[520,247],[-301,105],[1914,583],[756,-122]],[[502153,840707],[-976,-89],[-497,-491],[-370,17],[-166,281],[1142,478],[978,-88],[-111,-108]],[[493947,843004],[-799,-285],[193,-176],[-811,-159],[-3733,-193],[759,406],[1763,139],[936,356],[1692,-88]],[[504551,843813],[756,-17],[150,-335],[-1747,-17],[-151,-125],[246,-71],[-1031,-156],[-42,-268],[1197,-88],[497,356],[1764,0],[1705,-356],[1982,285],[-95,-126],[963,-210],[-2078,-654],[-2811,-213],[-1210,284],[-6112,0],[-992,-142],[-716,-423],[-1970,582],[249,143],[-138,176],[592,298],[2697,0],[814,159],[288,407],[1322,281],[1489,-491],[769,68],[153,335],[-415,142],[386,281],[1489,-105]],[[537802,844291],[648,-268],[-1420,-650],[-2313,71],[-1086,-301],[82,-319],[-688,-210],[799,-37],[232,-403],[978,-55],[-1678,-318],[-56,-176],[302,-71],[-907,-177],[137,-176],[-634,-176],[206,-122],[-1087,17],[743,386],[-1419,160],[-53,213],[-1819,-213],[317,125],[-1639,511],[-2189,-653],[-343,-407],[-1158,-210],[-812,159],[605,458],[1682,528],[-1420,197],[-481,403],[3014,515],[1433,-71],[-318,-336],[923,-159],[939,139],[314,373],[-193,176],[1129,34],[-412,176],[523,108],[56,386],[-413,143],[687,176],[-261,125],[1377,139],[1158,-352],[1100,71],[536,-230],[-95,-122],[2202,633],[772,-210]],[[516984,843231],[-111,-139],[-207,17],[318,122]],[[514187,843956],[264,-373],[1319,-139],[994,-566],[1362,370],[-138,142],[138,105],[-302,71],[524,142],[-471,-37],[42,407],[3250,-353],[660,210],[482,-155],[-191,-248],[302,-71],[-701,-440],[-1158,-72],[-1872,-565],[-1652,142],[-2094,-281],[-880,281],[-2094,0],[13,193],[524,105],[-301,109],[356,71],[-1184,528],[1679,139],[-191,352],[426,126],[1750,54],[-856,-247]],[[527778,843796],[-40,51],[190,0],[-150,-51]],[[614249,837020],[-43,51],[193,0],[-150,-51]],[[569085,841255],[317,-54],[-579,-71],[262,125]],[[567060,841415],[1570,-353],[-1528,-301],[-370,88],[412,71],[-111,105],[-1018,247],[207,336],[838,-193]],[[568535,841327],[95,-55],[-468,0],[373,55]],[[539124,840127],[-497,-142],[-95,122],[248,142],[-304,71],[1185,0],[-537,-193]],[[564445,844484],[330,-71],[-304,-139],[304,-284],[-304,-177],[540,-17],[-209,-264],[1020,-247],[-193,-247],[302,-72],[-688,-423],[413,-105],[-138,-319],[690,-423],[-2136,-441],[-1816,72],[-330,-285],[-759,302],[759,474],[1541,-68],[703,298],[-579,529],[1240,566],[-249,176],[138,105],[-1018,247],[95,125],[-1707,-142],[-1047,281],[97,126],[-412,105],[219,247],[3017,-193],[-262,122],[357,71],[-687,214],[1789,67],[-716,-210]],[[541147,843742],[-524,105],[690,0],[-166,-105]],[[569127,847415],[716,34],[-193,-458],[743,-213],[-412,-34],[82,-318],[-357,-34],[314,-197],[-991,-71],[-1377,424],[-2641,-986],[-429,17],[138,318],[-301,68],[356,71],[-304,37],[43,193],[-1542,-213],[-5012,71],[-1253,444],[923,332],[261,-88],[-97,-122],[1157,-71],[606,281],[3677,230],[-262,126],[1486,-214],[2094,71],[206,126],[-412,139],[1583,159],[1198,-122]],[[568643,841466],[42,-51],[-468,0],[426,51]],[[564625,845209],[536,-125],[-647,-230],[-1584,548],[1364,17],[331,-210]],[[565436,845436],[495,-210],[-632,139],[137,71]],[[566110,847185],[-39,54],[193,0],[-154,-54]],[[570187,847256],[-151,50],[246,0],[-95,-50]],[[564625,847608],[-592,-125],[206,125],[386,0]],[[570118,847659],[-359,-105],[153,125],[206,-20]],[[575033,849373],[-481,-335],[2450,-37],[220,-248],[-1074,-281],[1240,-457],[-359,-72],[359,-142],[-137,-71],[137,-176],[-579,-34],[-26,-247],[-468,-177],[301,-105],[-867,-230],[-206,193],[523,142],[-467,177],[356,105],[-523,37],[304,176],[-1184,176],[579,315],[-2245,88],[-1089,302],[360,105],[-746,247],[317,407],[1819,-71],[769,352],[717,-139]],[[521568,845331],[137,-176],[-412,-213],[798,-248],[-357,-67],[138,-177],[-262,-230],[-592,159],[468,210],[-373,126],[-2697,-143],[-814,441],[360,108],[-415,105],[468,210],[15,265],[2864,-139],[549,281],[429,-231],[-304,-281]],[[511807,845138],[1473,-125],[-1639,-370],[-124,265],[-688,176],[426,478],[262,-88],[-193,-248],[483,-88]],[[528164,845209],[-43,51],[193,0],[-150,-51]],[[521734,850661],[910,-143],[-265,-230],[-2477,-352],[-1047,142],[-370,298],[1748,407],[1501,-122]],[[486098,845650],[1969,-231],[98,-264],[-248,-142],[304,-71],[-484,-227],[-1761,139],[-758,372],[-109,281],[537,407],[592,-159],[-140,-105]],[[495874,846249],[1158,-176],[-1695,-301],[-261,159],[193,247],[-413,143],[1018,-72]],[[497431,846053],[-150,54],[245,0],[-95,-54]],[[507731,854242],[370,-193],[-468,0],[98,193]],[[526125,850854],[-39,54],[190,0],[-151,-54]],[[522435,851277],[-40,54],[193,0],[-153,-54]],[[531648,852250],[2958,-265],[1309,-477],[-2134,-654],[-3468,-353],[-1158,143],[-442,-214],[-1816,214],[-1158,704],[-2958,17],[1018,143],[-262,122],[2644,-139],[262,227],[-249,247],[703,159],[2189,-159],[-98,-122],[1269,142],[-867,-477],[1306,-160],[759,265],[-1570,494],[922,299],[841,-156]],[[519807,852355],[-1763,-143],[922,336],[841,-193]],[[524529,852761],[428,-54],[-2300,-722],[-1639,17],[2022,759],[1489,0]],[[522657,852690],[-153,54],[248,0],[-95,-54]],[[519461,852832],[-40,51],[193,0],[-153,-51]],[[522657,853961],[1528,-265],[-3566,-1290],[-812,159],[632,213],[-468,210],[373,197],[1417,298],[-262,125],[867,-54],[-1237,457],[1528,-50]],[[576685,848455],[-40,54],[191,0],[-151,-54]],[[569912,848597],[95,-54],[-357,-71],[262,125]],[[570734,848563],[101,-91],[-304,71],[203,20]],[[571620,848526],[-153,51],[248,0],[-95,-51]],[[569912,849017],[56,-210],[425,17],[-703,-159],[-812,478],[1034,-126]],[[576685,849089],[386,355],[481,-88],[-867,-267]],[[575625,849356],[-206,-125],[-151,17],[206,125],[151,-17]],[[564514,849373],[-43,51],[193,0],[-150,-51]],[[541644,849814],[-2893,-353],[1914,475],[979,-122]],[[565064,849868],[-1253,-302],[153,-264],[-1047,-142],[-1914,301],[798,282],[-206,125],[2477,352],[608,0],[-98,-125],[482,-227]],[[550180,850166],[-357,-71],[632,-105],[0,-247],[-1142,-231],[-373,88],[249,248],[-524,176],[249,247],[-304,71],[1419,159],[317,-230],[-166,-105]],[[545511,850149],[-150,51],[248,0],[-98,-51]],[[547772,850430],[206,-54],[-648,-298],[-1750,298],[1089,54],[-262,126],[429,88],[936,-214]],[[543806,850359],[-648,54],[1018,143],[-370,-197]],[[548707,850501],[-150,55],[246,0],[-96,-55]],[[548377,850573],[-151,54],[246,0],[-95,-54]],[[498037,842807],[-40,54],[190,0],[-150,-54]],[[507950,842878],[-39,55],[190,0],[-151,-55]],[[498809,842949],[-43,55],[193,0],[-150,-55]],[[505748,843160],[-151,54],[246,0],[-95,-54]],[[503985,843160],[-40,54],[190,0],[-150,-54]],[[486843,843495],[111,-105],[-470,0],[359,105]],[[505804,843444],[-43,51],[193,0],[-150,-51]],[[505362,843868],[-756,122],[259,159],[497,-281]],[[504701,844291],[-42,51],[193,0],[-151,-51]],[[504260,844430],[-40,54],[193,0],[-153,-54]],[[495242,844918],[-1171,-627],[-1747,298],[1692,407],[1226,-78]],[[495285,844715],[-43,50],[193,0],[-150,-50]],[[520357,843956],[82,-71],[-302,105],[220,-34]],[[512466,844007],[-40,54],[193,0],[-153,-54]],[[511366,844501],[-42,54],[193,0],[-151,-54]],[[526636,845436],[1073,-247],[-193,-247],[579,-282],[-690,-176],[-109,-318],[357,-105],[-95,-193],[-4008,17],[1240,352],[-137,176],[164,214],[634,386],[-468,247],[1309,373],[481,-92],[-137,-105]],[[485260,845914],[-428,193],[634,-142],[-206,-51]],[[463339,895041],[-151,54],[249,0],[-98,-54]],[[469728,895183],[-441,-142],[-317,88],[758,54]],[[468118,895376],[109,-105],[-357,68],[248,37]],[[470114,895535],[-153,51],[249,0],[-96,-51]],[[469604,896823],[-634,-71],[1969,122],[537,-193],[-701,-299],[-206,51],[301,142],[-962,-71],[-55,-176],[468,-105],[-207,-125],[-1818,566],[-2134,-160],[923,-122],[-98,-125],[690,-247],[-262,-193],[1970,-231],[-537,-264],[-883,213],[-370,-159],[108,-461],[1090,336],[-262,-193],[1404,-177],[-854,-142],[304,-247],[-579,-105],[193,-176],[-206,-88],[-2245,-55],[1790,214],[-812,122],[-1324,-353],[-1761,0],[373,126],[-1021,315],[468,0],[-261,196],[-936,-71],[-98,227],[857,142],[52,177],[-854,213],[360,247],[-193,177],[743,176],[111,105],[-304,71],[317,159],[1433,0],[-153,193],[1639,370],[1541,-68],[1047,281],[-95,-125],[304,-34],[-167,-105]],[[470059,895745],[-151,55],[246,0],[-95,-55]],[[470334,896030],[-167,-142],[-206,17],[373,125]],[[423795,876193],[-42,54],[193,0],[-151,-54]],[[419058,877325],[1158,139],[-593,-265],[1790,-315],[-98,-125],[1708,71],[-756,-193],[1293,-461],[-317,-122],[1144,-125],[-1528,-370],[-5454,-71],[-261,193],[523,143],[-1018,318],[249,176],[-471,139],[415,71],[-523,319],[412,213],[-357,105],[593,299],[1760,142],[151,-122],[-357,-71],[537,-88]],[[423629,876616],[-164,-138],[-318,88],[482,50]],[[428585,927227],[2480,-566],[5618,-562],[5218,-1044],[-12049,1464],[372,125],[-2670,529],[1031,54]],[[468076,896169],[-153,54],[248,0],[-95,-54]],[[468240,896945],[-151,54],[249,0],[-98,-54]],[[470389,897016],[96,-54],[-524,0],[428,54]],[[486140,930263],[-151,51],[249,0],[-98,-51]],[[340919,859060],[82,-72],[-304,109],[222,-37]],[[371364,859043],[-43,54],[193,0],[-150,-54]],[[341964,859324],[415,54],[-688,-176],[273,122]],[[341276,859697],[772,-285],[-1308,-17],[-275,-281],[-992,0],[-497,-285],[-150,54],[359,214],[-468,105],[151,193],[-2850,-54],[1639,406],[3083,143],[536,-193]],[[350434,860666],[-151,54],[246,0],[-95,-54]],[[349223,860876],[40,-51],[-468,0],[428,51]],[[356327,865395],[1803,-159],[-96,-125],[1322,142],[-592,-264],[2726,-918],[-468,-105],[42,-265],[-991,71],[-537,336],[357,176],[-193,176],[468,0],[-1309,159],[-661,424],[-1430,-71],[-153,88],[137,105],[-592,88],[-40,-193],[468,-142],[-536,-89],[-1198,265],[40,-193],[1639,-370],[-743,-284],[317,-193],[1761,142],[373,-373],[-357,-386],[330,-213],[1528,-17],[537,-336],[-2451,-1304],[576,68],[-314,-194],[-3527,-985],[-2643,-143],[206,193],[-537,88],[153,-193],[-206,-17],[-261,160],[245,139],[-150,125],[-1983,281],[-497,-142],[-219,284],[-1528,336],[412,-285],[-301,-68],[412,-284],[-151,-54],[-428,88],[-137,532],[-413,105],[193,176],[-468,105],[357,71],[-301,213],[357,353],[-193,142],[111,386],[357,34],[-193,180],[579,315],[-305,108],[579,34],[304,461],[1198,650],[1362,160],[-207,193],[6060,213]],[[358991,863488],[77,-51],[-471,0],[394,51]],[[358827,863569],[-230,44],[207,17],[23,-61]],[[359480,863684],[-497,-37],[98,193],[537,-88],[-138,-68]],[[358584,863911],[-39,55],[190,0],[-151,-55]],[[357593,864267],[-151,51],[193,0],[-42,-51]],[[356987,864406],[-111,-139],[-314,88],[425,51]],[[358296,864531],[-151,-125],[-208,17],[359,108]],[[357373,864691],[-153,50],[249,0],[-96,-50]],[[411843,944662],[-537,122],[1018,-71],[-481,-51]],[[483719,931181],[39,-54],[-579,0],[540,54]],[[483277,931601],[95,-51],[-468,-71],[373,122]],[[470265,937798],[220,-176],[-1846,67],[415,72],[-153,193],[1364,-156]],[[470223,937886],[-151,51],[249,0],[-98,-51]],[[443678,937534],[3413,-72],[-95,-125],[687,-71],[-632,-139],[907,-352],[-1417,-444],[-3965,-424],[-2258,285],[-1253,864],[2025,478],[2588,0]],[[433941,937761],[249,-139],[-3622,-88],[-1636,-302],[-56,-176],[249,-105],[-193,-109],[962,-667],[-193,-71],[98,-126],[-3746,143],[-5713,864],[2353,193],[-262,-193],[1695,-17],[3690,776],[4790,352],[772,0],[563,-335]],[[452309,939312],[-261,-17],[-40,55],[262,17],[39,-55]],[[450120,940850],[-150,51],[248,0],[-98,-51]],[[467746,938381],[206,-126],[-579,0],[373,126]],[[473184,939136],[-524,-244],[1515,-179],[-412,-315],[579,-353],[-923,-511],[95,122],[-1969,88],[97,122],[-1459,318],[317,197],[-3346,369],[2244,545],[2094,-139],[1155,282],[-95,-126],[632,-176]],[[473638,939156],[-261,51],[304,0],[-43,-51]],[[475180,939367],[-701,-122],[206,122],[495,0]],[[455244,939932],[40,-54],[-907,0],[867,54]],[[472536,940071],[42,-51],[-579,0],[537,51]],[[453150,940850],[-151,51],[249,0],[-98,-51]],[[465818,941203],[-483,122],[965,-71],[-482,-51]],[[177386,757049],[-98,51],[193,0],[-95,-51]],[[169302,757842],[42,54],[95,-20],[-137,-34]],[[189721,758177],[-95,54],[193,0],[-98,-54]],[[159885,790242],[962,105],[-1472,-620],[-1639,691],[2025,159],[124,-335]],[[216393,775771],[193,-142],[-1240,-318],[413,-139],[-413,-214],[151,-193],[-481,88],[248,247],[-745,529],[42,193],[991,142],[841,-193]],[[254298,775670],[-1171,206],[703,298],[468,-504]],[[229101,777801],[262,-126],[-579,0],[317,126]],[[249301,780183],[949,-265],[317,122],[-412,143],[1843,138],[277,-281],[-84,-247],[304,-34],[-138,-176],[413,-105],[55,-180],[-357,-247],[275,-457],[1253,-231],[-261,-88],[55,-176],[468,-71],[-867,-512],[-828,-68],[-372,227],[248,248],[-301,71],[468,566],[-815,227],[-1361,-156],[-386,-285],[138,-105],[-524,-37],[468,-315],[-648,-231],[-1210,353],[-881,-210],[-428,227],[137,318],[-2022,583],[-1930,-281],[-164,-285],[-2480,-71],[-700,159],[-457,407],[-1415,88],[426,193],[2313,-139],[206,159],[-150,193],[1707,214],[1928,-142],[2038,423],[53,352],[1819,424],[758,-17],[109,-108],[-357,-282],[523,-33]],[[242208,779566],[-95,51],[138,0],[-43,-51]],[[247276,780410],[-95,54],[193,0],[-98,-54]],[[243422,780623],[-1750,125],[2286,0],[-536,-125]],[[258829,783076],[-56,-529],[-579,-142],[635,-247],[-138,-319],[249,-139],[-579,-423],[701,-20],[869,-546],[-647,-301],[-3527,-139],[-1142,369],[923,406],[1364,-54],[108,248],[-301,71],[246,213],[-632,281],[412,319],[-82,247],[249,34],[82,529],[1845,142]],[[251337,781734],[1599,424],[-579,-143],[138,-243],[-429,-160],[-660,-71],[-69,193]],[[252540,783022],[-749,-68],[-592,264],[2618,210],[-426,-335],[-851,-71]],[[250760,783323],[302,-71],[-1845,-142],[1144,406],[399,-193]],[[87336,773776],[-96,54],[191,0],[-95,-54]],[[85850,774342],[-154,54],[193,0],[-39,-54]],[[83151,774623],[-14,-122],[-195,0],[209,122]],[[84512,775063],[-246,-68],[95,122],[151,-54]],[[148306,795517],[151,-126],[-524,72],[373,54]],[[149406,795517],[-95,54],[193,0],[-98,-54]],[[147529,795727],[-325,0],[-151,125],[476,-125]],[[146818,795940],[42,-54],[-415,0],[373,54]],[[149406,796079],[-95,54],[193,0],[-98,-54]],[[146321,796079],[166,214],[206,-160],[-372,-54]],[[146321,796364],[-151,54],[193,0],[-42,-54]],[[145937,796435],[-98,51],[193,0],[-95,-51]],[[150852,796699],[412,-37],[-743,-68],[331,105]],[[147920,796645],[-98,54],[193,0],[-95,-54]],[[145882,796787],[150,-125],[-412,0],[262,125]],[[145993,797282],[259,-54],[-370,-298],[-648,298],[412,210],[-95,125],[373,-17],[-140,-176],[209,-88]],[[160972,790364],[-318,193],[468,-139],[-150,-54]],[[161027,790787],[206,-122],[-248,-71],[42,193]],[[157490,790770],[-153,-125],[-151,20],[304,105]],[[157873,790733],[-193,37],[154,17],[39,-54]],[[157612,790929],[42,-54],[-413,0],[371,54]],[[156898,790858],[-98,51],[193,0],[-95,-51]],[[157503,791211],[-98,54],[360,-109],[-262,55]],[[161138,791211],[-98,54],[360,-109],[-262,55]],[[159830,791651],[193,-210],[-275,-566],[-910,-34],[743,-71],[-95,-125],[-1695,372],[138,139],[-138,248],[1253,867],[868,51],[0,-386],[-302,-109],[220,-176]],[[161413,791986],[-98,55],[193,0],[-95,-55]],[[160863,792271],[40,-54],[-412,0],[372,54]],[[157281,792833],[-95,55],[193,0],[-98,-55]],[[160972,793047],[-96,51],[193,0],[-97,-51]],[[160353,793203],[-193,37],[-69,-264],[-536,88],[317,264],[700,-88],[-219,-37]],[[159333,793203],[137,37],[-40,-54],[-97,17]],[[160572,793592],[-150,-122],[-151,17],[151,122],[150,-17]],[[161207,793697],[40,55],[97,-17],[-137,-38]],[[160641,794175],[-425,-159],[301,-105],[-370,-302],[-1269,-67],[-426,227],[1240,142],[-965,71],[262,264],[441,-142],[936,285],[373,-88],[-98,-126]],[[160242,795320],[-648,-88],[-150,126],[248,71],[-248,142],[481,88],[428,-230],[-111,-109]],[[159705,795869],[43,-54],[-360,0],[317,54]],[[159610,796042],[151,37],[151,-122],[-302,85]],[[159100,796011],[-153,51],[195,0],[-42,-51]],[[159816,796222],[-814,54],[428,88],[386,-142]],[[160242,796418],[167,-213],[-154,-126],[-645,302],[357,142],[-95,122],[370,-227]],[[160091,796716],[-98,54],[193,0],[-95,-54]],[[159872,796858],[-648,-54],[206,193],[442,-139]],[[153813,797069],[-98,54],[193,0],[-95,-54]],[[153868,797282],[-98,51],[193,0],[-95,-51]],[[163835,797492],[-95,54],[193,0],[-98,-54]],[[155079,802151],[1211,-210],[166,210],[1156,0],[660,-353],[992,71],[206,-125],[-576,-281],[1142,-369],[1155,-72],[209,160],[-138,247],[757,17],[372,-302],[-29,-247],[524,-244],[-593,17],[98,-125],[-359,-139],[909,105],[1322,-705],[219,-213],[-193,-177],[360,-37],[248,-386],[743,-281],[-468,-176],[-510,-620],[-922,301],[-180,336],[-1378,138],[318,197],[-593,88],[-206,-88],[193,-176],[-687,-38],[301,-71],[-95,-122],[-1819,-71],[98,-122],[-373,-91],[-1432,213],[-537,-230],[-109,-315],[799,-390],[-304,-71],[304,-71],[-249,-105],[743,-424],[-1898,-352],[867,-230],[1362,88],[-96,-231],[-2080,-650],[248,-529],[-412,-213],[743,-71],[-798,-139],[634,-176],[219,-143],[-193,-247],[468,-105],[-55,-247],[-743,-248],[690,-176],[-648,-88],[-536,156],[-180,339],[-978,155],[468,109],[-799,176],[249,247],[-360,72],[690,386],[-304,105],[413,352],[-357,37],[137,177],[-687,247],[248,105],[-690,461],[-111,315],[249,213],[-304,495],[195,139],[-386,423],[-592,21],[-386,-285],[-1211,213],[-261,-406],[743,-281],[-648,-160],[-1211,0],[-716,353],[-151,-126],[301,-247],[-137,-386],[1184,-71],[-1308,-88],[-606,423],[-978,159],[-523,742],[-632,105],[370,336],[1269,0],[589,298],[-137,71],[137,176],[-922,373],[-2297,-54],[687,633],[-468,180],[2355,1430],[495,-566],[936,0],[1200,-512],[-1185,-281],[315,-196],[661,-72],[661,356],[2974,-356],[661,143],[-262,125],[854,315],[-137,105],[468,214],[-468,142],[634,210],[-965,600],[-82,318],[-1129,353],[537,230],[661,-142]],[[158603,797634],[-206,122],[523,-67],[-317,-55]],[[159319,797916],[318,-194],[-1018,248],[700,-54]],[[158220,798268],[-43,54],[193,0],[-150,-54]],[[164937,799328],[-40,51],[191,0],[-151,-51]],[[164662,799467],[-42,54],[193,0],[-151,-54]],[[164829,799610],[-43,54],[193,0],[-150,-54]],[[163726,800528],[-42,54],[193,0],[-151,-54]],[[162679,801094],[-42,50],[193,0],[-151,-50]],[[161191,801798],[-95,54],[193,0],[-98,-54]],[[159319,802079],[1142,-193],[-370,-230],[-1803,620],[923,88],[-209,-264],[317,-21]],[[160311,802012],[-40,51],[190,0],[-150,-51]],[[160752,802151],[-373,193],[524,-68],[-151,-125]],[[156898,802293],[-43,51],[193,0],[-150,-51]],[[157942,802859],[-13,-197],[-524,-34],[249,-176],[-413,34],[96,-122],[-1087,159],[976,475],[925,-88],[-209,-51]],[[155298,803421],[154,-264],[-703,-17],[-56,-214],[-370,21],[137,176],[-248,105],[687,210],[-206,197],[867,-160],[-262,-54]],[[158272,803916],[-425,-54],[1184,-282],[-1197,-511],[-759,159],[-56,176],[304,71],[-634,177],[1531,-160],[-262,88],[246,72],[-151,121],[-703,55],[1459,142],[-537,-54]],[[159100,803773],[-42,55],[193,0],[-151,-55]],[[157873,817204],[1171,122],[936,-353],[386,214],[4682,-143],[-98,-193],[854,34],[-26,-247],[412,-210],[-6210,193],[206,125],[-4597,387],[978,264],[1306,-193]],[[159980,817116],[-95,50],[193,0],[-98,-50]],[[158109,817255],[-98,54],[193,0],[-95,-54]],[[170996,819233],[318,-193],[-870,-20],[-920,406],[920,88],[552,-281]],[[168242,819585],[592,-335],[-1198,122],[-2149,-420],[-206,193],[304,71],[-579,34],[2794,617],[154,-51],[-360,-142],[648,-89]],[[174081,820785],[7601,-986],[3138,139],[4296,-353],[812,-687],[-701,-512],[-3857,424],[-4571,-353],[206,265],[-412,0],[798,247],[-82,457],[1074,353],[-5164,-688],[-2754,71],[-2697,705],[-592,654],[867,335],[2038,-71]],[[167086,820080],[318,-193],[-1970,-444],[-428,159],[579,285],[-193,210],[151,125],[1543,-142]],[[164937,872947],[3855,-142],[1324,-634],[1473,-301],[-468,-529],[481,55],[1364,-688],[-648,-159],[-1266,494],[-5179,139],[-3030,352],[-95,197],[304,210],[-2231,884],[592,265],[3524,-143]],[[153332,797299],[81,-71],[-412,0],[331,71]],[[145453,798004],[-163,247],[467,-142],[-304,-105]],[[145607,798268],[-43,54],[193,0],[-150,-54]],[[145496,798553],[-151,121],[468,-176],[-317,55]],[[145826,799400],[-42,50],[193,0],[-151,-50]],[[153633,800016],[-40,-54],[-373,20],[413,34]],[[150728,800385],[-43,55],[196,0],[-153,-55]],[[149419,801039],[137,-71],[-700,54],[-373,336],[1515,566],[-138,-143],[138,-247],[-249,-37],[193,-176],[-523,-282]],[[153482,802716],[-42,55],[193,0],[-151,-55]],[[149612,815476],[1213,68],[-922,-336],[-939,142],[-259,265],[907,-139]],[[148732,818403],[2437,-298],[1377,139],[-1033,-193],[2244,-88],[2575,-549],[-2794,-159],[-2755,850],[-2863,281],[481,122],[-579,71],[910,-176]],[[151002,819799],[4450,-549],[-1021,-247],[98,-122],[-2369,0],[-1818,352],[539,193],[-854,176],[370,336],[605,-139]],[[84086,775046],[-150,54],[190,0],[-40,-54]],[[84911,775189],[-39,54],[193,0],[-154,-54]],[[85533,775243],[137,-38],[-98,-16],[-39,54]],[[33305,935131],[-259,55],[301,0],[-42,-55]],[[15846,941132],[42,-55],[-579,0],[537,55]],[[25926,941979],[-261,54],[304,0],[-43,-54]],[[5010,945174],[1969,-231],[262,-122],[-743,-142],[1364,-17],[-153,-196],[867,-89],[6226,0],[1266,-210],[645,-440],[-314,-125],[5287,-424],[1377,-495],[2366,-352],[-481,-159],[635,0],[-524,-139],[370,-264],[1034,155],[-357,143],[206,54],[1652,-495],[4902,-494],[69,-265],[811,-301],[648,125],[-1185,210],[2795,-122],[1858,-440],[167,-319],[-357,-37],[190,-105],[-1073,-352],[1184,-214],[-5163,-88],[-1210,356],[-13605,-142],[-647,440],[468,176],[-524,38],[-108,176],[190,142],[-301,176],[26,315],[-1293,319],[318,122],[-1201,-88],[98,-122],[-4737,210],[-2313,708],[-2369,352],[-4833,1925],[537,264],[330,-352],[1047,-72],[-592,231],[579,247],[-1073,68],[1528,444],[1885,17]],[[1967,944306],[-262,54],[304,0],[-42,-54]],[[1858,944520],[-153,54],[249,0],[-96,-54]],[[812,944662],[-111,-142],[-262,17],[373,125]],[[2353,945157],[-592,-126],[97,126],[495,0]],[[2464,945577],[-1750,-580],[690,-142],[-98,-122],[-1306,156],[701,549],[647,17],[-428,122],[1861,54],[-317,-54]],[[3180,945224],[-261,55],[301,0],[-40,-55]],[[2683,945367],[-150,54],[248,0],[-98,-54]],[[3675,945367],[-275,-71],[-373,264],[648,-193]],[[3675,945577],[-262,54],[304,0],[-42,-54]],[[3344,945790],[-262,54],[305,0],[-43,-54]],[[81773,980941],[-428,-54],[1129,108],[-701,-54]],[[84198,981155],[-262,51],[301,0],[-39,-51]],[[87391,981294],[40,-51],[-632,0],[592,51]],[[89966,981311],[-317,-17],[-43,54],[318,17],[42,-54]],[[84843,981348],[552,-105],[-1459,176],[907,-71]],[[91121,981382],[-357,37],[318,17],[39,-54]],[[91520,981436],[-261,51],[304,0],[-43,-51]],[[89194,981453],[-357,34],[317,20],[40,-54]],[[82048,981575],[98,-51],[-471,-71],[373,122]],[[85850,981717],[-262,54],[301,0],[-39,-54]],[[76650,981717],[-262,54],[304,0],[-42,-54]],[[97416,981859],[-262,55],[301,0],[-39,-55]],[[96794,981876],[-317,-17],[-39,55],[356,-38]],[[73015,982778],[-262,50],[304,0],[-42,-50]],[[72906,982916],[-261,55],[301,0],[-40,-55]],[[107700,983147],[-357,34],[314,20],[43,-54]],[[107990,983411],[95,-51],[-467,-71],[372,122]],[[109257,983763],[-593,126],[910,-71],[-317,-55]],[[106999,983906],[-262,54],[302,0],[-40,-54]],[[105455,983059],[-262,54],[304,0],[-42,-54]],[[92528,987101],[4777,-654],[4957,0],[2368,-210],[220,-214],[3072,55],[-4931,704],[2245,-125],[605,213],[1322,-281],[-151,122],[812,88],[-98,-122],[484,-159],[1266,71],[-537,-196],[854,-282],[-2617,-247],[746,-142],[-318,-264],[867,-51],[-798,-390],[412,-139],[-111,-108],[-1459,-387],[579,-247],[-1240,-105],[1240,-427],[-579,-139],[151,-125],[-4790,-352],[206,-265],[-2739,-369],[151,-125],[-207,-88],[-4240,-282],[-15201,143],[-1269,-214],[-769,281],[-3085,72],[-1142,372],[193,529],[-1198,17],[-373,230],[579,353],[-193,105],[468,33],[-634,251],[801,34],[-579,105],[468,37],[-193,105],[687,387],[-193,108],[1076,176],[108,105],[-193,71],[540,299],[1652,142],[1319,566],[1544,71],[494,281],[3472,0],[5673,847],[3029,0],[400,-264]],[[70358,985193],[-317,-17],[-40,55],[357,-38]],[[103417,986376],[153,-51],[-1076,176],[923,-125]],[[107604,984048],[-261,51],[301,0],[-40,-51]],[[108926,985742],[40,-54],[-632,0],[592,54]],[[105841,986237],[-867,122],[426,88],[441,-210]],[[109918,986376],[-262,54],[301,0],[-39,-54]],[[115149,986799],[-922,-193],[1292,-176],[-467,-71],[467,-319],[-2794,126],[923,193],[-1129,105],[2065,352],[-151,125],[978,-16],[-262,-126]],[[112339,986799],[42,-51],[-687,0],[645,51]],[[110647,986748],[-222,105],[524,-71],[-302,-34]],[[110124,987030],[-1846,-72],[799,72],[-151,122],[1198,-122]],[[101656,986799],[-262,54],[302,0],[-40,-54]],[[103308,986941],[-261,55],[301,0],[-40,-55]],[[105386,987101],[-317,-17],[-40,51],[318,17],[39,-51]],[[79349,987152],[-262,54],[304,0],[-42,-54]],[[106901,987172],[524,-285],[-759,-88],[-259,126],[412,71],[-798,281],[880,-105]],[[106227,987013],[-262,50],[304,0],[-42,-50]],[[113330,987152],[43,-51],[-690,0],[647,51]],[[111501,987416],[-137,-105],[962,-210],[-756,-17],[-386,-285],[-812,197],[907,139],[-1293,176],[468,71],[-150,125],[1197,-91]],[[100940,987152],[-262,54],[301,0],[-39,-54]],[[104189,987152],[111,142],[481,-88],[-592,-54]],[[104974,987240],[-220,108],[524,-71],[-304,-37]],[[103417,987436],[-756,-125],[150,125],[606,0]],[[102137,987595],[-798,-71],[1184,-71],[-3828,-213],[2395,355],[-536,122],[1583,-122]],[[83920,987575],[-262,54],[304,0],[-42,-54]],[[96477,987507],[-481,193],[1129,72],[-648,-265]],[[86000,987734],[-317,-17],[-42,55],[317,16],[42,-54]],[[114198,987172],[-259,-20],[-43,54],[302,-34]],[[113275,987294],[42,-54],[-687,0],[645,54]],[[108043,988141],[2356,-407],[-2176,-34],[1626,-213],[-1145,-264],[-481,88],[95,125],[-2918,0],[1530,336],[-1462,105],[468,71],[-150,193],[-992,-281],[98,122],[-1020,213],[4171,-54]],[[87830,987717],[-645,122],[909,-67],[-264,-55]],[[97622,987805],[-304,34],[262,21],[42,-55]],[[94880,987788],[-261,122],[909,-71],[-648,-51]],[[93931,987910],[-42,-50],[-317,17],[42,50],[317,-17]],[[102811,987999],[442,-211],[772,139],[-98,-122],[193,-71],[-5480,248],[1295,-210],[-1089,-126],[-2078,478],[5988,88],[-370,-125],[425,-88]],[[96520,987982],[-43,-55],[-317,21],[360,34]],[[92940,988124],[-42,-54],[-317,17],[42,54],[317,-17]],[[612263,812105],[-95,51],[193,0],[-98,-51]],[[611988,812172],[-95,55],[193,0],[-98,-55]],[[620580,814080],[-95,54],[193,0],[-98,-54]],[[621241,814222],[42,-54],[-412,0],[370,54]],[[621572,814222],[-96,51],[193,0],[-97,-51]],[[623168,814717],[-1250,-268],[592,620],[426,-20],[-357,-105],[589,-227]],[[620099,814981],[812,227],[261,-264],[-811,-227],[-262,264]],[[620966,815279],[-95,55],[193,0],[-98,-55]],[[547991,818667],[-95,55],[193,0],[-98,-55]],[[538738,820575],[-95,51],[190,0],[-95,-51]],[[554711,820714],[-98,54],[193,0],[-95,-54]],[[559887,820856],[-206,54],[249,0],[-43,-54]],[[619258,815845],[-95,51],[193,0],[-98,-51]],[[623224,816621],[153,-54],[-304,-139],[1253,-88],[206,-265],[-2300,-653],[-660,142],[-164,-214],[-1420,407],[1364,-125],[703,264],[-2450,-34],[1692,54],[372,122],[-690,281],[1253,373],[992,-71]],[[622674,816834],[42,-54],[-415,0],[373,54]],[[622441,824966],[220,37],[-579,-105],[359,68]],[[624051,816692],[537,264],[-167,-318],[-370,54]],[[623776,817539],[40,-54],[-412,0],[372,54]],[[623047,817593],[-304,-108],[150,125],[154,-17]],[[623610,817820],[592,-50],[-743,-143],[151,193]],[[628842,818457],[-96,51],[193,0],[-97,-51]],[[630771,818810],[-97,54],[193,0],[-96,-54]],[[628236,820504],[1142,50],[-468,-138],[-53,-248],[302,-71],[-302,-105],[138,-142],[-138,-105],[302,-143],[-468,-138],[909,-38],[-193,-247],[302,-352],[-590,-231],[-772,356],[-811,-373],[245,-71],[16,-403],[920,193],[-920,-759],[-772,-71],[-1089,654],[-219,247],[523,139],[-579,319],[249,247],[-703,-193],[-207,193],[468,210],[-1018,318],[1254,902],[2532,0]],[[631707,819443],[-98,54],[193,0],[-95,-54]],[[631046,819514],[-206,55],[246,0],[-40,-55]],[[631816,819657],[-207,54],[249,0],[-42,-54]],[[630867,819745],[386,105],[-690,-248],[304,143]],[[632368,819728],[-98,51],[193,0],[-95,-51]],[[630880,819938],[-109,-139],[-208,17],[317,122]],[[631004,820097],[-124,-88],[-95,122],[219,-34]],[[630880,820290],[-95,54],[193,0],[-98,-54]],[[631377,821069],[95,-125],[-1240,176],[1145,-51]],[[528439,819514],[-96,55],[193,0],[-97,-55]],[[529361,819992],[111,-105],[-415,0],[304,105]],[[525684,825372],[-95,54],[193,0],[-98,-54]],[[521044,826450],[-193,34],[154,20],[39,-54]],[[494169,825179],[-206,-17],[-43,54],[207,17],[42,-54]],[[500075,825867],[151,-51],[-910,0],[98,193],[661,-142]],[[506851,826856],[-98,51],[193,0],[-95,-51]],[[504315,828408],[814,-227],[-192,-213],[150,-126],[1034,-122],[-1970,-369],[262,-88],[-248,-180],[2395,-281],[-3511,-440],[-2739,511],[701,407],[1308,159],[-82,315],[1404,461],[-304,71],[360,71],[-98,193],[716,-142]],[[491427,827842],[43,-51],[-415,0],[372,51]],[[490603,827842],[-98,54],[193,0],[-95,-54]],[[495544,828957],[111,-109],[-413,0],[302,109]],[[495229,828974],[-206,51],[246,0],[-40,-51]],[[517700,826785],[-923,193],[1031,88],[262,-227],[-370,-54]],[[512696,828032],[695,-31],[-857,-67],[162,98]],[[523537,831657],[592,-159],[-523,-285],[468,-247],[-743,-105],[249,-247],[-360,-72],[248,-210],[-578,-71],[1969,-17],[373,160],[-304,105],[1417,582],[4008,-88],[-82,-176],[412,-142],[-412,-176],[82,-319],[-524,-105],[193,-390],[-248,-138],[248,-72],[-468,-105],[-111,-284],[539,-193],[1431,352],[605,423],[759,17],[-360,143],[360,105],[-468,213],[1184,319],[-579,281],[138,71],[-138,176],[756,370],[2150,0],[1541,352],[1364,-369],[-193,-248],[301,-34],[-137,-108],[248,-210],[-481,-230],[-1047,71],[-536,-370],[-220,-247],[468,-423],[-468,-319],[357,-176],[-357,-71],[426,-298],[1322,0],[1033,-478],[-922,-159],[-442,352],[-1596,352],[-4008,-88],[2300,-759],[2202,71],[-151,-474],[331,-284],[867,54],[867,-302],[-1018,-494],[632,-139],[-190,-214],[95,-193],[-1433,281],[-645,-156],[687,-426],[-412,-244],[1639,-21],[-16,-193],[-2408,-440],[370,264],[-439,566],[-304,34],[359,105],[-1639,230],[-550,424],[-1488,-72],[-716,353],[-1047,0],[-1211,-491],[-772,0],[-206,193],[304,71],[-262,227],[-441,-281],[-1761,281],[-772,-281],[-4571,-143],[645,407],[-1803,-193],[-373,88],[-68,264],[-920,159],[1073,424],[69,335],[-3580,210],[95,-193],[-756,-88],[-483,159],[248,177],[-301,281],[743,142],[-648,302],[-756,-92],[481,-332],[-1102,210],[-2092,-142],[812,264],[-1034,159],[-1210,-210],[-1090,512],[1129,352],[-301,319],[357,210],[-579,108],[140,248],[-304,33],[137,105],[-193,353],[429,88],[716,-281],[4129,213],[151,-125],[-1515,-634],[2781,-179],[-851,-210],[82,-319],[-634,-176],[481,-122],[2466,512],[606,423],[-579,319],[523,105],[-137,176],[206,230],[1708,0],[772,634],[605,-71],[275,284],[1211,0],[552,281],[262,-88],[-248,-176],[536,-17]],[[531867,832802],[138,-352],[-317,-159],[-1761,-282],[-1364,441],[1033,545],[1706,72],[565,-265]],[[561870,824458],[481,-336],[-1472,-373],[-511,-474],[-2450,-813],[248,-247],[-304,-143],[304,-281],[-261,-230],[-1928,-281],[-3690,0],[-3635,-776],[-1927,0],[-1309,511],[412,210],[-95,197],[2533,423],[2369,847],[2257,282],[1103,565],[3249,210],[1377,566],[1102,-142],[2147,285]],[[561846,824668],[286,-122],[-524,67],[238,55]],[[542275,827226],[415,-529],[-111,-529],[-2175,-284],[248,142],[-304,105],[471,742],[-140,176],[634,177],[-798,284],[108,176],[1256,227],[314,-227],[-301,-176],[383,-284]],[[537416,827280],[-97,54],[195,0],[-98,-54]],[[581256,826219],[262,-122],[-524,71],[262,51]],[[621783,826219],[-143,55],[635,0],[-492,-55]],[[617099,828886],[991,-105],[-524,-109],[151,-264],[-1433,352],[-1197,-193],[1308,407],[704,-88]],[[608353,829045],[-164,-142],[-428,17],[592,125]],[[540832,830597],[3854,-566],[151,-122],[-1293,-281],[1240,-285],[-1253,-722],[-1488,-142],[-373,-193],[415,-142],[-923,-160],[-206,197],[413,176],[-56,244],[-1570,532],[193,457],[-579,461],[137,105],[-301,34],[193,247],[-304,282],[1472,91],[-95,-125],[373,-88]],[[554283,832203],[-825,-319],[1309,-159],[1197,-617],[-690,-176],[262,-122],[-1695,-230],[759,-336],[-1763,71],[-661,-213],[-537,159],[413,248],[-521,33],[246,143],[-357,142],[137,105],[-756,-54],[-1377,-776],[-703,-88],[82,-319],[-439,-210],[-1957,-670],[29,-248],[-304,-105],[304,-71],[-193,-210],[138,-180],[-579,-281],[2078,336],[1200,582],[-248,72],[248,138],[-140,177],[523,108],[-301,105],[2850,793],[494,-491],[1214,-72],[53,-213],[1144,-230],[-330,-315],[-1584,50],[-4462,-704],[153,-265],[-772,-494],[-1472,-370],[-318,156],[40,339],[-661,-285],[-1142,231],[360,281],[-360,176],[854,176],[-248,461],[1020,458],[-137,176],[631,389],[-301,105],[1568,390],[-1293,176],[1348,386],[-26,248],[962,528],[-82,319],[2025,159],[481,230],[-82,319],[206,88],[482,-88],[-262,-197],[428,55],[-304,-143],[154,-122],[2035,495],[592,-159],[-137,-71]],[[550910,829750],[-96,54],[193,0],[-97,-54]],[[543695,832856],[2369,-71],[425,-335],[-468,-176],[304,-105],[-758,-21],[-233,-335],[-468,-105],[-82,-390],[-1033,-88],[-98,126],[690,352],[-1034,301],[-1430,-142],[-1819,495],[-3468,0],[-759,230],[703,264],[1927,0],[164,211],[1158,-72],[1047,-491],[1541,563],[1322,-211]],[[549741,833050],[1705,-458],[-1417,-372],[-811,301],[206,193],[-1198,231],[756,264],[759,-159]],[[549189,834320],[-138,-105],[635,-352],[-1090,-21],[151,265],[-962,427],[1197,155],[207,-193],[-305,-142],[305,-34]],[[541987,836173],[703,51],[-965,-176],[262,125]],[[532348,840480],[-39,-197],[962,-210],[-1969,-583],[-1198,298],[1240,143],[-579,318],[1034,369],[549,-138]],[[623377,824085],[1169,-478],[1269,-139],[922,-440],[-304,-180],[468,-68],[-922,-230],[-3030,142],[-1309,370],[360,105],[-249,37],[-219,423],[137,105],[-304,34],[1240,356],[-95,193],[867,-230]],[[626806,824173],[-98,54],[193,0],[-95,-54]],[[624932,824949],[372,-88],[-193,-248],[357,-105],[-137,-105],[854,-389],[111,-387],[-2686,475],[-13,196],[-854,176],[412,248],[-576,105],[756,264],[1597,-142]],[[626378,824474],[359,-142],[-317,-88],[-537,335],[632,0],[-137,-105]],[[700619,831251],[-121,-89],[-98,122],[219,-33]],[[701764,831586],[386,71],[95,-125],[-481,54]],[[706018,832026],[-125,-88],[-95,122],[220,-34]],[[696752,832362],[-98,54],[193,0],[-95,-54]],[[698568,832504],[-206,51],[248,0],[-42,-51]],[[694163,832643],[-660,-139],[-262,332],[1747,92],[-39,-197],[245,-34],[-1031,-54]],[[711347,832856],[40,-54],[-413,0],[373,54]],[[710631,832856],[95,-54],[-468,0],[373,54]],[[690087,833419],[867,-403],[-1253,-160],[-716,72],[-315,298],[907,0],[-812,264],[1322,-71]],[[717681,833280],[-97,51],[193,0],[-96,-51]],[[719498,833419],[-207,54],[249,0],[-42,-54]],[[697854,833490],[-98,54],[193,0],[-95,-54]],[[698348,833561],[-206,54],[249,0],[-43,-54]],[[713219,833561],[-95,54],[193,0],[-98,-54]],[[720325,833842],[95,-50],[-468,0],[373,50]],[[718244,833863],[-124,-88],[-95,122],[219,-34]],[[629296,836756],[82,-71],[-301,105],[219,-34]],[[640368,836756],[-124,-88],[-98,122],[222,-34]],[[654012,838291],[-95,51],[193,0],[-98,-51]],[[660663,840849],[661,105],[-965,-247],[304,142]],[[662384,841679],[-98,51],[193,0],[-95,-51]],[[663431,844925],[95,-51],[-412,-71],[317,122]],[[665633,845277],[-95,54],[190,0],[-95,-54]],[[663101,846832],[39,-54],[-468,0],[429,54]],[[696863,833842],[-98,55],[193,0],[-95,-55]],[[701103,834622],[-98,50],[193,0],[-95,-50]],[[677088,862641],[-206,54],[248,0],[-42,-54]],[[684580,865748],[-98,54],[193,0],[-95,-54]],[[734865,832785],[-98,51],[193,0],[-95,-51]],[[726051,834479],[-95,55],[193,0],[-98,-55]],[[731449,834551],[96,-55],[-468,0],[372,55]],[[726051,834761],[-95,54],[193,0],[-98,-54]],[[803640,838874],[-249,34],[209,16],[40,-50]],[[812853,844715],[-98,50],[193,0],[-95,-50]],[[812575,844782],[-95,55],[193,0],[-98,-55]],[[843707,854049],[1089,-231],[-1708,-281],[-180,-335],[-700,-88],[-537,159],[468,71],[-524,68],[357,179],[-523,105],[1240,353],[-206,122],[605,-68],[56,210],[703,-159],[-140,-105]],[[841655,853961],[-95,50],[193,0],[-98,-50]],[[845581,855495],[576,-247],[-2022,-369],[-1528,227],[1086,54],[936,423],[952,-88]],[[789443,855797],[42,-54],[-909,0],[867,54]],[[808541,855885],[-206,-20],[-43,54],[249,-34]],[[777533,854967],[-150,-17],[-42,51],[150,17],[42,-51]],[[777438,855089],[-206,54],[246,0],[-40,-54]],[[804816,838094],[-156,-369],[-8973,-2568],[-16684,-3879],[-8208,1097],[-10088,1932],[-10942,359],[-9412,-736]],[[740353,833930],[-4499,-1287],[-770,71],[40,193],[-576,176],[1293,109],[-2121,315],[965,247],[-1240,143],[743,-72],[-317,-193],[-1306,441],[-552,423],[137,105],[-632,248],[317,125],[-772,-142],[-4184,352],[-442,-281],[-1803,-231],[537,-477],[-1489,-210],[-6167,210],[-373,196],[1515,143],[-1584,155],[-370,-17],[317,-264],[-1763,71],[-151,-193],[1735,-142],[-3678,-230],[-1430,-705],[-428,51],[-288,-332],[-1875,-72],[0,-213],[-2863,0],[-2149,-705],[-2091,139],[95,126],[-1142,230],[-772,-142],[-1541,423],[-1764,0],[-978,-298],[1475,-125],[56,-282],[1528,17],[-428,265],[-1473,88],[923,264],[-95,-122],[1142,-230],[2202,-143],[759,-369],[-978,-264],[-442,142],[-206,-125],[304,-143],[-428,-88],[-1362,88],[95,126],[-991,-142],[-2202,352],[-98,125],[634,71],[-965,34],[-26,319],[-468,281],[907,-34],[-357,424],[206,122],[1047,-211],[2588,139],[481,302],[-246,71],[138,68],[-138,251],[1748,16],[206,122],[-301,72],[1293,389],[-138,176],[193,282],[-579,176],[42,193],[-1763,423],[-2258,-281],[-3399,-721],[245,-72],[-190,-318],[524,-352],[-1682,-105],[0,-319],[910,-247],[-648,-54],[-1417,511],[151,125],[-2258,424],[-4682,281],[151,126],[-302,33],[-222,282],[138,105],[-1515,389],[-494,282],[82,179],[-524,34],[42,193],[-1213,71],[42,193],[-703,231],[-1541,-71],[-95,125],[301,105],[-248,71],[97,122],[-991,-139],[98,122],[-978,159],[261,-193],[-592,-88],[-373,156],[304,176],[-798,109],[1417,335],[1253,-196],[-798,352],[798,179],[-648,-54],[154,88],[-154,126],[-2244,-583],[262,-125],[-936,281],[-1914,-193],[1515,-600],[-98,-122],[703,227],[-301,71],[206,126],[1142,-302],[-249,-210],[249,-108],[-317,-89],[2257,285],[-95,-125],[357,-139],[-632,-38],[318,-193],[-4407,282],[-759,301],[84,176],[-523,34],[137,105],[-248,71],[357,72],[-687,247],[137,105],[-164,213],[-1364,-54],[-550,285],[-1488,-143],[-5396,282],[-1985,-424],[-812,302],[98,122],[-1874,281],[-482,230],[98,126],[-1530,193],[1197,511],[2094,-142],[481,302],[-82,176],[690,176],[-137,457],[190,285],[-190,210],[190,71],[-301,71],[962,176],[-27,319],[357,105],[-137,461],[359,34],[-137,457],[357,37],[-413,210],[413,71],[-249,282],[249,213],[-193,247],[592,441],[4021,-71],[151,-122],[-193,-71],[1351,-390],[-262,-193],[1197,-17],[-1184,457],[29,248],[-484,230],[-4721,440],[1240,214],[-373,264],[1541,0],[-425,-264],[592,51],[592,477],[-304,34],[137,105],[-523,319],[137,105],[-743,247],[138,109],[-2244,369],[0,210],[-3070,-51],[-84,390],[-1735,738],[193,105],[-1459,956],[579,423],[-193,248],[481,-126],[154,193],[-979,21],[40,193],[-468,-34],[82,176],[-412,210],[1351,529],[82,247],[798,319],[26,318],[415,247],[-84,177],[1462,670],[-304,563],[261,335],[1983,142],[1211,-352],[206,122],[-246,71],[592,88],[53,-281],[648,17],[-909,-281],[647,-20],[1364,443],[-261,122],[1969,160],[-523,71],[137,105],[-248,281],[743,213],[-468,-37],[137,390],[-412,213],[687,0],[-962,495],[1956,776],[-925,-54],[-1967,548],[2009,1162],[-137,177],[1403,528],[-81,180],[1694,440],[331,353],[922,-55],[-137,180],[275,210],[425,-54],[125,264],[1570,671],[26,247],[648,21],[619,474],[1350,389],[1225,898],[1599,285],[661,491],[1044,71],[3580,1413],[386,-71],[-40,196],[962,244],[-412,248],[412,37],[566,546],[1597,0],[1253,372],[-1364,193],[2093,71],[-372,-125],[703,54],[-317,-193],[536,-88],[209,122],[-304,71],[867,227],[1378,-68],[1086,299],[-301,108],[743,491],[-854,109],[261,122],[936,-143],[1764,285],[150,193],[-248,71],[415,71],[-415,210],[1652,1200],[1076,176],[-360,142],[112,176],[592,231],[1433,-71],[108,352],[1089,88],[-579,71],[-166,210],[153,197],[6884,918],[1486,562],[1102,0],[1253,692],[-1790,352],[593,227],[2257,-139],[220,210],[1158,0],[-481,336],[1292,247],[111,176],[-304,71],[1089,583],[2147,495],[1819,-143],[-98,-122],[249,-71],[-524,-176],[111,-180],[1253,-17],[-372,-88],[372,-122],[5671,139],[2094,427],[1707,0],[-811,-196],[2133,-231],[262,126],[-304,71],[523,247],[-137,176],[415,139],[-1240,285],[1362,88],[-315,193],[2615,813],[-743,319],[3180,88],[42,332],[-415,213],[1914,88],[-536,126],[922,227],[481,-122],[-631,-143],[6318,194],[-370,-194],[1033,-17],[-42,-193],[249,-71],[-690,-37],[372,-264],[-1364,-122],[1790,-319],[-357,-176],[524,-37],[-468,-281],[314,-122],[3527,0],[2588,491],[936,-68],[-95,264],[206,88],[1652,211],[3580,-424],[-262,-264],[468,-353],[-632,-105],[412,-213],[-304,-247],[965,-282],[-1073,-247],[138,-247],[-360,-143],[648,126],[-151,-126],[301,-67],[-1306,-231],[315,193],[-1129,177],[1459,71],[-1348,71],[910,142],[-360,176],[635,105],[-98,122],[-661,0],[-109,-352],[-1528,-264],[207,-231],[1086,-88],[167,-210],[-154,-122],[2189,122],[-592,-335],[-1142,-17],[1129,-214],[-95,-122],[1142,89],[-413,210],[413,176],[-537,91],[3360,-494],[-867,-197],[1184,-176],[-359,-247],[428,-156],[1378,67],[259,89],[-302,71],[193,71],[-193,281],[111,180],[976,17],[2643,-709],[2906,-155],[-357,-214],[-13,-264],[4240,0],[825,-281],[4407,67],[592,302],[-42,193],[938,-281],[1927,0],[482,122],[-635,213],[3072,-125],[1155,213],[-811,-159],[-111,-247],[922,-583],[1145,-227],[-85,-247],[360,-143],[-360,-213],[360,-139],[-635,-105],[-13,-196],[-1914,-55],[2837,-67],[-2120,-919],[867,194],[1583,-441],[-357,-176],[577,-105],[84,-532],[976,54],[-151,-125],[304,-139],[-359,-142],[523,-34],[-592,-193],[1266,-72],[1433,-565],[1816,-143],[98,-122],[-193,-71],[275,-352],[317,-88],[2245,-17],[-1240,-356],[317,-264],[-1322,-68],[-441,-284],[-881,0],[96,125],[-1129,247],[42,193],[-550,-213],[-4957,566],[-2149,0],[-756,-88],[82,-177],[-428,-230],[-2091,0],[1652,-210],[1583,159],[-1583,-725],[-606,71],[-428,-230],[42,-193],[-647,-17],[357,-176],[-645,-231],[-1090,-88],[537,-196],[-867,-88],[745,0],[-372,-265],[-2202,-423],[-717,142],[-1089,-298],[262,-125],[-606,0],[1034,-160],[-153,-122],[441,210],[1750,-193],[-2522,-1077],[-3027,-71],[-317,-336],[523,-67],[-690,-38],[304,-105],[-468,-34],[-124,-267],[-6167,-491],[-5179,-990],[-3030,495],[-3910,-214],[-1583,-298],[-717,-352],[138,-247],[-799,-180],[249,-68],[-206,-125],[-1708,-210],[-1983,423],[-373,-230],[43,-193],[-1322,0],[-3678,-725],[1917,-122],[-3857,-214],[-370,-159],[95,-122],[3966,210],[-98,-193],[1639,-301],[-701,406],[1306,159],[317,-122],[-1073,-142],[2686,-230],[3249,71],[661,352],[936,71],[2424,-210],[756,370],[-137,247],[193,71],[-524,71],[1089,88],[151,-196],[-412,-34],[108,-176],[3180,-864],[4627,-424],[2313,210],[-315,193],[1018,248],[-95,267],[1100,139],[2094,-565],[2974,-139],[2918,352],[1489,566],[2035,281],[1763,-495],[2369,0],[1433,495],[645,-159],[-193,-105],[415,-248],[-193,-71],[193,-318],[-304,-210],[249,-71],[-2906,-299],[-922,-515],[631,-210],[-95,-193],[992,-142],[-2477,-281],[-2369,281],[-2535,-71],[-2023,-688],[963,-386],[-96,-268],[-703,54],[854,-213],[-82,-529],[1034,-227],[-98,332],[357,143],[-302,142],[593,227],[1430,-352],[1874,-68],[1378,139],[1099,423],[2644,-142],[2205,285],[1472,440],[-206,122],[3305,708],[-318,193],[413,143],[-302,71],[2245,582],[6884,-708],[-151,-122],[743,-389],[-248,-281],[248,-105],[-193,-72],[648,-159],[1377,-71],[894,688],[647,88],[-317,-193],[687,0],[-523,-281],[523,-38],[566,-474],[4944,227],[-2906,335],[-1102,-142],[-481,302],[1018,281],[-206,125],[2313,0],[261,122],[-1459,352],[1970,302],[1914,-230],[-318,-265],[936,-71],[-39,197],[206,17],[1253,-373],[-193,-105],[206,-88],[-1364,-17],[703,-336],[2424,-142],[439,356],[481,-88],[-356,-142],[304,-143],[-207,-193],[-2191,-230],[1144,-265],[1653,-71],[1047,495],[2421,-210],[-39,193],[481,159],[1816,0],[-2134,-406],[3057,-600],[441,-390],[-1404,-71],[606,-562],[1583,-302],[537,-369],[-428,-125],[1543,213],[2409,-373],[-576,-210],[81,-176],[-206,-159],[-1102,71],[-3469,-495],[-2466,194],[-164,-177],[248,-71],[-304,-210],[373,-159],[4172,-193],[-759,-444],[-4613,-579],[304,-143],[-193,-71],[151,-264],[2479,423],[482,-159],[-1185,-352],[413,-390],[-1473,-440],[-4446,-88],[-717,-424],[635,-210],[-415,-142],[-27,-390],[-193,-34],[468,-389],[-812,-370],[-1377,214],[-1142,-583],[137,-318],[-261,-88],[-4227,406],[82,-176],[-193,-71],[304,-143],[-360,-142],[1020,-105],[-248,-281],[111,-600],[1018,-105],[275,-461],[-2009,-528],[631,-637],[-576,-210],[468,-461],[-1459,-247],[-167,-176],[304,-68],[-206,-159],[-648,50],[-166,-176],[1020,-494],[-2176,-600],[357,-210],[-206,-197],[-1253,-122],[-164,248],[317,230],[-317,159],[138,105],[-167,282],[-1073,528],[412,71],[-246,71],[193,105],[-647,160],[-2039,71],[318,-336],[-2287,-386],[1351,-637],[-140,-176],[304,-142],[-262,-298],[481,-373],[-137,-176],[690,37],[-537,-335],[-870,-55],[1970,-511],[0,-281],[777,155]],[[748398,857884],[-246,-24],[40,54],[206,-30]],[[657041,849231],[-95,54],[193,0],[-98,-54]],[[657208,849583],[206,-122],[-304,71],[98,51]],[[664256,853889],[-206,55],[248,0],[-42,-55]],[[663431,854032],[-592,-126],[206,126],[386,0]],[[663925,854032],[43,-54],[-360,-72],[317,126]],[[636112,860313],[261,-125],[-1292,71],[1031,54]],[[634956,860313],[-206,51],[249,0],[-43,-51]],[[639900,861353],[-965,-34],[206,122],[759,-88]],[[691065,867567],[-3072,-549],[-1528,88],[2686,759],[2134,54],[-220,-352]],[[693984,867953],[-537,-159],[262,193],[-524,71],[799,-105]],[[691353,868007],[-206,51],[249,0],[-43,-51]],[[696091,868641],[261,54],[-579,-176],[318,122]],[[696366,868783],[-96,51],[191,0],[-95,-51]],[[696696,869065],[-206,54],[248,0],[-42,-54]],[[701090,871307],[53,-108],[-302,71],[249,37]],[[698568,872029],[-206,54],[248,0],[-42,-54]],[[785147,856925],[-164,0],[262,54],[-98,-54]],[[787365,858846],[413,75],[-138,315],[756,369],[373,-227],[-854,-213],[138,-248],[-315,-298],[-428,17],[55,210]],[[789004,859253],[-206,54],[246,0],[-40,-54]],[[789057,859537],[-206,51],[248,0],[-42,-51]],[[769563,858053],[-98,55],[193,0],[-95,-55]],[[750174,858053],[-206,55],[249,0],[-43,-55]],[[749788,858125],[-95,54],[193,0],[-98,-54]],[[747806,858758],[-95,54],[192,0],[-97,-54]],[[789113,862217],[-1597,-494],[-756,159],[1914,549],[811,-159],[-372,-55]],[[825299,862431],[-98,51],[193,0],[-95,-51]],[[779640,862783],[-163,-210],[-1254,88],[1417,122]],[[780687,862925],[-428,51],[1792,285],[-1364,-336]],[[827668,863064],[-98,55],[193,0],[-95,-55]],[[833835,863559],[-95,54],[193,0],[-98,-54]],[[789953,864494],[635,-281],[-814,-88],[261,-193],[-2022,-512],[0,-213],[-1983,142],[537,193],[-468,34],[-222,284],[468,353],[-95,264],[3085,281],[618,-264]],[[778155,863982],[-111,72],[206,-17],[-95,-55]],[[828878,866595],[-372,-122],[2122,-248],[-372,-125],[1708,0],[-98,-193],[468,34],[111,-248],[-151,-88],[1597,71],[261,89],[-81,247],[700,-122],[344,474],[428,21],[978,-302],[-153,-125],[703,-17],[-193,-105],[412,-281],[-1403,-532],[206,-122],[-1266,-143],[-373,-298],[1681,-281],[-634,-213],[317,-265],[-3524,-142],[-346,-407],[-867,-298],[-1378,71],[-370,-301],[249,-105],[-648,-231],[-2863,285],[-2853,-125],[3458,545],[1927,-139],[-206,122],[579,214],[-523,71],[576,247],[-357,176],[1240,-37],[-359,213],[137,177],[-246,71],[151,88],[-1927,-71],[-442,281],[-2300,88],[275,461],[415,34],[-359,210],[166,179],[1584,88],[-262,160],[468,423],[-249,105],[854,105],[-304,176],[703,231],[661,-71]],[[820892,865111],[-95,54],[193,0],[-98,-54]],[[821114,865043],[151,122],[-249,71],[468,0],[-370,-193]],[[822103,865182],[-95,54],[193,0],[-98,-54]],[[820123,865253],[592,-54],[-965,0],[373,54]],[[792816,865765],[-108,-210],[246,-72],[-798,-176],[304,-142],[-151,-264],[-2025,159],[193,71],[-82,176],[632,105],[-193,319],[428,227],[1100,71],[454,-264]],[[837470,865466],[-95,51],[190,0],[-95,-51]],[[801850,865765],[1295,-139],[-359,-109],[206,-122],[-1378,-213],[-2572,301],[53,248],[484,159],[2271,-125]],[[784047,865890],[-97,51],[193,0],[-96,-51]],[[791812,866029],[-206,54],[248,0],[-42,-54]],[[798310,866242],[-426,193],[965,0],[-539,-193]],[[834496,867018],[317,-264],[-1956,0],[360,210],[-304,108],[261,88],[1322,-142]],[[775070,859395],[-207,54],[246,0],[-39,-54]],[[772151,873652],[-209,54],[249,0],[-40,-54]],[[772315,873794],[-206,54],[248,0],[-42,-54]],[[759097,874922],[-95,55],[193,0],[-98,-55]],[[834882,866876],[-98,54],[193,0],[-95,-54]],[[835376,867018],[-206,54],[249,0],[-43,-54]],[[834827,867089],[-207,51],[249,0],[-42,-51]],[[805141,867865],[-206,54],[248,0],[-42,-54]],[[806243,868502],[-208,51],[248,0],[-40,-51]],[[827446,868926],[-207,50],[249,0],[-42,-50]],[[827115,869065],[-219,-139],[-207,88],[426,51]],[[812467,870477],[150,-54],[-412,-71],[975,-298],[2467,369],[-193,-34],[137,-247],[-166,-142],[-867,-88],[261,-122],[-1403,-532],[703,20],[55,-213],[-2260,213],[262,-125],[-907,-105],[-552,-319],[690,-352],[-799,-248],[-346,-406],[-1378,-68],[-2202,352],[-1583,-335],[1295,281],[-1129,214],[648,264],[1692,-54],[-523,71],[81,318],[-523,387],[209,193],[2035,71],[648,301],[-82,177],[193,71],[-304,105],[167,176],[1031,373],[1874,67],[-98,-193],[154,-17]],[[758822,875278],[-98,51],[196,0],[-98,-51]],[[757169,875841],[98,-55],[-470,0],[372,55]],[[732496,876193],[95,-51],[-412,-71],[317,122]],[[730677,876125],[-95,51],[193,0],[-98,-51]],[[731724,876193],[-1033,125],[869,160],[-153,-126],[317,-159]],[[748522,878311],[759,-265],[-2123,143],[648,264],[716,-142]],[[749788,878243],[-95,51],[193,0],[-98,-51]],[[737176,878311],[-207,54],[249,0],[-42,-54]],[[697894,872259],[1266,319],[-923,-478],[-536,88],[193,71]],[[713824,874712],[-219,-142],[-206,88],[425,54]],[[674389,875698],[1047,71],[317,-335],[-3772,214],[922,193],[1486,-143]],[[672530,876389],[746,-37],[-909,-71],[163,108]],[[668718,875912],[-97,54],[193,0],[-96,-54]],[[672187,876193],[42,-51],[-523,0],[481,51]],[[671362,876759],[370,-122],[-481,-373],[-716,142],[261,-125],[-1073,-176],[579,-68],[-98,-268],[-1858,-121],[1128,138],[-909,461],[978,369],[1819,143]],[[661171,877606],[-206,54],[248,0],[-42,-54]],[[661062,877816],[-219,-139],[-262,88],[481,51]],[[665028,878243],[3511,-197],[-2134,-230],[-1269,142],[-700,-159],[304,-105],[-759,-298],[-2094,139],[-370,125],[687,68],[-1073,247],[3897,268]],[[626253,886499],[-206,55],[249,0],[-43,-55]],[[626806,896521],[-209,54],[249,0],[-40,-54]],[[707382,893980],[317,54],[-635,-176],[318,122]],[[707987,893912],[-206,51],[246,0],[-40,-51]],[[705769,894068],[386,-139],[-579,72],[193,67]],[[705288,894404],[481,-51],[-632,-142],[151,193]],[[750010,878382],[-206,54],[246,0],[-40,-54]],[[743290,879300],[-592,-54],[965,0],[-373,54]],[[745329,879300],[-98,54],[193,0],[-95,-54]],[[739766,879371],[386,71],[95,-125],[-481,54]],[[828603,869912],[-206,54],[246,0],[-40,-54]],[[800129,872595],[-98,54],[196,0],[-98,-54]],[[820012,891510],[-207,55],[249,0],[-42,-55]],[[818137,891795],[-95,51],[193,0],[-98,-51]],[[740745,879422],[52,-105],[-301,71],[249,34]],[[744171,879442],[-96,51],[193,0],[-97,-51]],[[769230,880641],[-206,51],[248,0],[-42,-51]],[[759869,899205],[39,-55],[-520,0],[481,55]],[[832513,894970],[3236,-725],[-1089,-404],[1047,-71],[-40,193],[701,88],[759,-298],[275,-532],[-1679,-671],[301,-105],[-2395,-1304],[137,-247],[-3180,-583],[-759,88],[360,210],[-56,180],[-798,423],[2395,847],[-5274,-620],[-7214,214],[-1859,298],[151,125],[-5232,-71],[153,122],[-1131,108],[373,194],[-1433,-143],[-481,231],[150,193],[-3138,0],[-2794,511],[907,143],[-262,193],[2038,284],[-978,17],[923,336],[428,-17],[-373,-197],[1322,-68],[3249,424],[154,-268],[-1185,-210],[1584,-88],[-318,264],[1143,160],[2038,776],[1541,-353],[648,193],[-854,143],[1406,-143],[-1131,-281],[248,-105],[-468,-37],[98,-122],[714,0],[716,352],[593,-159],[-1362,-335],[1266,-72],[1322,285],[1597,-213],[262,122],[-524,0],[648,159],[714,-353],[484,160],[-262,125],[1211,68],[647,-159],[-372,-194],[1432,-139],[704,122],[-1515,353],[1967,301],[1763,-71],[-206,122],[1472,302],[3085,-71]],[[805197,892781],[-98,54],[193,0],[-95,-54]],[[810923,893912],[-206,51],[248,0],[-42,-51]],[[819240,894336],[-207,51],[249,0],[-42,-51]],[[820450,894475],[98,-51],[-468,0],[370,51]],[[796108,897439],[-206,55],[248,0],[-42,-55]],[[808927,899821],[-468,-105],[579,-105],[111,-176],[-153,-88],[811,-17],[-645,-197],[1708,353],[1872,-139],[95,-125],[-1404,-282],[965,-247],[-468,-71],[426,-193],[703,17],[-648,-88],[95,-265],[-1073,-318],[206,-122],[-936,0],[-330,352],[-2094,71],[-5396,-1622],[40,-197],[-357,-176],[302,-105],[-260,-88],[-1652,-143],[40,-193],[-923,-301],[-1430,0],[-772,-281],[-3193,494],[-704,512],[193,176],[-304,390],[415,139],[-29,460],[743,34],[-314,126],[274,138],[6774,72],[274,210],[331,-282],[484,160],[-524,0],[164,247],[648,17],[-206,125],[1017,387],[-798,0],[-108,176],[190,71],[-246,71],[193,71],[-304,34],[468,71],[-193,319],[1790,528],[124,336],[3416,0],[481,-231]],[[801670,897653],[-206,51],[248,0],[-42,-51]],[[812136,898923],[-153,51],[193,0],[-40,-51]],[[812853,899062],[95,-51],[-468,0],[373,51]],[[810468,899540],[-426,-122],[-536,403],[703,17],[-153,-122],[412,-176]],[[760585,899276],[-209,54],[249,0],[-40,-54]],[[759263,899347],[220,139],[536,-88],[-756,-51]],[[761302,899418],[-209,51],[248,0],[-39,-51]],[[761740,899557],[-206,54],[249,0],[-43,-54]],[[754084,899557],[-425,-51],[206,193],[592,-193],[-373,51]],[[757775,899770],[42,-54],[-523,0],[481,54]],[[761521,899699],[-98,51],[193,0],[-95,-51]],[[771474,904270],[56,-105],[-302,67],[246,38]],[[691684,894336],[-95,51],[193,0],[-98,-51]],[[706721,894404],[-206,54],[245,0],[-39,-54]],[[706168,894404],[-206,54],[249,0],[-43,-54]],[[706224,894617],[-701,51],[1237,71],[-536,-122]],[[705618,894827],[43,-51],[-524,0],[481,51]],[[705729,894898],[-206,55],[246,0],[-40,-55]],[[705068,895041],[315,54],[-632,-180],[317,126]],[[680173,895251],[151,-122],[-357,71],[206,51]],[[629339,898076],[-207,51],[246,0],[-39,-51]],[[636553,903582],[-206,51],[248,0],[-42,-51]],[[642943,912757],[-206,54],[245,0],[-39,-54]],[[643990,913323],[-209,50],[248,0],[-39,-50]],[[680216,895515],[-249,-34],[40,54],[209,-20]],[[713880,895603],[-95,54],[190,0],[-95,-54]],[[696585,937107],[1597,-68],[-370,-197],[1528,-298],[3193,71],[-756,-125],[2025,-512],[714,143],[-151,-126],[3786,-511],[98,-122],[-193,-71],[867,-231],[1158,0],[-428,-193],[1459,-528],[-648,-265],[661,-142],[-151,264],[207,17],[922,-298],[-1031,-54],[-166,-210],[1485,352],[2647,-71],[-154,-122],[579,0],[-1914,-91],[592,-122],[-687,-143],[1306,126],[1420,-512],[-592,-264],[935,210],[648,-407],[-1089,55],[648,-194],[-4006,-935],[-124,-264],[-1901,-742],[-3249,-1765],[743,-247],[-909,-210],[1184,-72],[-965,-108],[579,-352],[-383,-248],[-1626,-352],[1417,-17],[-151,-88],[138,-176],[-413,-143],[963,-142],[-1623,-667],[-30,-319],[-190,-34],[138,-179],[-415,-105],[84,-176],[-909,-177],[468,-210],[-193,-71],[82,-179],[-688,-105],[357,-105],[-1073,-34],[687,-177],[-1086,51],[-262,-88],[262,-122],[-1364,-230],[2685,-193],[482,193],[-907,71],[1361,17],[-150,-122],[304,-71],[-196,-71],[360,-71],[-1129,-248],[82,-176],[-413,-105],[413,-142],[-193,-71],[84,-177],[-647,-230],[-537,302],[190,105],[-383,423],[-854,0],[-55,-247],[301,-34],[-190,-105],[245,-248],[-193,-108],[360,-34],[-193,-105],[703,122],[-153,-122],[359,-71],[-1462,-281],[1531,-159],[-98,193],[262,17],[153,-193],[-1681,-248],[468,-210],[-151,-125],[481,54],[-193,-105],[207,-302],[-2520,-230],[690,-176],[-1295,-424],[2395,495],[-2451,-952],[304,-105],[-634,-176],[137,-180],[-386,-210],[-1292,-37],[1017,-210],[-370,-193],[923,-126],[-3513,-650],[372,-197],[-2561,-528],[-109,-176],[262,-231],[1692,-17],[-317,-335],[-2134,-302],[690,-139],[383,-423],[-150,-125],[648,159],[-82,176],[206,88],[2202,213],[166,282],[2644,284],[-1200,193],[1034,17],[-96,193],[1129,248],[730,549],[1692,-88],[-151,-126],[923,159],[-579,72],[193,105],[-632,318],[909,495],[-745,247],[2065,739],[-632,176],[661,495],[1017,37],[-742,247],[853,247],[-356,105],[549,353],[2023,440],[-645,193],[1953,600],[-26,390],[193,37],[-137,244],[193,37],[-138,176],[412,105],[-193,214],[193,105],[-579,352],[413,105],[-193,248],[373,301],[661,71],[481,-196],[-426,-17],[262,-88],[-151,-122],[714,-143],[1983,-71],[-262,126],[2244,227],[484,196],[-1184,71],[1472,156],[661,424],[1708,-139],[661,210],[-1145,406],[2578,722],[2022,-88],[-1240,-210],[429,-122],[2424,68],[-98,264],[468,37],[-301,105],[412,143],[-1198,88],[426,-265],[-923,-159],[-343,336],[-688,105],[413,176],[-2451,742],[1473,193],[-43,193],[537,302],[-2366,71],[-1475,582],[1295,495],[-317,122],[2094,495],[372,-88],[-470,-72],[523,-281],[-357,-213],[96,-122],[827,-71],[-262,122],[688,108],[-40,193],[1253,-159],[-923,-407],[-1033,-17],[909,-71],[-412,-139],[95,-125],[11621,-213],[151,-194],[-193,-71],[690,-105],[288,-335],[1156,0],[-151,-122],[304,-37],[-153,-122],[1419,54],[-1528,-268],[3910,-491],[-674,-901],[-468,-71],[301,281],[-261,54],[-756,-512],[909,-105],[-1351,-37],[1021,-247],[-1515,-176],[909,-72],[-801,-386],[703,122],[-592,-264],[978,-230],[495,284],[1544,142],[95,-125],[-1404,-352],[1184,-38],[69,-687],[592,230],[-304,105],[703,88],[482,-159],[-262,-332],[991,139],[759,-159],[-206,-122],[2078,-89],[-759,-406],[4558,-298],[-1074,-71],[154,-197],[1692,54],[-910,-281],[592,-125],[-1197,-193],[1790,-38],[-1185,-315],[2506,-599],[386,-461],[-468,-142],[357,-34],[-137,-177],[304,-33],[219,-285],[-150,-122],[3085,-281],[785,-620],[1129,-315],[-1198,-339],[-1420,125],[1349,-281],[140,-532],[301,-34],[-1073,-352],[357,-142],[-151,-122],[2477,-353],[925,332],[-1419,21],[95,193],[-576,71],[632,176],[-262,122],[2094,0],[497,285],[1980,210],[333,-281],[1760,-143],[1322,-566],[537,21],[-1417,-441],[-1763,492],[-1542,-72],[-428,-264],[1364,54],[3030,-704],[-537,474],[1129,0],[-523,-68],[95,-125],[1213,142],[262,122],[-524,0],[537,302],[756,-160],[717,-565],[-357,-210],[39,-197],[-2257,213],[-1198,-372],[1142,-122],[-95,264],[468,37],[-304,105],[484,17],[-98,-193],[2287,-389],[-1240,-210],[468,-214],[-468,-142],[523,-281],[-261,-122],[-593,88],[96,193],[-976,-88],[523,-353],[-153,-125],[1269,71],[756,512],[-304,71],[262,122],[1364,-51],[167,176],[-635,71],[523,34],[-412,176],[468,143],[-415,142],[745,105],[-1750,122],[151,88],[-95,264],[2480,-420],[1692,-1006],[-413,-142],[357,-143],[-193,-67],[138,-251],[-521,-386],[357,-176],[-743,-72],[907,-105],[552,-670],[-592,-441],[-262,88],[151,122],[-1872,71],[-317,-122],[634,-71],[-965,-213],[1090,54],[-154,-88],[154,-197],[1197,197],[-153,-264],[-1142,-197],[634,-105],[717,-918],[-193,-105],[851,-34],[-851,-319],[1361,-16],[206,-268],[-1073,0],[1018,-281],[-798,37],[359,-176],[-412,-143],[468,-281],[-579,-284],[634,-139],[-745,-71],[579,-38],[-304,-315],[415,-213],[-965,-176],[248,-353],[-193,-105],[357,-142],[-576,-600],[137,-247],[-523,34],[357,-176],[-1185,-529],[207,-264],[483,51],[220,-315],[-1018,-38],[521,0],[-206,-193],[-1584,54],[579,-71],[82,-461],[304,-33],[-468,-72],[-56,-318],[690,176],[-166,-176],[-1872,-1128],[-690,-105],[138,-248],[-1362,-725],[-1750,-440],[524,0],[-262,-122],[-1761,-285],[-814,-440],[42,-193],[-2094,-424],[-1639,88],[468,71],[-137,248],[193,71],[-632,139],[701,-51],[-207,122],[373,88],[-1142,-159],[82,-176],[-193,-71],[357,-139],[-468,-38],[42,-193],[-481,17],[315,264],[-701,-122],[370,194],[-3455,-17],[1420,-126],[-154,-122],[262,-88],[-1969,159],[153,122],[-1158,-210],[-716,282],[-262,-122],[798,-356],[-2244,-156],[153,122],[-3236,88],[-3471,-423],[-494,-282],[-2150,-142],[-206,-122],[304,-71],[-1197,-302],[-3857,-352],[-2314,-633],[-2807,0],[-923,-231],[318,-196],[-923,230],[314,197],[-1155,-285],[-4682,0],[-3965,-424],[-1266,-562],[-881,281],[-55,-423],[-812,88],[151,122],[-1708,-68],[-1652,-495],[-262,88],[137,177],[-481,17],[-867,-336],[1073,0],[-1197,-230],[-1266,0],[150,88],[-111,176],[-576,37],[576,210],[-206,55],[-923,-231],[262,-122],[-2022,-17],[1911,-54],[98,-122],[-304,-213],[798,-72],[-1306,-159],[-290,-403],[-923,-230],[-1803,298],[798,318],[-909,143],[978,298],[-1597,142],[95,-264],[-370,-88],[-206,159],[193,71],[-98,122],[-936,-142],[-758,230],[304,247],[-579,34],[373,197],[-1378,-214],[-1927,285],[-441,-213],[-1597,213],[-1597,-495],[-5451,210],[314,-122],[-1142,-301],[-2038,352],[867,-474],[-1515,-319],[98,-193],[-1266,0],[-1528,441],[1679,494],[-96,194],[645,16],[-425,197],[-1544,-213],[-288,-407],[-923,-227],[-5065,420],[-264,-122],[690,-142],[-2575,-441],[-992,0],[151,126],[-756,159],[-9528,-285],[-3582,-704],[98,-193],[-357,-109],[82,-176],[-1364,-512],[-648,193],[138,-176],[-191,-67],[315,-89],[-1927,-71],[-1872,-494],[-717,-495],[-2093,-142],[-1322,-705],[-1100,-71],[95,125],[-301,34],[137,105],[-539,88],[-8700,-2188],[-3360,-421],[-2369,-918],[-880,0],[-3194,-847],[-3788,159],[854,139],[-95,126],[-1198,-302],[259,-122],[-936,0],[-206,193],[634,143],[-481,159],[-1694,-88],[357,-143],[-207,-125],[-3468,214],[537,-126],[-854,-105],[137,-176],[-1089,-512],[-714,0],[151,126],[-304,68],[304,142],[-743,210],[632,142],[-537,231],[-661,-214],[-1417,159],[688,72],[-524,281],[193,318],[-248,214],[415,34],[714,599],[-1293,176],[481,265],[-936,-71],[-1472,372],[301,143],[-301,105],[1292,670],[883,634],[-193,247],[799,390],[-304,105],[579,105],[-357,176],[962,247],[-579,105],[910,319],[-413,142],[108,176],[690,34],[-137,176],[632,319],[-302,108],[799,177],[661,352],[-304,105],[745,247],[-359,105],[2355,441],[164,284],[1364,88],[111,177],[-909,-143],[687,319],[-357,105],[1901,881],[108,179],[-301,34],[108,176],[635,105],[82,248],[3772,1165],[-95,193],[648,17],[-98,197],[703,17],[-798,213],[468,68],[82,461],[2244,298],[867,511],[-1900,495],[-164,176],[743,532],[-357,68],[246,318],[-1129,282],[2905,230],[262,302],[-193,247],[1020,247],[331,210],[-138,176],[1348,461],[-742,210],[357,176],[-524,177],[468,105],[-1679,284],[2451,248],[111,176],[-634,318],[248,210],[-357,143],[193,315],[-415,142],[1626,742],[-249,247],[4048,810],[-645,197],[95,-197],[-648,-227],[-880,139],[151,125],[-302,282],[1237,352],[-2022,88],[95,125],[-468,210],[1404,177],[-301,108],[357,139],[-413,142],[799,281],[-1021,390],[471,71],[-249,247],[413,106],[-357,105],[798,247],[-206,264],[923,88],[108,176],[-301,72],[219,284],[798,-37],[-412,176],[798,247],[-304,319],[1145,159],[-317,122],[3606,1552],[-1460,-244],[167,176],[2408,651],[4352,71],[1142,-231],[-577,-210],[96,-122],[1197,441],[-687,139],[523,0],[-206,196],[-938,-142],[-2573,264],[1581,17],[553,424],[1253,301],[-854,281],[151,126],[-1486,71],[-428,369],[854,0],[-524,210],[524,319],[-963,-139],[1293,315],[-373,193],[1309,20],[-206,193],[-978,-122],[192,68],[-137,180],[648,227],[1364,-51],[-635,386],[1571,600],[108,176],[-468,213],[579,177],[-412,176],[468,34],[-910,108],[1296,315],[-854,600],[370,230],[827,-142],[703,444],[-523,0],[151,193],[811,-54],[-592,406],[1639,231],[-193,247],[360,139],[-415,142],[304,214],[-688,139],[1185,176],[-471,247],[854,176],[965,813],[687,105],[111,177],[-357,37],[164,176],[1846,105],[-854,281],[523,285],[-579,281],[167,176],[700,17],[207,159],[-357,72],[166,176],[1679,528],[-357,109],[812,650],[1694,-51],[-1351,210],[1404,0],[-798,532],[3402,441],[537,-20],[-193,-68],[95,-126],[2424,143],[-1417,335],[2520,512],[206,193],[-360,71],[801,34],[-153,264],[812,-51],[-1515,353],[745,105],[-634,37],[193,105],[-963,918],[1515,210],[-1240,37],[413,139],[-413,143],[164,176],[1034,440],[5232,708],[2479,-494],[593,-512],[-209,-196],[-867,91],[415,-108],[-196,-105],[278,-282],[743,-105],[111,-179],[-415,-139],[745,-390],[-634,71],[523,-281],[-193,-108],[1459,-244],[-909,-214],[415,-176],[-539,-301],[3029,-634],[4407,210],[262,126],[-579,281],[304,247],[-193,247],[304,214],[-1570,1233],[412,142],[-357,105],[521,72],[-1018,105],[304,281],[-84,390],[415,105],[-304,105],[634,179],[-359,68],[137,142],[-137,176],[523,34],[-137,180],[579,247],[-138,176],[357,176],[-137,177],[330,281],[1073,318],[-261,122],[2038,353],[1927,0]],[[696408,915667],[-262,-17],[-42,54],[262,17],[42,-54]],[[772096,904639],[-318,-51],[413,139],[-262,125],[537,-88],[-370,-125]],[[773457,907410],[-259,-16],[-42,50],[261,17],[40,-51]],[[774023,910216],[-220,-143],[-261,89],[481,54]],[[773513,910551],[55,-105],[-301,71],[246,34]],[[773526,910782],[-206,50],[248,0],[-42,-50]],[[773362,910992],[-206,54],[248,0],[-42,-54]],[[773198,911205],[-209,51],[249,0],[-40,-51]],[[772632,911998],[-206,-17],[-42,54],[206,17],[42,-54]],[[768942,914929],[55,-109],[-304,71],[249,38]],[[769893,915369],[-208,51],[248,0],[-40,-51]],[[758161,916568],[-206,55],[248,0],[-42,-55]],[[766684,916656],[-249,34],[207,21],[42,-55]],[[757555,917063],[40,-54],[-851,0],[811,54]],[[757706,917222],[-262,-17],[-39,51],[259,17],[42,-51]],[[751496,921793],[-206,51],[249,0],[-43,-51]],[[754912,922426],[1197,126],[-1514,-248],[317,122]],[[525684,853679],[98,-125],[-304,71],[206,54]],[[528219,853747],[95,-51],[-468,0],[373,51]],[[528108,853889],[-1309,-121],[1571,315],[-262,-194]],[[524529,853889],[-96,55],[191,0],[-95,-55]],[[525078,854032],[-95,51],[193,0],[-98,-51]],[[524418,854032],[-207,51],[249,0],[-42,-51]],[[523207,854032],[-206,51],[248,0],[-42,-51]],[[520727,854242],[-206,54],[248,0],[-42,-54]],[[528661,854384],[95,-54],[-413,-71],[318,125]],[[524473,854313],[-95,54],[193,0],[-98,-54]],[[517533,854384],[-95,51],[193,0],[-98,-51]],[[523482,854384],[-207,51],[249,0],[-42,-51]],[[525575,854665],[207,-122],[-357,-71],[150,193]],[[525245,854665],[-98,55],[193,0],[-95,-55]],[[522876,856712],[-95,54],[190,0],[-95,-54]],[[520177,857278],[-95,54],[193,0],[-98,-54]],[[537030,851491],[-95,51],[193,0],[-98,-51]],[[535048,851985],[-207,51],[249,0],[-42,-51]],[[531524,852267],[-207,50],[249,0],[-42,-50]],[[534992,856502],[592,-55],[-481,-159],[-111,214]],[[541051,859466],[-95,51],[191,0],[-96,-51]],[[540832,859605],[-153,125],[386,282],[304,-105],[-413,-177],[259,-125],[-383,0]],[[541823,859819],[537,125],[-798,-180],[261,55]],[[540155,860506],[111,-105],[-301,71],[190,34]],[[569140,849444],[-206,51],[248,0],[-42,-51]],[[575033,849512],[-95,54],[193,0],[-98,-54]],[[568976,849726],[-455,-549],[-869,-17],[-1486,213],[-206,403],[1197,92],[1322,633],[592,-511],[-304,-142],[209,-122]],[[619314,886357],[-206,54],[248,0],[-42,-54]],[[620030,886571],[-98,54],[196,0],[-98,-54]],[[620525,887133],[-207,54],[249,0],[-42,-54]],[[615845,887770],[-206,54],[246,0],[-40,-54]],[[615404,888404],[-206,54],[248,0],[-42,-54]],[[524254,857420],[-207,51],[249,0],[-42,-51]],[[539235,861089],[645,-193],[-922,193],[-756,-193],[647,51],[923,-512],[-262,-193],[1584,-88],[-1021,-142],[82,-315],[-687,-424],[2287,139],[-690,-176],[137,-176],[-219,-214],[-1018,-315],[576,-318],[-1142,-512],[-703,54],[690,-176],[-1198,-512],[-3857,-284],[262,-122],[-524,-142],[648,54],[-150,-264],[304,-72],[-3720,-884],[1734,-423],[-1197,-475],[-1267,-71],[98,122],[-579,71],[743,353],[-1142,20],[-1597,-285],[-716,-562],[-2464,-268],[798,285],[524,600],[1237,318],[-1584,403],[-164,-210],[-991,139],[-2480,-352],[-275,-495],[-592,159],[317,126],[-880,0],[-2699,-424],[-386,352],[-330,-281],[-2533,-213],[-1089,230],[-109,319],[756,-55],[-2630,726],[262,264],[1419,298],[-97,196],[922,89],[-262,122],[868,54],[-302,-143],[151,-54],[1034,231],[-648,193],[1486,-139],[758,227],[-150,196],[1485,-142],[-1033,125],[1253,441],[1528,-302],[-1417,17],[-56,-210],[1544,-142],[550,213],[2091,-355],[98,196],[-1073,34],[425,264],[-756,54],[1692,441],[537,-122],[-632,-37],[42,-265],[331,214],[164,-214],[772,72],[261,230],[-304,71],[207,122],[922,-54],[-579,71],[262,264],[4227,654],[-370,193],[1430,-281],[98,193],[-634,142],[2025,441],[2477,1132],[883,-72],[-537,122],[3936,742],[-922,-17],[-164,210],[1100,0],[277,-352]],[[521666,922850],[206,-51],[-468,-71],[262,122]],[[517700,923416],[151,-55],[-468,-71],[317,126]],[[510760,854950],[371,-54],[-632,-71],[261,125]],[[511255,855160],[98,-54],[-471,0],[373,54]],[[493587,926167],[196,-122],[-360,71],[164,51]],[[493067,926326],[-262,-17],[-42,54],[261,17],[43,-54]],[[492585,926380],[-206,51],[246,0],[-40,-51]],[[492474,926804],[482,-55],[-743,-71],[261,126]],[[492916,927014],[151,-122],[-854,0],[703,122]],[[492517,928725],[-207,-17],[-42,54],[206,17],[43,-54]],[[519408,924615],[-209,54],[248,0],[-39,-54]],[[522601,960826],[207,-54],[-524,-71],[317,125]],[[515056,960894],[812,-193],[-592,-17],[-220,210]],[[527669,960965],[40,-51],[-304,0],[264,51]],[[539619,860808],[428,-54],[-206,-160],[-222,214]],[[557133,919109],[-207,55],[249,0],[-42,-55]],[[540501,922426],[-206,54],[246,0],[-40,-54]],[[545072,922640],[-206,51],[246,0],[-40,-51]],[[619150,888830],[-206,51],[246,0],[-40,-51]],[[615404,890663],[-95,55],[190,0],[-95,-55]],[[615623,891016],[-206,54],[249,0],[-43,-54]],[[588362,915088],[40,-54],[-521,0],[481,54]],[[586654,915931],[-206,55],[249,0],[-43,-55]],[[586765,916358],[40,-54],[-1073,0],[1033,54]],[[579384,916568],[151,-122],[-357,68],[206,54]],[[610984,957242],[-262,-17],[-40,54],[262,17],[40,-54]],[[568424,962307],[1047,-71],[9419,-2965],[1472,-1216],[-1239,-705],[-69,-267],[-1639,-88],[867,-194],[13218,0],[1721,1606],[1295,177],[-467,142],[330,457],[1417,441],[2467,-265],[-2729,-318],[154,-122],[1705,-142],[2149,352],[648,-227],[-413,-176],[645,-17],[429,-302],[-193,-105],[1570,-176],[-153,-125],[2479,352],[1584,-88],[-965,-210],[703,-125],[1103,494],[1705,143],[262,-55],[-413,-142],[1639,197],[717,-285],[3524,0],[-151,-122],[468,-142],[-5755,-915],[1417,122],[1157,-214],[220,214],[1377,71],[-372,-193],[428,-159],[2146,704],[1267,-71],[1639,-511],[-1129,-387],[1184,-213],[-1528,-230],[1267,0],[55,-282],[1816,-210],[537,-372],[-138,-177],[154,-88],[1541,0],[206,-159],[-193,-71],[111,-105],[1185,-176],[-154,-122],[3746,-495],[1528,-935],[-906,0],[357,-71],[-193,-105],[867,51],[428,-298],[-193,-72],[137,-176],[-412,-105],[275,-251],[537,55],[2022,-864],[111,-105],[-357,-214],[579,-176],[-140,-176],[167,-142],[962,-244],[-521,-109],[1348,-34],[-687,-213],[798,-139],[-579,-318],[1129,105],[-468,-353],[27,-318],[-302,-176],[138,-177],[-262,-88],[-4571,-423],[-222,-214],[-386,214],[-589,-336],[1966,-88],[648,-301],[-468,-68],[95,-125],[1708,-139],[-714,-71],[-153,-197],[360,-68],[-524,-71],[1253,-88],[-592,298],[537,54],[150,-88],[-150,-125],[1197,-227],[-634,-213],[690,-72],[-98,-193],[814,336],[-814,-55],[373,197],[-579,210],[1694,88],[-150,-122],[1858,-20],[151,-122],[-412,-142],[909,-244],[-153,-126],[2699,71],[772,-142],[206,-159],[-193,-105],[357,-71],[-5272,-864],[-483,-160],[29,-318],[-415,-105],[-688,-742],[-1129,-247],[1293,142],[-412,-142],[317,-122],[-3085,-143],[-701,88],[645,197],[-769,0],[-2149,-495],[428,-193],[-1198,-159],[812,-264],[-1240,-214],[1145,54],[867,-443],[-360,-210],[193,-177],[-1570,-213],[759,-156],[716,210],[-484,-298],[193,-213],[-193,-105],[802,-143],[-2026,-864],[-3952,-372],[1571,-600],[-262,-298],[-1253,122],[854,-248],[-413,-105],[357,-71],[-193,-68],[27,-318],[-1018,-108],[-111,-177],[277,-210],[3456,122],[-373,-193],[1583,-88],[-1253,-193],[1626,-105],[-579,-213],[317,-126],[-1803,126],[357,-72],[-137,-176],[151,-88],[592,-17],[-579,-247],[745,-105],[-193,-71],[95,-197],[-922,-88],[1184,-281],[-193,-71],[98,-193],[-703,-55],[867,-17],[-95,-122],[301,-37],[-82,-176],[357,-34],[-206,-406],[-317,88],[195,71],[-153,122],[-701,-88],[688,-353],[-304,-210],[415,-637],[-304,-247],[359,-71],[-758,-369],[-825,71],[-209,-126],[359,-67],[-2244,-654],[-5840,352],[-5271,-583],[4047,-1128],[-373,-196],[2922,-210],[-429,-122],[3442,-671],[-468,-71],[151,-126],[1322,71],[1089,-369],[-634,-213],[468,-139],[-262,-126],[-2628,-369],[1031,-620],[6485,-579],[1213,-990],[-193,-105],[220,-213],[357,-34],[-191,-108],[357,-34],[-687,-353],[357,-105],[-413,-108],[-82,-457],[-745,-353],[2065,-742],[-191,-71],[138,-176],[-193,-34],[26,-318],[-357,-143],[1129,-738],[-111,-390],[-1197,-512],[-1047,72],[317,-126],[-373,-227],[-1211,210],[756,-264],[-6429,-1711],[-756,-373],[-193,-386],[-1198,-440],[-4187,-214],[-69,264],[-756,231],[-6170,-918],[-11400,213],[-703,-196],[373,-299],[1364,-193],[-2300,-511],[-1763,139],[150,125],[-592,227],[-2035,-491],[-207,51],[357,142],[-867,-264],[-1708,71],[-592,227],[193,105],[-634,247],[193,71],[-109,105],[-1076,390],[524,247],[-1073,-34],[742,68],[-592,264],[-494,0],[426,-193],[-1529,-440],[-206,54],[413,352],[-1087,-264],[-703,88],[137,105],[-412,105],[137,105],[-301,38],[95,122],[-1982,71],[703,-193],[-1584,-302],[-1322,566],[-2686,-302],[635,-67],[-524,-248],[757,-230],[-2314,142],[373,88],[-304,71],[249,244],[-537,160],[-2480,-353],[-206,17],[42,197],[-716,0],[481,-265],[-2300,-159],[-537,159],[635,139],[-98,126],[-661,-143],[-1911,407],[1142,159],[425,-88],[-150,-125],[2202,0],[703,196],[-2342,458],[634,142],[-317,122],[1089,-54],[-814,196],[-3799,-284],[-206,-122],[357,-72],[-262,-88],[-592,88],[359,143],[-97,122],[-1542,-139],[151,122],[-468,105],[360,142],[-167,176],[-923,17],[151,126],[-576,176],[576,210],[-576,213],[193,71],[-153,122],[-2092,-142],[-1596,214],[-939,-214],[16,197],[468,71],[-870,17],[-69,264],[-356,34],[137,105],[-632,37],[151,122],[-661,-139],[95,122],[-523,176],[359,143],[-153,122],[-383,-139],[-537,156],[193,71],[-153,125],[-717,-71],[98,125],[-648,227],[-867,17],[-386,319],[743,284],[-1018,353],[799,176],[-429,193],[704,54],[-1362,156],[151,125],[-743,105],[-497,353],[137,108],[-425,88],[-2205,-213],[-69,-264],[-481,-89],[-1584,160],[482,264],[-1708,-142],[-164,-210],[-3966,281],[-592,-227],[318,-126],[-1653,0],[-2133,336],[2503,389],[-357,68],[151,126],[-2313,-214],[-605,285],[-2755,-285],[-69,-264],[-523,37],[195,-142],[-264,-122],[-1319,-285],[-1325,71],[-219,-213],[-2369,-68],[-769,139],[164,495],[-1816,-139],[-2369,420],[-828,-281],[-1086,54],[743,-142],[-262,-122],[-1597,0],[-425,88],[425,122],[-1142,193],[632,108],[-357,71],[357,177],[-468,139],[854,318],[-468,176],[1129,176],[-962,105],[851,177],[166,318],[-647,230],[-2202,-71],[95,126],[-468,105],[359,142],[-415,68],[193,71],[-137,318],[1240,319],[-481,122],[-4132,142],[-1362,-301],[537,-265],[-2755,-704],[-2258,-72],[318,-122],[-4119,-1148],[-6004,566],[-3236,1358],[-108,105],[412,72],[-579,176],[524,247],[-1679,315],[1459,390],[-1253,230],[-936,-142],[96,125],[-357,68],[687,285],[-1348,105],[164,318],[592,230],[883,-71],[-428,-125],[647,-227],[592,156],[-1403,356],[1514,138],[-1350,143],[1184,139],[-108,108],[-2906,369],[-153,88],[137,105],[-1086,302],[-5618,1128],[812,268],[-1018,244],[301,176],[-576,213],[1404,177],[55,176],[-415,247],[140,105],[-2025,159],[95,126],[-1031,88],[-483,298],[523,213],[-579,0],[360,139],[-360,424],[415,71],[-193,176],[3112,600],[-1018,495],[412,71],[-359,71],[359,176],[-412,34],[-85,247],[-357,37],[249,248],[-524,105],[1129,247],[-1240,176],[593,475],[1694,159],[-415,71],[360,176],[-524,143],[743,247],[-301,210],[190,247],[-851,319],[190,105],[-2078,511],[-2424,0],[-262,160],[154,125],[-3086,-356],[151,126],[-1417,301],[-2755,0],[1597,68],[-150,196],[467,68],[-5149,884],[1129,210],[-357,72],[95,125],[-3413,210],[-428,88],[412,71],[-357,71],[138,105],[-482,89],[-372,-89],[317,-122],[-494,0],[-704,583],[3731,-91],[-315,230],[164,319],[1073,33],[-632,248],[1898,247],[-645,54],[-153,122],[360,143],[-1240,176],[98,125],[-2261,-213],[-261,-126],[1239,-210],[-1639,-17],[98,-125],[-359,-105],[523,-142],[-206,-265],[1308,-227],[-206,-125],[-3965,142],[-317,-264],[853,-142],[-1472,54],[315,-264],[-1417,-654],[-606,139],[151,-193],[-1018,-248],[95,-122],[-700,88],[523,210],[-153,126],[-1639,-88],[745,-105],[-386,-495],[-468,-37],[193,-176],[-415,-72],[635,-176],[-193,-105],[317,-159],[1486,0],[428,-227],[-1459,-213],[742,-72],[-317,-264],[-2424,-210],[-206,-91],[193,-177],[-426,-155],[-1927,-285],[-2961,583],[854,0],[-854,352],[206,125],[2588,424],[936,-142],[262,264],[-412,71],[1364,17],[-373,125],[634,105],[-415,72],[249,210],[-151,125],[-1142,-54],[1404,599],[-2562,282],[2189,230],[373,159],[-360,105],[635,109],[-579,34],[909,105],[-592,264],[4185,1132],[1322,0],[-95,121],[357,106],[-151,196],[1708,-71],[3138,495],[-370,121],[687,143],[-2395,-214],[1404,390],[-357,210],[261,125],[2300,160],[-690,71],[468,68],[-412,71],[193,105],[-249,142],[1074,247],[-524,177],[910,318],[-413,105],[1018,247],[-357,105],[2300,373],[-206,193],[357,142],[-579,0],[3291,1074],[56,285],[8370,563],[5564,-139],[151,159],[-137,105],[687,105],[-412,105],[647,230],[2850,-125],[-634,213],[801,72],[-854,142],[468,281],[-154,122],[-4515,637],[-151,122],[193,71],[-415,37],[138,105],[-151,88],[-2078,299],[645,196],[-1486,-71],[979,193],[-1420,88],[-592,159],[-124,265],[-812,88],[-108,108],[576,210],[-524,143],[854,210],[-1129,105],[468,71],[-150,193],[3399,301],[-520,143],[468,71],[-524,139],[151,125],[-1748,88],[-497,281],[193,105],[-523,109],[357,176],[-577,352],[318,160],[1155,-495],[703,-17],[-359,-142],[359,-105],[-428,-88],[1708,-143],[261,126],[-853,139],[1694,17],[426,196],[-799,139],[1296,108],[-415,68],[261,126],[1600,-143],[-209,193],[2630,231],[-481,196],[1349,105],[-96,122],[1378,0],[-815,193],[1515,390],[-412,71],[193,105],[-249,142],[413,106],[-95,125],[1419,227],[-317,264],[1306,88],[-151,197],[1158,-71],[1528,440],[-1901,776],[1584,688],[1377,71],[442,-281],[1100,-72],[-648,-193],[854,-318],[441,-281],[-95,-126],[701,-17],[-2121,-71],[262,-193],[4463,-566],[2091,-704],[827,0],[978,230],[328,210],[-26,247],[579,177],[111,176],[-524,142],[688,318],[-193,177],[206,88],[1377,210],[13,264],[482,159],[539,-51],[-154,194],[3197,423],[936,-71],[-429,-125],[592,-156],[717,139],[-151,-122],[413,-38],[-357,-138],[150,-126],[4627,779],[1197,-267],[-1570,0],[1695,-298],[2974,423],[150,-125],[-523,-71],[2411,125],[2300,-230],[-153,-122],[3857,-72],[6609,282],[714,284],[11677,1410],[13879,142]],[[563398,972417],[-262,-17],[-39,54],[261,17],[40,-54]],[[562959,972488],[-264,-17],[-40,54],[262,17],[42,-54]],[[563123,973477],[-304,34],[262,21],[42,-55]],[[449021,942050],[4296,-281],[481,-302],[-138,-105],[413,-71],[-2025,-159],[-206,-122],[415,-71],[-1584,-302],[-484,125],[854,210],[-2339,105],[1900,285],[-978,407],[-5440,155],[703,197],[2643,-71],[442,210],[1047,-210]],[[443511,941626],[-206,122],[1018,-67],[-812,-55]],[[449957,942050],[-262,51],[301,0],[-39,-51]],[[446652,942260],[40,-51],[-854,0],[814,51]],[[453922,941697],[-262,51],[302,0],[-40,-51]],[[459318,943039],[42,-54],[-579,0],[537,54]],[[460090,943249],[-262,54],[304,0],[-42,-54]],[[469287,943530],[-151,55],[249,0],[-98,-55]],[[447421,942331],[43,-51],[-579,0],[536,51]],[[419113,947274],[-151,51],[249,0],[-98,-51]],[[416414,947484],[-317,54],[854,0],[-537,-54]],[[421426,950096],[-261,55],[304,0],[-43,-55]],[[468956,943602],[-261,54],[304,0],[-43,-54]],[[453742,947891],[-42,-54],[-262,17],[43,54],[261,-17]],[[478540,951086],[-262,51],[304,0],[-42,-51]],[[468132,952566],[-154,55],[249,0],[-95,-55]],[[419610,959556],[936,0],[206,-125],[-579,-353],[1309,-17],[1211,-284],[-151,-122],[317,-160],[3344,-230],[-647,-193],[9131,-88],[-746,-281],[635,0],[-317,-265],[-2919,-427],[4515,72],[9970,708],[4901,-780],[4187,-210],[4228,-935],[-1750,-122],[4901,-423],[428,-268],[-690,-139],[592,-159],[1047,139],[1763,-491],[2258,0],[867,-197],[-357,-139],[923,51],[-153,-122],[1020,-423],[-1073,-248],[246,-176],[-468,-34],[153,-196],[-1914,-441],[907,-34],[-1237,-318],[-772,-637],[26,-247],[-592,-227],[-3469,-566],[-1472,-441],[-16,-264],[-1430,-142],[206,-193],[-1528,-583],[-1819,-71],[-1211,-214],[96,-122],[-645,-230],[-497,71],[-220,-352],[-1089,-159],[1145,16],[-16,-193],[-2683,-792],[-8759,-495],[-1322,-142],[-592,-227],[98,-126],[-5948,-281],[-6501,68],[-3027,494],[-3085,72],[206,-194],[-756,-88],[-1034,265],[2300,17],[207,125],[-854,139],[2009,37],[-3276,281],[138,105],[-151,160],[812,-51],[-524,139],[138,105],[-151,159],[2022,-193],[56,176],[-357,176],[138,105],[-746,38],[196,71],[-98,122],[4185,352],[1033,-369],[-428,-126],[2866,-281],[703,159],[-196,177],[222,213],[635,139],[-746,37],[193,105],[-248,142],[634,139],[-166,285],[-688,176],[96,122],[-3194,566],[-55,210],[-550,-210],[-648,159],[-124,264],[-1927,353],[-1156,-281],[-483,159],[97,122],[-1433,0],[-824,-353],[-1158,0],[-4957,495],[-2863,-142],[95,122],[-1087,159],[-660,-210],[-1103,71],[-1034,369],[154,126],[-1198,-21],[976,-264],[-4791,285],[-206,122],[965,142],[-3278,386],[701,126],[-2477,139],[811,230],[-468,71],[360,142],[-415,68],[209,125],[4404,353],[1528,725],[-138,105],[193,71],[-579,105],[141,105],[-249,142],[151,89],[-5935,1077],[3841,755],[923,407],[-1349,213],[2134,299],[206,88],[-246,142],[190,247],[-2683,231],[481,403],[-1033,373],[-1653,-214],[-2738,159],[1197,265],[9419,-210],[881,352],[2149,210],[5507,142],[1982,285],[1267,-142],[-481,193],[1142,88],[827,-139]],[[434481,957154],[-262,54],[301,0],[-39,-54]],[[434203,957296],[-262,54],[304,0],[-42,-54]],[[440923,958214],[2078,-125],[-4103,0],[2025,125]],[[484874,954403],[-703,122],[1131,71],[-428,-193]],[[482119,954613],[42,-51],[-634,0],[592,51]],[[484049,954684],[701,54],[-1129,-108],[428,54]],[[487092,956361],[-1007,-197],[-481,339],[1678,-71],[-190,-71]],[[485038,956801],[42,-54],[-909,0],[867,54]],[[476832,957720],[1034,-231],[-151,-122],[481,88],[-95,122],[769,-139],[-756,-125],[687,-176],[-206,-264],[1473,-336],[-1584,264],[-991,-281],[-661,139],[153,-193],[-2025,-512],[-3069,17],[907,353],[-27,247],[688,108],[-413,105],[2025,722],[2023,20],[-1624,244],[1362,-50]],[[481998,957455],[-265,-17],[-39,51],[261,17],[43,-51]],[[474244,957438],[-151,51],[249,0],[-98,-51]],[[480578,957506],[-262,54],[304,0],[-42,-54]],[[474410,957577],[-261,54],[301,0],[-40,-54]],[[484157,958072],[-425,-88],[370,-122],[-1266,-214],[-3953,-54],[759,407],[2533,352],[1488,0],[494,-281]],[[484641,958512],[-1515,177],[1417,88],[-317,-193],[415,-72]],[[402371,947908],[8631,-302],[-481,-264],[1156,285],[4021,-72],[-976,-477],[3950,-298],[153,-126],[-1076,-34],[415,-105],[-468,-213],[976,-17],[592,-159],[-82,-319],[743,-71],[-3675,-579],[-330,-285],[-2755,214],[-2038,-214],[-2863,705],[-5674,566],[-758,264],[1131,213],[-428,231],[-1927,-143],[-593,160],[138,105],[-412,176],[193,71],[-249,142],[137,105],[-578,105],[359,143],[-248,176],[536,88],[2480,-71]],[[401874,946708],[-164,-142],[-373,88],[537,54]],[[398900,947061],[-262,54],[304,0],[-42,-54]],[[398680,947342],[-261,54],[304,0],[-43,-54]],[[414653,947555],[-261,51],[301,0],[-40,-51]],[[411349,950449],[-154,54],[249,0],[-95,-54]],[[400938,951367],[-262,51],[304,0],[-42,-51]],[[399397,951367],[-262,51],[302,0],[-40,-51]],[[398736,951509],[-153,51],[248,0],[-95,-51]],[[402424,953132],[42,-54],[-634,0],[592,54]],[[409847,967267],[495,105],[-854,-247],[359,142]],[[392278,991617],[-360,34],[317,20],[43,-54]],[[406170,992518],[-262,51],[304,0],[-42,-51]],[[409033,993081],[42,-51],[-357,0],[315,51]],[[373056,993629],[-138,72],[468,-109],[-330,37]],[[391135,998447],[757,-125],[-1846,-105],[484,-122],[-1488,139],[-1253,-336],[2244,-17],[-95,-121],[426,-89],[-98,122],[264,88],[2808,72],[261,88],[-97,122],[1157,-139],[386,423],[3691,68],[206,-122],[-1073,-142],[1361,-298],[3580,-143],[1253,-227],[-151,-125],[1652,-71],[2808,-847],[608,71],[-98,-125],[468,-34],[-193,-71],[140,-105],[-523,-72],[907,-247],[-246,-247],[632,-105],[-357,-176],[647,-302],[936,71],[-153,-88],[137,-105],[-645,54],[96,-125],[-193,-71],[853,-68],[-631,-176],[301,-180],[-579,-176],[206,-193],[-2683,-159],[1858,-51],[-150,-125],[412,-177],[-206,-122],[-2575,-372],[373,-265],[-2522,-230],[209,-193],[-5840,-566],[-4352,0],[-261,-88],[97,-122],[-2202,281],[-5068,-139],[-935,282],[-3347,227],[95,125],[-3469,-214],[151,126],[-370,159],[-1806,159],[815,-88],[219,281],[-3524,282],[-153,125],[523,34],[-370,196],[-1544,-142],[703,193],[-1142,17],[318,197],[-540,227],[-1308,-51],[856,105],[-1184,671],[907,210],[-632,176],[1404,142],[-1515,37],[137,105],[-301,143],[190,34],[-137,105],[248,352],[-468,37],[193,248],[-304,105],[1253,477],[3635,353],[111,210],[5563,142],[3360,705],[2850,88],[-468,71],[261,122],[3085,-68]],[[435469,958072],[-867,122],[1076,-68],[-209,-54]],[[427541,958282],[-1145,54],[1460,71],[-315,-125]],[[450232,960047],[-262,54],[301,0],[-39,-54]],[[448304,960542],[-153,54],[248,0],[-95,-54]],[[446760,962730],[43,-54],[-635,0],[592,54]],[[441584,963225],[426,-54],[-799,-71],[373,125]],[[431010,969154],[-262,54],[304,0],[-42,-54]],[[443511,974446],[-261,55],[304,0],[-43,-55]],[[484985,958638],[-262,51],[302,0],[-40,-51]],[[453261,959271],[-262,54],[302,0],[-40,-54]],[[486362,959908],[-264,51],[304,0],[-40,-51]],[[454636,987013],[-370,50],[1018,0],[-648,-50]],[[443897,976706],[-261,54],[304,0],[-43,-54]],[[444447,977482],[-261,54],[304,0],[-43,-54]],[[441143,981012],[-164,-142],[-759,88],[923,54]],[[445592,981172],[-317,-17],[-43,51],[318,16],[42,-50]],[[486746,955531],[-262,54],[304,0],[-42,-54]],[[505375,958760],[413,-105],[-1843,176],[2120,71],[-690,-142]],[[510856,959644],[-262,-20],[-40,54],[302,-34]],[[487903,960684],[-261,54],[304,0],[-43,-54]],[[519902,999857],[4021,0],[-1142,-193],[4211,-319],[-576,-71],[-111,-176],[249,-139],[-429,-159],[3141,71],[-373,-197],[867,-511],[992,71],[-151,-122],[1018,-176],[-1018,-248],[756,-17],[428,-230],[-193,-105],[579,-108],[-579,-72],[151,-122],[1708,72],[-206,-126],[2284,-457],[-3112,-105],[1253,-302],[1600,143],[259,-160],[-151,-122],[759,-20],[-428,-193],[1142,-17],[-577,-71],[-68,-264],[-868,193],[328,-248],[2081,55],[-151,-126],[357,-176],[-2231,-600],[3664,-34],[-1296,-71],[1145,-335],[-1969,-230],[1142,-336],[-3125,-156],[219,-179],[4339,-441],[177,-335],[468,-34],[-357,-247],[1472,-441],[606,71],[372,-230],[-150,-125],[1871,-68],[429,-268],[-579,-68],[756,-230],[1983,71],[-1584,-125],[2451,-176],[-4048,-919],[2025,21],[262,-197],[-304,-210],[745,-247],[-415,-176],[799,-248],[-246,-105],[1914,-301],[-484,-126],[799,-33],[-577,-105],[756,-17],[262,-197],[-468,-139],[579,-108],[-4119,-1322],[2699,424],[331,352],[592,-54],[69,268],[2257,352],[3913,-352],[151,-126],[-524,-71],[923,-159],[1872,142],[68,-264],[579,-142],[-1403,-210],[1308,-373],[1597,71],[-978,-264],[1129,-247],[-151,-122],[3799,-424],[811,-301],[-3180,-617],[1377,-71],[220,213],[3252,281],[3965,-565],[-153,-122],[523,-109],[-151,-122],[482,88],[-96,193],[2039,-281],[2532,143],[-206,-126],[798,-281],[-2064,-213],[1142,-299],[1266,72],[154,-126],[-648,54],[150,-193],[-412,-108],[743,-315],[-3291,-231],[428,-125],[-799,-139],[3786,-20],[1142,-332],[-4875,-356],[3115,-244],[-373,-196],[2477,142],[-370,-193],[922,51],[2520,-546],[-867,-301],[-154,88],[154,125],[-1322,281],[-428,-230],[372,-122],[-1253,17],[1253,-369],[812,88],[-1417,-231],[-2810,210],[330,-281],[1750,-51],[-2136,-230],[-922,17],[798,352],[-645,54],[-330,-352],[-1819,0],[-386,-352],[-992,281],[-1816,-71],[-1197,-370],[412,-71],[-151,-196],[-2257,-492],[-4558,160],[521,67],[111,177],[-151,88],[-3072,-156],[304,-214],[-150,-122],[1760,-71],[154,-88],[-154,-125],[939,71],[2133,-512],[-854,-281],[413,-71],[-249,-71],[193,-139],[-151,-196],[-2300,-160],[373,-264],[1486,142],[883,-142],[-153,-88],[153,-122],[1253,51],[-1145,-407],[-1927,-139],[373,-125],[-703,-227],[-1928,-142],[704,-122],[-1034,-231],[-1198,-17],[1970,-406],[1211,71],[150,-88],[-150,-126],[811,-88],[-370,-193],[1322,210],[-867,-511],[412,-105],[-743,-143],[1293,-210],[-1293,-213],[2134,-88],[923,-369],[-413,-143],[108,-105],[910,-176],[-413,-142],[193,-139],[-193,-109],[413,-33],[-193,-106],[1073,-37],[-1515,-281],[1034,-54],[206,-159],[-193,-105],[413,-34],[-1512,-282],[962,-213],[-743,-142],[412,-71],[-386,-458],[-1253,-159],[-1692,-688],[5052,126],[-370,-197],[1293,-210],[-2837,-285],[1185,-315],[-151,-125],[1597,0],[1142,-298],[-151,-197],[-9416,-1762],[-3802,-284],[-17956,-776],[-15751,71],[-9416,-1199],[206,-197],[-262,-88],[-4296,0],[-935,-352],[-2975,-353],[-7878,-142],[-2477,-562],[-3304,281],[-151,88],[108,176],[690,143],[-1253,-55],[151,126],[-481,159],[-262,-125],[907,-353],[-3937,105],[1460,-704],[-579,-214],[579,-176],[-1914,-298],[317,-478],[-1750,-369],[-494,-424],[-1473,-159],[206,-193],[-3304,-495],[-2974,0],[-207,-125],[413,-71],[-2520,-298],[-1266,-495],[-1819,71],[-386,-285],[-2038,-281],[-7201,725],[922,407],[-2202,-214],[-536,336],[1789,210],[-3621,230],[-1034,231],[153,122],[-3072,443],[471,68],[-265,197],[-1816,-71],[429,122],[-1846,460],[907,210],[-412,72],[97,122],[-1982,-139],[95,122],[-524,105],[923,196],[-3360,71],[151,122],[-632,-34],[317,193],[-1047,-142],[481,126],[-5382,440],[-331,213],[-4406,-71],[-4061,441],[151,122],[-5177,0],[-1364,372],[3069,475],[8317,0],[3966,-210],[1708,-424],[275,210],[1541,-491],[2205,-214],[867,89],[-524,176],[965,105],[-415,108],[635,315],[-318,197],[-2807,-71],[-867,335],[1181,210],[-867,-51],[-494,281],[-2038,-71],[206,-193],[-648,-159],[-5713,793],[756,125],[-95,-125],[373,-88],[481,301],[-1184,143],[95,122],[-1087,-478],[-55,247],[193,71],[-249,143],[413,599],[-82,248],[523,33],[-468,105],[1074,-105],[-1018,214],[206,264],[-14484,424],[-5563,-566],[-2136,301],[1515,210],[-26,248],[592,511],[-7051,-1128],[-648,369],[3059,919],[439,281],[-246,176],[357,108],[-82,248],[426,159],[1322,-142],[-207,193],[481,88],[-150,-122],[1033,-230],[593,230],[-579,139],[481,335],[3965,-139],[2575,227],[-206,197],[3691,68],[1485,-420],[883,0],[550,281],[661,-353],[991,-71],[1528,441],[-867,193],[3580,142],[1433,-423],[4185,-353],[483,298],[-140,319],[1407,247],[-2575,-17],[425,122],[-3180,302],[-1486,-281],[-5784,985],[-2533,-71],[96,126],[-910,139],[635,318],[-82,247],[576,177],[-40,264],[4296,708],[7876,562],[1707,-139],[-97,122],[579,214],[-1515,244],[1073,142],[-190,285],[190,105],[-468,34],[-53,247],[3014,373],[2205,-214],[537,478],[-746,68],[1406,247],[-1239,142],[536,265],[-1086,16],[687,38],[-579,105],[360,176],[-524,247],[524,71],[108,282],[-576,176],[743,108],[-138,105],[246,176],[-907,177],[592,-55],[645,265],[-742,71],[1514,389],[-357,248],[2396,457],[661,352],[-304,356],[261,122],[1983,71],[991,495],[2300,512],[-95,122],[3799,213],[317,264],[-579,139],[1735,109],[-357,247],[523,34],[167,318],[-524,282],[413,142],[-1901,-71],[1790,247],[549,634],[-467,108],[415,139],[-2906,-51],[-2149,-637],[-1584,-159],[979,-403],[-2919,-143],[-1695,-230],[98,-122],[-3746,-142],[-1211,352],[-317,-230],[249,-176],[-593,-89],[-6170,-281],[-262,302],[193,105],[-592,298],[-1086,17],[854,427],[-262,193],[3952,369],[-3497,214],[317,264],[1528,51],[-1459,-139],[536,-126],[1653,285],[1927,-71],[261,122],[-798,71],[1473,230],[0,282],[1266,-72],[-206,197],[523,71],[-359,210],[428,159],[1488,72],[206,-89],[-359,-352],[206,-125],[992,142],[-757,88],[1018,353],[-314,193],[-2961,477],[2683,299],[428,159],[-412,105],[645,230],[5385,725],[-98,122],[6831,0],[1322,-210],[-428,122],[1129,105],[-4542,214],[851,71],[-536,122],[-1983,-71],[-315,159],[151,125],[-1750,159],[262,265],[-2739,-55],[523,105],[-536,160],[1031,88],[-426,125],[1584,17],[-910,281],[413,143],[-413,247],[1142,369],[2480,-139],[4571,424],[2424,-356],[3357,0],[484,197],[-3056,105],[-111,105],[2837,142],[-2081,159],[-206,88],[193,68],[-249,142],[193,71],[-108,105],[-965,143],[2231,-71],[-647,-407],[772,214],[3193,-143],[1970,302],[-592,335],[-1529,227],[482,197],[6609,-71],[-98,121],[592,302],[2192,-88],[-1021,-214],[138,-105],[-701,-369],[1377,210],[-153,-122],[468,-37],[-193,-71],[153,-122],[2203,-281],[-1142,650],[193,71],[-193,176],[1583,512],[2408,302],[-425,335],[1760,-71],[1806,-583],[-415,-142],[209,-122],[1044,0],[-923,-264],[1185,-248],[-524,-71],[429,-264],[661,281],[1432,-71],[-153,-88],[153,-122],[2203,142],[-151,-125],[1858,-17],[-261,-264],[647,54],[-372,-159],[372,-126],[370,264],[-962,319],[191,105],[-315,159],[-1102,214],[-1872,-143],[151,126],[-193,139],[1570,37],[-1129,68],[412,176],[-481,301],[3027,353],[-425,125],[2617,457],[-1309,407],[3966,424],[261,122],[-467,71],[578,37],[-29,244],[468,108],[-95,122],[1816,566],[2150,281],[661,353],[824,0],[883,423],[992,-68],[370,227],[-138,105],[756,231],[3128,159],[-1296,142],[154,193],[3854,-71],[1528,373],[-373,122],[1544,-213],[1047,355],[2202,-142],[3125,302],[-5824,121],[-2368,-352],[-1322,352],[-5837,214],[150,122],[-1073,176],[151,122],[-2078,-51],[687,210],[-206,126],[-1322,0],[317,-231],[-261,-122],[-812,88],[576,68],[-357,251],[979,156],[108,284],[2686,17],[-965,143],[648,121],[1321,0],[-756,-193],[1142,-88],[-150,193],[523,34],[-373,126],[9473,352],[3415,-142]],[[491539,990963],[206,-51],[-579,-71],[373,122]],[[490933,991105],[206,-54],[-579,-68],[373,122]],[[491924,992376],[40,-54],[-687,0],[647,54]],[[528439,961036],[-262,55],[304,0],[-42,-55]],[[530588,961673],[-2205,-426],[-2575,91],[2797,545],[1983,-210]],[[512014,997228],[-43,-51],[-317,17],[42,51],[318,-17]],[[512619,997265],[-317,-20],[-43,54],[360,-34]],[[492805,992799],[-648,55],[910,67],[-262,-122]],[[494883,993453],[-357,34],[317,17],[40,-51]],[[501492,998817],[-357,37],[317,17],[40,-54]],[[434920,981931],[42,-55],[-635,0],[593,55]],[[436022,982564],[439,214],[539,-160],[-978,-54]],[[435636,983059],[-262,54],[304,0],[-42,-54]],[[437069,983201],[-262,51],[301,0],[-39,-51]],[[439326,983272],[-261,51],[301,0],[-40,-51]],[[438885,983411],[42,-51],[-690,0],[648,51]],[[437838,983340],[-262,54],[304,0],[-42,-54]],[[440030,983499],[-318,-17],[-42,54],[317,17],[43,-54]],[[439202,983604],[-468,71],[799,-105],[-331,34]],[[452724,987101],[-111,105],[468,-71],[-357,-34]],[[450395,987436],[43,-54],[-690,0],[647,54]],[[450562,987646],[262,-122],[-635,0],[373,122]],[[450327,988158],[-357,37],[317,17],[40,-54]],[[447588,988422],[-262,54],[302,0],[-40,-54]],[[449460,988283],[-40,193],[481,159],[648,-16],[-1089,-336]],[[448360,988564],[-265,55],[304,0],[-39,-55]],[[449888,988757],[-42,-50],[-262,17],[42,50],[262,-17]],[[450506,988988],[43,-54],[-690,0],[647,54]],[[451003,989201],[701,51],[-1184,-105],[483,54]],[[462678,990116],[42,-51],[-304,0],[262,51]],[[471423,991407],[-264,-20],[-40,54],[304,-34]],[[473033,991529],[42,-54],[-1076,0],[1034,54]],[[410342,995781],[-262,-17],[-40,54],[262,17],[40,-54]],[[382144,997827],[-261,-17],[-43,55],[262,16],[42,-54]],[[391244,998163],[-220,-139],[-261,17],[481,122]],[[401036,998146],[-42,-51],[-318,17],[43,51],[317,-17]],[[400444,998234],[-553,-139],[-425,88],[978,51]],[[393007,998515],[867,-122],[-867,-230],[-1197,406],[1197,-54]],[[393930,998535],[-262,-20],[-42,54],[304,-34]],[[698845,916287],[-208,51],[248,0],[-40,-51]],[[702687,917680],[55,-105],[-304,71],[249,34]],[[703139,917981],[-207,51],[249,0],[-42,-51]],[[703691,918262],[-537,126],[907,-71],[-370,-55]],[[650763,916145],[-207,54],[249,0],[-42,-54]],[[653570,916145],[-206,54],[249,0],[-43,-54]],[[657591,922640],[-206,51],[249,0],[-43,-51]],[[657866,922921],[-206,54],[248,0],[-42,-54]],[[699781,918476],[-206,51],[246,0],[-40,-51]],[[704352,921440],[-206,51],[248,0],[-42,-51]],[[704558,921596],[-261,-17],[-43,54],[262,17],[42,-54]],[[704778,922267],[55,-105],[-301,71],[246,34]],[[703472,922640],[-209,51],[248,0],[-39,-51]],[[703580,922779],[-206,54],[248,0],[-42,-54]],[[713163,924334],[43,-54],[-579,0],[536,54]],[[719442,925249],[-648,196],[592,-54],[56,-142]],[[751208,922514],[-206,-17],[-42,55],[206,17],[42,-55]],[[756659,922623],[-39,-54],[-262,17],[40,54],[261,-17]],[[758203,922799],[-206,-20],[-42,54],[248,-34]],[[748673,922799],[-206,-20],[-40,54],[246,-34]],[[748247,922921],[42,-54],[-798,0],[756,54]],[[746870,923131],[-648,-122],[1296,176],[-648,-54]],[[741088,924473],[-262,54],[632,-105],[-370,51]],[[739822,924967],[-124,-193],[-360,142],[484,51]],[[738815,927386],[-207,-20],[-39,54],[246,-34]],[[739655,927722],[151,-126],[-357,72],[206,54]],[[739325,927722],[-206,51],[248,0],[-42,-51]],[[658707,923785],[579,37],[-688,-176],[109,139]],[[659741,923839],[-207,51],[249,0],[-42,-51]],[[660015,924615],[-206,54],[249,0],[-43,-54]],[[667560,929555],[43,-51],[-579,0],[536,51]],[[718726,925675],[206,-125],[-521,0],[315,125]],[[722583,926661],[95,-122],[-632,68],[537,54]],[[708429,926732],[-209,55],[248,0],[-39,-55]],[[719112,928708],[-207,54],[249,0],[-42,-54]],[[722953,929643],[-206,-17],[-40,54],[206,17],[40,-54]],[[715313,933580],[-207,51],[246,0],[-39,-51]],[[700001,936754],[-220,-139],[-317,89],[537,50]],[[671967,930263],[-206,51],[249,0],[-43,-51]],[[626404,935433],[-259,-17],[-42,51],[261,17],[40,-51]],[[626639,936687],[151,-126],[-357,71],[206,55]],[[634613,937056],[-262,-17],[-42,51],[261,17],[43,-51]],[[632974,937815],[2519,-264],[-2300,-864],[-1763,-214],[-645,302],[743,352],[-193,139],[193,108],[-743,105],[798,72],[-359,71],[111,176],[1033,227],[606,-210]],[[629103,940125],[-39,-54],[-262,21],[301,33]],[[635837,942189],[150,-51],[-1086,-369],[-2245,155],[593,336],[922,-88],[-151,-122],[1267,281],[550,-142]],[[634832,942348],[-206,-17],[-42,54],[206,17],[42,-54]],[[634034,950080],[412,-109],[-632,0],[220,109]],[[633291,950113],[-209,-17],[-40,55],[249,-38]],[[632849,950290],[-42,-51],[-262,17],[43,51],[261,-17]],[[611534,957313],[-259,-17],[-43,54],[262,17],[40,-54]],[[613519,957767],[-304,-30],[40,54],[264,-24]],[[606757,958424],[-207,54],[249,0],[-42,-54]],[[569085,967037],[206,-55],[-524,-71],[318,126]],[[563784,968890],[-262,-20],[-42,54],[304,-34]],[[565711,970018],[-261,-17],[-43,54],[265,17],[39,-54]],[[565986,970723],[-261,-17],[-40,54],[262,17],[39,-54]],[[565891,971201],[206,-126],[-412,71],[206,55]],[[579921,980182],[-301,34],[261,21],[40,-55]],[[576561,980819],[-262,-20],[-40,54],[302,-34]],[[575075,981805],[-262,-17],[-42,54],[262,17],[42,-54]],[[576741,982141],[481,-194],[-262,-16],[-219,210]],[[560823,978048],[42,-54],[-634,0],[592,54]],[[561415,978065],[-301,34],[262,20],[39,-54]],[[558608,986216],[-360,-33],[43,54],[317,-21]],[[554434,987223],[264,-122],[-471,71],[207,51]],[[576796,982283],[40,-54],[-357,0],[317,54]],[[575844,982866],[-259,-17],[-42,51],[262,16],[39,-50]],[[576230,983289],[-261,-17],[-40,51],[262,17],[39,-51]],[[548253,990451],[-357,-33],[39,54],[318,-21]],[[547756,990699],[-259,-17],[-43,54],[262,17],[40,-54]],[[544123,991407],[-264,-20],[-40,54],[304,-34]],[[536081,993277],[-42,-54],[-317,17],[42,54],[317,-17]],[[536631,994582],[-262,-17],[-39,54],[262,17],[39,-54]],[[539219,995357],[-261,-17],[-40,55],[262,17],[39,-55]],[[538503,995357],[-259,-17],[-42,55],[261,17],[40,-55]],[[538022,995693],[-95,54],[468,-105],[-373,51]],[[536700,996116],[481,-193],[-259,-17],[-222,210]],[[535862,996276],[-304,33],[262,21],[42,-54]],[[533945,996398],[-95,54],[468,-105],[-373,51]],[[534442,997034],[206,-54],[-523,-68],[317,122]],[[533395,997245],[-536,196],[1073,0],[-537,-196]],[[532954,997600],[42,-54],[-743,0],[701,54]],[[532116,997651],[-304,-34],[42,54],[262,-20]],[[532679,997953],[42,-55],[-359,0],[317,55]],[[532005,998322],[441,-71],[-690,0],[249,71]],[[531413,998515],[-1362,125],[1679,72],[-317,-197]],[[531468,998871],[42,-54],[-359,0],[317,54]],[[530519,998359],[-42,-54],[-262,17],[42,54],[262,-17]],[[529803,998569],[-43,-54],[-261,20],[304,34]],[[529760,998800],[43,-55],[-360,0],[317,55]],[[526992,998922],[-301,-34],[40,54],[261,-20]],[[527614,999575],[95,-54],[-357,0],[262,54]],[[524679,999630],[-39,-55],[-262,17],[40,55],[261,-17]],[[525134,999789],[42,-54],[-359,0],[317,54]],[[380201,728837],[6300,-51]],[[386501,728786],[6686,-2687],[2871,-3862],[1673,-3961],[2684,-3808],[5012,-3330],[5808,-2125],[1438,-2422],[1917,-2426],[4283,-2050],[214,-1884],[-2464,-572],[217,-1315],[2350,-603],[637,-945],[4140,-166],[3397,-2162],[1613,-1714],[8377,-217],[9269,-728],[1758,-1555],[-434,-2101],[3199,-5455],[8463,-8450],[475,-2805],[-1099,-1965],[-3009,-3368],[1795,-1643],[3083,-207],[1068,-1145],[-611,-3411],[1134,-3676],[2197,-3063],[2004,-2070],[320,-2894],[-3202,-3266],[-4996,-3571],[-1978,-654],[-2307,-44],[1231,-2941],[3191,-2066],[434,-1356],[2162,-115],[376,-1355],[-2263,-915],[-241,-1572],[2742,-3239],[-637,-1338],[-1351,-1155],[565,-1376],[207,-1389],[-2655,-2338],[-6170,-267],[-3701,657],[-4952,-590],[-6381,-84],[-12407,-2358],[-8399,-2697],[674,-2020],[1996,-2253],[4751,-3378],[-584,-2087],[-4278,-2615],[-869,-1518],[565,-1711],[2176,-2768],[2882,-1484],[4177,-661],[2268,-867],[3463,-2887],[1412,-1944],[2485,-2223],[5165,-1741],[5288,-1118],[17863,-2399],[5097,-1216],[3339,-1305],[2067,-2446],[262,-3649],[735,-1267],[2019,-935]],[[479187,569480],[-15,-1071]],[[479172,568409],[1853,-1165],[177,-1264],[-2049,-2067],[-4362,-742],[-3508,1122],[-3656,210],[-4619,1033],[-7167,288],[-5546,-762],[-4592,-2433],[-2284,-2880],[-2395,-4035],[-13470,-6386],[-6352,-3473],[-1507,-3358],[-3931,-4313],[-7334,-4750],[-6284,-1958]],[[402146,531476],[-3143,203],[-3669,-897],[-3863,-478],[-7566,-302],[-11727,1725],[-3445,1094],[-1797,115],[-3749,-1409],[-4954,403],[-3731,-1260],[-4478,1118],[-941,1962],[-2691,-780],[-936,-2802],[-3960,-1047],[-5240,285],[-2958,1443],[-2089,-460],[-3413,-1268]],[[327796,529121],[-2855,1322],[-2136,-908],[-5092,-515],[-2463,1443],[-3128,-223],[-3299,-1877],[-4724,284],[-2327,-820],[-3923,1643],[-4444,3792],[-6532,3273],[-6387,8226],[-5512,7680],[-4384,536],[-4777,-1213],[-10328,-197],[-4132,-664],[-2287,-4997],[-3442,-820],[-61,-2192],[-3059,-20],[-505,-1545],[-1771,-2863],[3305,-2606],[-2041,-2097],[-4553,-1087],[-145,-875],[-2297,-1023],[-1338,-2439],[2366,-583]],[[235525,527756],[1145,-661],[-2987,-1233],[-3041,-2321],[-4200,-81],[-2388,3524],[-4901,938],[-211,3469],[-3009,749],[-1895,2633],[-5893,2656],[-8280,-102],[-386,2341],[-2268,2745],[-3371,1873],[286,1915],[-3075,250],[-2057,1688],[-2961,-377],[-1702,1732],[5488,3408],[-1591,2067],[-2232,71],[-819,407],[121,1866],[-1033,1339],[-5491,1795],[-2763,1725]],[[176011,562172],[801,1186],[-82,1013],[-1395,2822],[-199,1697]],[[175136,568890],[3159,-1152],[3707,-670],[8769,40],[3154,-559],[5052,-2683],[3981,-112],[2308,319],[367,1639],[-2408,1650],[1528,1081],[4063,275],[10266,2090],[1945,2046],[1150,2430],[593,4685],[-45,5919],[1110,3632],[1882,2609],[3725,2361],[-833,1661],[-2001,1433],[-574,860],[6625,4886],[1687,2226],[-309,2646],[-1610,2314],[-6041,3290],[8137,1057],[4190,898],[5071,542],[13935,2365],[7531,1860],[3971,1877],[1110,2520],[-748,2596],[-3571,2300],[732,1179],[1285,1386],[-27,2124],[-1707,1897],[-3260,1559],[-4788,1098],[-1607,1744],[5689,986],[11526,282],[4217,-217],[-153,-1247],[6003,-159],[3620,-380],[1065,-1203],[436,-1572],[6429,-2571],[4928,484],[6104,136],[5666,-1677],[2408,169],[2678,2141],[2385,1393],[9620,1863],[3056,1403],[1192,2236],[3540,742],[2123,1799],[-3357,2080],[-1891,1749],[-2419,1551],[-3458,4347],[-4073,820],[-4080,1545],[-518,1731],[2313,624],[4125,2375],[1475,2141],[2910,2626],[2890,911],[2911,-98],[2802,301],[2260,1403],[-560,1000],[-7437,2710],[-4024,1948],[-1464,3029],[1171,2687],[2017,979],[3815,-3],[2543,1009],[1467,1948],[-2212,3805],[-1922,5197],[-3974,1423],[-2992,2104],[-3191,112],[-5174,691],[-3344,1559],[-4013,-119],[-1753,1139],[-3606,897],[-5945,-220],[-9105,-1480],[-4619,2751],[-7581,-1505],[-9510,617],[-3312,-484],[-2739,-1274],[-2815,-637],[-5481,-498]],[[514337,166878],[-3614,-2927]],[[510723,163951],[-1779,-1077],[-1649,-637],[-5330,1206],[-1322,-132],[-790,-1156],[-3482,431],[-4269,2541],[-1869,74],[-1325,-261],[-523,-833]],[[488385,164107],[-934,1240],[-2619,1474],[380,857],[-565,1325],[-3575,1348],[-1544,1938],[127,2117]],[[479655,174406],[1404,-284]],[[481059,174122],[3474,-31],[1882,241]],[[486415,174332],[806,573],[-853,1494],[-262,1128],[547,251],[2366,-509],[1993,88],[2446,851],[4914,-95],[3916,522],[1824,837],[1996,1402],[3072,590],[2040,-1166],[4434,-1423],[2152,441],[1023,1253],[1544,-145],[34,-1267],[600,-1180],[1351,-555]],[[416298,133540],[-1518,-203]],[[414780,133337],[-1372,1887],[-4330,3090],[1150,1412],[-820,1600],[1938,586],[5224,-905],[1671,156],[536,854],[-507,854],[-2073,1419],[-499,979],[912,766],[481,884],[-664,1023],[-1583,258],[-2118,-508],[-3926,247],[-1308,1179]],[[407492,149118],[-489,2253],[-497,2531]],[[406506,153902],[1128,2751],[1230,861],[1242,1734],[1838,3500],[1546,1823],[370,1962]],[[431512,169684],[708,-1461],[2612,-2510],[251,-1284],[-1506,-685]],[[433577,163744],[-4442,-257]],[[429135,163487],[-618,-458],[314,-813],[1436,65],[1163,-583],[-143,-915],[1615,-1413],[5764,-1995],[1670,-1535],[1748,-539],[5208,-911],[-204,-1132],[323,-748],[1692,-454],[2974,1321],[3035,949],[584,725]],[[260999,330189],[8124,1863],[5993,-2385],[8801,-904],[11960,-1803],[6826,-3259],[3775,-1128],[10678,-1396],[3999,959],[6089,-380],[5591,728],[2572,1566],[6940,-322],[3135,1094],[3604,-677],[9987,-580],[6409,-1721],[5081,-5221],[5213,-4181],[9454,-701],[12224,1396]],[[411716,305138],[-1044,-2321],[-949,-1288],[-336,-1484],[-3066,-1714],[-233,-2534],[-2549,-529],[-1263,-633],[682,-2741],[-1166,-1559],[1932,-640],[2345,-81],[-92,-1190],[436,-1172],[-952,-1853],[-1290,-1416],[-5591,-1637],[-1237,-1789],[-622,-1643],[-745,-3425],[161,-2473],[989,-1840],[4267,-3476],[7640,-4869],[6673,-5522],[2614,-6370],[2411,-4523],[3273,-4638],[1985,-4469],[1549,-1426],[2073,-766],[4608,122],[3598,684],[1594,31],[598,-2284],[3048,-3774],[1557,-1247]],[[444614,228649],[63,-2822]],[[444677,225827],[1409,-607],[1563,116],[1398,-1356],[-201,-1348],[-1329,-2863],[629,-2063]],[[448146,217706],[55,-4035]],[[448201,213671],[-513,-2118]],[[447688,211553],[-1604,-1738],[676,-1037],[1468,-1314],[-508,-786],[-2012,-651],[-3666,-251],[-3149,1491],[-4653,-654]],[[434240,206613],[-1845,1122],[-2369,2605],[-3526,1386],[-4429,494],[-2992,-755],[-2335,-2009],[-1900,-322],[-2885,-4896],[-1721,-2398],[-2202,233],[-3312,2717],[-3437,831],[-3236,1595],[-1573,475],[-1795,-1952],[460,-1670],[-711,-1193]],[[394432,202876],[-2480,-1643]],[[381555,199725],[-442,2735],[-158,2354]],[[361989,205973],[-5128,-688],[-3786,-47],[-1811,-580]],[[351264,204658],[-452,2260],[-1404,1159],[-1668,942],[-2353,461],[-5599,-634],[-3781,915],[-1813,887],[-2800,2369],[-11663,1223],[-3056,884],[-357,2341],[-894,1338],[-1695,1207],[-261,593],[-489,4431],[-860,3415],[421,1023],[2310,2291],[7902,5614],[5721,5837],[3186,800],[4206,1758],[37,1288],[-532,786],[-2152,1233],[-2894,2338],[-579,1436],[156,1396],[-688,769],[-3881,-128],[-5001,-702],[-9198,-644],[-1046,787],[-3511,4099],[-5570,9412],[-1499,352],[-7432,-162],[-111,2974],[-415,1867],[-1224,1579],[-3021,817],[-13372,2100],[-3431,-7],[-12074,-538],[-5948,-688],[-2757,-827],[-2248,-125],[-5083,139],[-16412,-420],[-1372,2398],[-413,1271],[2086,2531],[347,1541],[-786,1881],[418,1487],[1129,359],[1298,1013],[500,705],[235,1176],[1359,1274],[-2488,3791],[-7524,7840],[-1311,2283],[-1412,1156],[-1700,288],[-713,1890],[8269,3812],[28974,10259],[273,538],[169,1728],[-571,1311],[-85,966],[1676,1013],[2158,857],[4377,671],[127,1247]],[[394276,5594],[806,1490],[2768,1274],[1637,1339],[6099,2754],[3444,1176],[1769,-4],[9779,2118],[2215,1999],[1422,1890],[283,1369],[-1250,4655],[-154,3290],[490,2260],[-64,2737],[-666,2054],[-1081,1948],[-2065,8758],[-381,2388],[299,2450],[632,2019],[1687,3548],[6630,1406],[1012,745],[-45,989]],[[429542,60246],[1658,244],[1702,-433],[3109,-3409],[2113,-3595],[1575,-1070],[4214,464],[3342,-1016],[3727,159],[1592,-925],[928,-1132],[-117,-881],[-1623,-1748],[111,-1108],[1438,-2395],[1359,-4147],[119,-1294],[674,-1098],[1222,-708],[1678,-112],[1185,966],[187,1199],[368,556],[3074,-99],[1859,-382],[1798,199],[1678,627],[2953,-274],[693,-1345],[1295,-1369],[1544,-451]],[[474997,35669],[-560,-718],[-1462,-3720],[-2136,-938],[-185,-2538],[-1277,-596],[-2776,-2487],[-82,-3534],[-2821,-1657],[-1089,-4364],[-4766,-731],[-1298,-1013],[-1098,-309],[-1985,-1196],[-1887,-2131],[-1275,-128],[-2622,-2680],[-1346,-55],[-2141,-1629],[-1914,-2111],[-1748,312],[-3048,-119],[-6797,-2077],[-1625,725],[-1891,-88],[-1414,-671],[-867,-98],[-2475,-789],[-3291,-329],[-2691,576],[-748,1650],[-1901,1091],[-3691,-759],[-1435,413],[-2445,1311],[-2073,217],[-6974,-850],[-1560,1674],[-1327,271]],[[440500,108285],[1711,-938],[658,-1491],[-584,-1436],[-717,-773],[-605,-1165],[16,-1976],[1126,-1294],[1171,-522],[2176,1325],[1594,10],[1264,-606],[920,-2213],[388,-2344],[-214,-2399],[-1903,-3340],[-5322,-973],[-4412,-444],[-1676,-1074],[-3939,-1030],[-6464,-3161],[-5880,-708]],[[419808,81733],[-2797,414],[-623,1860],[193,1287],[-1851,2951],[-241,1803],[566,2222],[748,1653],[-444,1257],[-1052,1694],[-1121,912],[-687,1484],[510,1782],[-148,2524],[508,637]],[[327796,529121],[-11270,-10109],[-5377,-3389],[-8806,-2591],[-3508,-2386],[-761,-3503],[462,-4733],[2541,-2426],[1647,-2480],[-6514,-4191],[-5562,-4333],[-4098,-4354],[-6776,234],[-8160,1867],[-1967,2619],[-10353,6085],[-5033,887],[-1489,1600],[1343,2744],[-1221,1694],[-4153,793],[-1407,1263],[3448,1718],[-1108,2185],[1536,2165],[-1288,3714],[-3389,1928],[-2612,1887],[466,2554],[-2557,3351],[1666,1870],[-222,1779],[-1602,894],[-6147,-701]],[[544052,136515],[-521,-1406],[925,-1935],[-1115,-1121],[341,-509]],[[543682,131544],[-354,-877],[-1465,-915],[-1708,-159],[-1168,691],[-767,955],[-40,1539],[-1557,460],[-3680,-1504],[-3521,-1843],[-1264,-210],[-1575,268],[-1663,850],[-703,1077],[-1354,214],[-370,1619],[2192,468],[-204,1318],[-1237,190],[-1645,-1095],[-1118,1274],[891,1369]],[[521372,137233],[423,2422],[-547,4632],[365,2517],[-685,4814],[-957,1254],[-1282,651],[-455,965],[-82,1233],[1229,861],[178,840],[-1661,973],[27,989],[1221,955],[-700,461]],[[518446,160800],[2146,-24]],[[531003,160333],[1988,-1030],[2255,-773],[492,-1186],[-273,-1338],[-938,-932],[-3151,-376],[-2131,-613],[885,-1105],[1825,136],[1781,-359],[-198,-1332],[-2881,-830],[-860,-1148],[-158,-1549],[904,-1382],[3548,-993],[510,-1213],[-1237,-2361],[-172,-993],[1760,-4672],[1634,-522],[2157,-67],[1468,518],[2461,-61],[1380,363]],[[761323,324073],[-8206,936],[-1972,-712],[-2329,180],[-989,1226],[381,1054],[1596,2375],[1705,3256],[-301,1961],[2258,397],[1924,1020],[992,2337],[-85,1833],[-1420,2433],[-1644,8080],[1102,963],[1029,2032],[944,3344],[-2578,5808],[-2464,3296],[-2083,2213],[-4547,684],[-5480,4946],[-3199,3859],[-2353,502],[-1584,-837],[-1734,-1748],[-2852,-1200],[-5867,14],[-4721,610],[-2033,2368],[-1216,823],[-1592,-877],[-959,-1989],[-5227,-674],[-2712,298],[780,1172],[-11,1311],[-1052,3283],[-452,2846],[-1636,2684],[-2255,1263],[-973,1362],[-556,4161],[-2128,-1125],[-637,-1301],[-71,-2134],[-2432,-1789],[-3963,-149],[-2054,945],[-1409,-102],[-1819,-613],[-3802,-315],[-3236,-112],[-3111,281],[-3794,895],[-1980,1694],[-2768,1369],[-3666,128],[-3916,-1182],[-2509,-1531],[-2892,-2020],[-798,-2676],[-1943,-840],[-10112,474],[-2279,1379],[-362,3415],[-949,2416],[-7585,-1823],[1663,-2870],[1933,-1192],[631,-2165],[-1501,-702]],[[425915,404506],[-1255,4035],[-40,1948],[-793,1155],[-3207,34],[-1451,1328],[2456,1962],[1744,888],[1230,1165],[55,1396],[-1213,1535],[-3833,240],[-952,1301],[-3252,864],[640,1007],[-2200,1585],[273,1352],[-4717,1321],[-1877,-847],[-4874,898],[-1674,-1487],[-2781,173],[-1065,1162],[-606,1104],[-4827,790],[-4071,-959],[-1705,457],[980,1413],[-1176,562],[-2818,-281],[-735,657],[2636,1945],[-1661,1366],[-3693,674],[-1084,-1670],[-8,-1993],[-3201,305],[526,1379],[-1993,1460],[-1663,1949],[-3270,78],[705,1270],[2438,915],[-1658,1233],[-2487,-13],[-622,-1176],[-4644,-695],[-2967,403],[244,644],[2284,1034],[-1026,1192],[-3006,959],[-2234,-593],[-267,-711],[-951,-393],[-3678,-224],[-3421,-1301],[-3140,783],[-1438,2364],[898,1955],[2351,1549],[5099,2754],[-203,1948],[1131,1406],[931,2294],[-3329,1901],[2224,718],[761,1657],[-732,718],[-1983,-325],[-1777,1155],[320,1559],[-380,840],[-3831,633],[-2509,1562],[-5877,-210],[-6032,2047],[2990,4241],[9004,7803],[-368,5282],[-1168,4997],[2025,4679],[4216,3483],[4719,769],[12119,-1399],[899,1569],[-1108,2849],[666,2148],[9102,2196],[2520,2781],[3870,2501],[6413,4702],[585,1728],[5372,5306],[5340,4194],[5261,2063],[-265,2975]],[[479172,568409],[31,2138]],[[479203,570547],[4999,2995],[3453,2985],[1959,78],[1631,2043],[1277,81],[1922,1959],[5800,2347],[-4798,4198],[6397,1962],[265,1592],[5898,1064],[4629,2755],[10662,1219],[9467,1657],[4668,2785],[5700,728],[1620,1894],[3881,709],[5745,-217],[4608,1887],[743,1223],[5491,1338],[5308,-247],[4655,969],[3183,2399],[6044,765],[7085,-1924],[3606,-397],[3608,190],[3392,-522],[2847,576],[3947,-711],[4851,803],[-399,1636],[1470,2789],[4092,1870],[9565,-1393],[3598,563],[1401,-1542],[6824,-1053],[-889,-1417],[349,-742],[3566,-836],[262,-1823],[-2049,-1664],[4243,-1673],[4032,1717],[6094,1115],[8718,-1592],[5658,-725],[3156,-986],[5110,1216],[5074,-705],[2590,-1175],[4286,-1196],[-302,-1694],[2692,-1549],[4890,21],[3339,-1596],[5470,-1020],[3482,461],[2926,1853],[3574,454],[3990,-949],[2128,448],[2514,-119],[925,-1562],[2192,-1718],[3122,-1677],[3894,305],[4306,1769],[4410,-27],[4439,986],[2197,1694],[1142,2066],[3024,-369],[2942,-830],[5161,854],[1967,-1020],[2622,-88],[3249,-603],[-806,-1610],[1969,-1860],[2908,1691],[3707,-874],[7854,3689],[-50,2074],[3585,-169],[3140,1853],[2736,-759],[4405,3]],[[800240,602242],[-2099,-1982],[-2506,-640],[-971,-2246],[10178,-8152],[9599,-9273],[1486,-7745],[-714,-15900],[-1279,-9690],[-1888,-8646],[-53,-5259],[-370,-3625],[-1208,-2866],[-2585,-1311],[-2443,613],[-2348,203],[-3148,-1101],[-1618,-1233],[-5615,-407],[-688,-2737],[-1118,-1694],[-2236,-681],[-7178,-200],[-2863,244],[-626,-1064],[4917,-2443],[2850,783],[2987,-312],[539,-1704],[5153,457],[-88,-1772],[-2038,-1714],[1129,-610],[2723,376],[523,-1707],[2152,-1345],[-1086,-2474],[1303,-1866],[214,-2440],[-988,-1667],[-2411,-1507],[-365,-8298],[2709,-593],[4259,-1701],[1407,-2002],[444,-2358],[-508,-5827],[-642,-2555],[521,-1643],[5239,-1606],[2047,-2223],[2149,-1141],[4053,30],[994,-739],[-1809,-992],[-2736,-786],[-928,-2999],[-2205,522],[-3037,-244],[-2839,-1098],[-1507,-1507],[-751,-1267],[2149,-1976],[-2929,-3],[-2749,-2439],[-2943,-539],[-912,-1504],[-3212,-156],[-1052,-1006],[249,-1684],[2025,-935],[26,-1491],[2633,-1183],[-2871,-538],[-1605,1379],[-1406,-153],[-894,-1630],[912,-1345],[-1906,-1487],[-896,-1257],[1047,-1630],[-938,-819],[-3757,81],[1150,-2714],[-1155,-810],[1850,-891],[336,-1436],[1465,-749],[1692,535],[1697,1403],[3550,-546],[413,-1565],[-1142,-1118],[1654,-1165],[3810,952],[6942,467],[1200,742],[-436,1322],[2250,714],[1002,-643],[259,-2026],[1235,-1305],[4692,197],[1507,-1820],[6958,-349],[849,-3052],[3680,-10],[1937,931],[2729,-230],[3198,-1166],[2940,-687],[2104,-1254],[3279,-3],[333,1247],[4092,-1054],[1163,-1664],[503,-1429],[2736,-1403],[750,-888],[-1395,-1917],[-2020,-2179],[-2104,1325],[-6271,-559],[-4177,278],[-4632,-746],[-1036,-2314],[-1941,-738],[-4145,386],[-2337,1718],[-1554,559],[-2921,-2016],[-7170,2426],[-2845,626],[-1118,-616],[1325,-2511],[449,-2121],[-1065,-2188],[-1351,-1369],[-764,-2358],[312,-1925],[-3329,-2612],[1142,-1877],[1914,-996],[1780,-1392],[927,-1190],[-1446,-1389],[-2723,-860],[-2836,1202],[-2187,-647],[-1025,-2154],[2347,-1539],[-621,-2663],[-671,-1097],[-1875,-786],[-3992,-248],[926,-2009],[-156,-2134],[1861,-1417],[3056,-1328],[1594,-2076],[1034,-488],[1025,-1159],[-1208,-1799],[1864,-1511],[3286,-773],[3453,-383],[-162,-908],[-1795,-1057],[341,-1765],[-5440,-3781],[-1708,-759],[-592,-1677],[-2292,-1707],[172,-1108],[1654,-888],[-2051,-5719],[-2377,-844],[-10104,-6393],[378,-1972],[1272,-1165],[-40,-1220],[-2025,-1176],[-1686,-552],[-2800,143],[-2202,-197],[-1248,-1525],[-5398,-2303],[-2668,-1522],[-478,-1318],[-6942,-1518],[-1743,-901],[-639,-627]],[[518081,90295],[584,1599],[-238,1128],[2041,2934],[444,1376],[-1594,1369],[-2112,511],[-1182,2124],[-1560,566],[-1441,1372],[-779,1840],[-238,1864],[-886,1894],[-1636,2347],[-1325,885],[-240,1064],[499,796],[-188,1040],[-568,1291],[-1583,1240],[335,4333],[785,535],[1333,258],[248,505],[-90,1230],[-1118,894],[-4208,667],[-2607,1057],[-666,1322],[772,352],[214,813],[-175,1162],[-864,1559]],[[500038,132222],[-2015,623],[-1084,1237],[302,1098],[534,525],[1435,237],[1769,-58],[1250,-423],[1801,129],[645,1145],[-598,1142],[-1536,1338],[-29,1047]],[[502512,140262],[1470,1070]],[[503982,141332],[4204,715]],[[508186,142047],[2434,-494]],[[510620,141553],[407,-2694],[410,-874],[2099,-789],[1579,538],[1496,1000],[2109,-24],[2652,-1477]],[[543682,131544],[2189,-1057],[187,-735],[-1041,-1389],[885,-1477],[-536,-2511],[2472,-3229],[-587,-667],[-3231,-457],[-893,-990],[-1949,-105],[1356,-3052],[-933,-1481],[357,-2229],[-1782,-1857],[61,-1165],[550,-461],[1351,-1125],[322,-2416],[-906,-2771],[-1838,-2040],[-1842,-4289],[187,-1714],[-2210,-95],[-1856,752],[-1768,139],[-2107,-556],[-3707,783],[-1586,-1369],[-645,-1907],[-983,-1095],[-5118,-684]],[[519075,148830],[-616,-417],[-1002,28],[-791,352],[-105,1142],[698,667],[1795,-383],[378,-762],[-357,-627]],[[515712,160455],[2734,345]],[[510620,141553],[-1512,3134],[-4634,2632],[-5843,2372],[-7412,1186],[-1793,3238],[191,1871],[-598,1263],[-1224,980],[-2517,-65]],[[485278,158164],[1674,1162],[2157,3216],[-724,1565]],[[510723,163951],[1859,1514]],[[429542,60246],[-1203,353],[-888,691]],[[427451,61290],[989,901],[2014,373],[-84,1230],[3040,1395],[-2699,1271],[-685,1145],[1266,522],[257,952]],[[431549,69079],[875,-603],[1401,190],[780,410],[-621,1802],[1784,129],[2292,-1037],[1272,-10],[4195,1945],[3461,138],[2154,-718],[2335,-1663],[1586,-180],[1137,339],[438,904],[3353,1722],[2812,-492],[1275,-1724],[624,-2213],[1467,-1646],[2778,-688],[2017,-95],[1658,-2693],[2118,-309],[1340,-643],[1018,-918],[766,-1491],[1531,-915],[5988,728],[2990,-2612],[2752,-345],[1808,-1244]],[[490933,55147],[-2659,-1785],[2162,-1562],[-5,-1206],[-2036,-1189],[-957,-3443],[-439,-3632],[-1348,-2453],[-2049,-481],[-3701,-71],[-3032,-1243],[-1872,-2413]],[[456251,190869],[-6141,34]],[[427813,187146],[-219,2436]],[[427594,189582],[1298,823],[357,1026],[-497,2477],[1623,1071],[1504,-95],[1013,674],[727,1491],[262,2104],[-1555,867],[-1010,-207],[-613,820],[1420,956],[2067,762],[1768,1572],[-1718,2690]],[[447688,211553],[1306,-430],[3159,-447],[4373,257],[5282,-620],[4164,-827],[3304,-1202],[4447,291],[2572,-298]],[[476295,208277],[-5636,-5391],[-2284,-2541],[-2427,-4814],[-2234,-3537],[-1012,-2335],[2493,-630],[1044,-1074]],[[607632,228890],[-2618,2165],[-2233,2879]],[[626756,280307],[3614,-813],[978,-1406],[433,-2243],[4323,-1369],[6974,-701],[1049,-1417],[3307,244],[952,-1233],[2578,888],[2159,-688],[1383,-1298],[10511,-1023],[2332,224],[1954,782],[3349,302]],[[672652,270556],[3188,-376],[1631,-237]],[[677471,269943],[849,-1491],[2593,-315],[4825,-2145],[2216,-193],[2165,2060],[5686,-112],[111,-1636],[-1462,-1237],[894,-1931],[4634,-2013],[-513,-1534],[-912,-692],[-2250,-13],[-1303,-312],[-608,-1348],[1221,-1355],[-2995,-2352],[785,-1406],[1991,-938]],[[695398,250980],[-1277,-1643],[-838,-2525],[1058,-2436],[2905,-2846],[542,-2117],[127,-2511],[-1700,-2070],[-4555,-1677],[-2636,-3019],[-2149,-1328],[-3606,-1087],[-6366,-617],[-2186,-1338],[-1042,-1691],[-811,-2005],[-2078,-2270],[-3392,-492],[-2483,-1152],[-1898,-1907],[-2609,-878],[-315,-1456],[2187,-915],[-2684,-2616],[-1821,-1040],[-476,-959],[389,-1057],[-3112,-291],[-2094,752],[-1665,-210],[196,-1860],[1387,-1650],[-1160,-2101],[-352,-1331],[1322,-2734],[2160,-908],[637,-2453],[-1197,-830],[-942,162],[-1456,251],[-1462,-895],[-505,-1267],[-1726,68],[-1246,2016],[-2294,471],[-3151,1674],[-6,1145],[-616,715],[1195,1145],[-2096,1518],[973,1924],[-2033,1206],[283,1335],[-2750,647],[-2519,115],[-1399,864],[312,1210],[-1274,1670],[582,1305],[1435,1460],[-1425,1206],[-1573,830],[-3392,-976],[-1612,177],[-1161,796],[-3590,-553]],[[734865,832362],[714,-142],[209,196],[-471,0],[5036,1514]],[[804816,838094],[-172,55],[1309,-299],[-193,-71],[98,-125],[4073,142],[1047,281],[-150,-88],[111,-176],[854,-599],[-196,-106],[1861,-440],[537,369],[-249,71],[138,106],[-193,352],[193,71],[-413,285],[756,369],[1322,0],[1158,-424],[2038,143],[2422,562],[991,-352],[-314,264],[1803,302],[1047,0],[-373,-126],[758,-159],[812,302],[-523,71],[261,122],[1817,142],[1818,-142],[-97,-122],[3896,-1007],[4132,495],[4777,1216],[82,390],[746,247],[-249,105],[854,105],[-248,105],[304,214],[-249,71],[357,105],[278,776],[-249,71],[151,193],[-151,264],[992,780],[1845,528],[-1309,-88],[-1544,-495],[-1086,370],[137,176],[-248,71],[359,105],[-137,319],[193,33],[-249,109],[743,352],[-412,248],[137,247],[-412,247],[137,176],[-523,105],[-111,248],[2189,440],[5012,-210],[2094,424],[1142,-88],[-661,-600],[-854,-109],[799,-138],[-799,-285],[360,-247],[-1089,-17],[-648,-298],[1528,-265],[-315,265],[2464,155],[373,302],[-249,105],[426,159],[2081,-51],[-262,265],[1969,-302],[-579,-210],[151,-268],[1983,285],[1377,-213],[1047,142],[1047,-281],[481,88],[-206,122],[4296,213],[275,210],[703,-88],[-98,-193],[1322,0],[0,281],[1266,0],[-206,126],[703,159],[2755,0],[-317,-159],[301,-143],[-193,-105],[415,0],[-29,248],[206,88],[717,-285],[3526,989],[867,17],[-483,126],[1377,-143],[-756,265],[1528,159],[206,-336],[-579,-213],[923,-88],[-95,-122],[592,-230],[3854,284],[1142,-301],[-82,-248],[923,-369],[1597,0],[-151,-125],[1073,-315],[-95,-197],[3469,142],[-1087,-193],[1253,-301],[3138,565],[992,-565],[-756,-407],[1142,-88],[219,213],[-315,160],[191,67],[-82,319],[428,230],[825,0],[0,210],[661,214],[1544,281],[1099,-68],[717,353],[1266,71],[883,420],[1816,285],[6279,281],[-592,-265],[634,-389],[-140,-244],[471,-37],[-98,-122],[2258,71],[0,-356],[386,214],[1818,0],[109,-143]],[[918982,845348],[-426,-51],[867,-88],[1653,424],[1927,-285],[811,549],[-1514,281],[4229,583],[2134,-407],[-413,-176],[-111,-247],[151,-88],[-1266,-71],[-1087,-441],[302,-142],[-138,-247],[592,-227],[1142,50],[-193,-176],[249,-71],[-635,-105],[360,-352],[-138,-248],[249,-71],[-1309,-227],[1653,-142],[756,650],[-302,251],[2078,369],[2258,-423],[5454,-142],[867,-298],[-151,-126],[701,-51],[-2781,-247],[1419,-125],[151,-265],[-1734,-457],[246,-108],[-632,-177],[82,-318],[-386,-281],[-592,54],[-14,-264],[-854,-214],[648,-88],[2533,1061],[-481,-444],[193,-68],[-138,-176],[4391,122],[2755,-705],[550,71],[1089,-301],[-373,-126],[1378,-139],[647,-301],[-153,-193],[1420,-159],[-799,-319],[1074,-457],[-357,-210],[468,-72],[55,-247],[-193,-71],[1309,122],[2035,-424],[98,-122],[-193,-71],[743,-176],[-193,-176],[1073,-318],[1158,-776],[-2300,-546],[429,-267],[-2068,-671],[468,-176],[-811,-512],[-3125,-935],[-180,-193],[98,-265],[-415,-105],[248,-176],[-962,-389],[26,-248],[-356,-247],[301,-210],[-193,-180],[468,-34],[-95,-122],[372,89],[-84,318],[193,34],[-357,386],[1679,461],[-82,318],[193,68],[-304,356],[1969,88],[1666,969],[1639,373],[1102,562],[1708,-562],[-291,332],[-468,37],[413,71],[-302,457],[1914,793],[645,-156],[-39,-406],[2974,-847],[716,-566],[2147,-352],[3085,-1413],[1816,-139],[386,-285],[592,126],[111,-248],[-647,-440],[-2464,-17],[1253,-339],[-1089,-332],[1239,-179],[56,-315],[-523,-390],[467,-247],[-2009,-105],[976,-194],[-151,-196],[249,-139],[-193,-71],[372,-512],[-208,-125],[483,-227],[-2313,352],[-2149,705],[-1748,-193],[318,-231],[1044,143],[399,-478],[1200,-227],[370,-301],[-1472,-336],[2477,-71],[537,-227],[-812,-197],[3841,55],[-301,-319],[962,-389],[-301,-387],[1361,-230],[648,-369],[-798,-424],[304,-318],[-635,-71],[1404,-282],[-1253,-159],[-13,-264],[-386,-214],[-1639,-298],[-495,-352],[-2588,0],[-1541,-356],[206,-122],[-304,-352],[412,0],[1005,688],[2699,-282],[1378,495],[771,0],[-97,-125],[539,-160],[1927,0],[-206,265],[426,230],[2313,281],[-206,126],[1514,318],[220,739],[-1679,423],[2300,1006],[1705,0],[399,-406],[429,-17],[-318,478],[2025,88],[1529,-441],[-193,-176],[964,-179],[-193,-177],[799,-352],[108,318],[-193,72],[193,71],[-1348,738],[370,197],[-2752,210],[-1213,847],[-3910,213],[153,265],[-579,386],[193,71],[-111,390],[-1253,369],[1983,142],[330,-284],[1322,213],[317,-159],[-193,-105],[428,-17],[151,335],[-193,139],[812,21],[1708,-356],[-14,267],[-523,282],[923,298],[1541,-210],[592,-302],[-193,-105],[605,-566],[468,-138],[-1512,-214],[1679,-247],[-1074,-315],[868,-160],[1596,282],[1142,-793],[138,-390],[468,-105],[84,-389],[246,-105],[-137,-177],[470,-105],[-195,-247],[304,-247],[-193,-72],[248,-210],[-193,-108],[249,-71],[-854,-247],[-167,-211],[249,-71],[-206,-122],[95,-406],[-206,-88],[261,-193],[-412,-38],[-164,-318],[1845,-176],[191,-671],[468,-34],[-138,-247],[471,-105],[-415,-214],[248,-247],[-357,-105],[191,-105],[-537,-441],[484,-125],[-415,-210],[745,-176],[-193,-109],[1073,-704],[-1308,-512],[-2905,159],[1900,-389],[-579,-282],[262,-125],[605,0],[-206,197],[484,88],[1747,-17],[-1678,-461],[2120,-600],[-759,-477],[124,-333],[743,-426],[-2794,-227],[-481,-160],[248,-71],[-195,-105],[1364,-440],[-426,227],[193,108],[-248,210],[3717,248],[111,528],[-1185,285],[413,105],[-249,176],[429,230],[867,-17],[-1364,156],[-1267,637],[4185,71],[-151,-125],[249,-139],[-193,-71],[1142,-302],[442,353],[-482,159],[193,105],[-304,356],[812,88],[2189,-512],[386,-599],[-1073,-177],[55,-318],[1240,-461],[-360,-247],[690,-315],[-193,-109],[246,-34],[56,-247],[-206,-88],[274,-210],[-206,-125],[262,-89],[-370,-301],[246,-139],[-193,-176],[248,-71],[-412,-105],[82,-390],[-357,-247],[193,-176],[-360,-106],[193,-105],[-523,-460],[193,-105],[-357,-105],[246,-177],[-1073,-247],[261,-125],[-370,-159],[151,-122],[-1253,-17],[687,-177],[-412,-37],[248,-318],[-743,-458],[191,-105],[-357,-213],[248,-71],[-428,-156],[262,-126],[-577,-318],[246,-105],[-412,-176],[248,-248],[-359,-105],[84,-460],[-579,-315],[249,-177],[-716,-637],[-799,-247],[193,-176],[-330,-281],[-2451,-742],[26,-319],[-592,-440],[-3854,-71],[95,335],[-468,142],[4708,1518],[1047,918],[-261,265],[-43,264],[196,71],[-1309,583],[-4021,420],[-2202,495],[-5234,-210],[-95,264],[1017,389],[-261,122],[206,126],[-2297,298],[261,478],[-758,227],[-3138,284],[-7382,2751],[-4240,708],[-3471,-142],[-1927,281],[-537,231],[-55,247],[412,71],[-576,386],[193,105],[-1460,285],[1018,-423],[-137,-106],[193,-71],[-413,-71],[524,-247],[-193,-105],[246,-71],[-357,-143],[412,-33],[-95,-194],[5327,-725],[-138,-105],[524,-318],[-138,-319],[743,-176],[-206,-122],[98,-335],[-360,-176],[98,-265],[661,210],[4626,-210],[1156,-565],[1927,-72],[317,-159],[-193,-105],[648,-17],[592,-372],[275,-211],[-193,-105],[745,-355],[-359,-105],[248,-139],[-111,-390],[-867,-301],[-1652,0],[-592,230],[193,71],[-95,193],[-3017,-159],[1695,-264],[714,213],[97,-196],[-193,-68],[249,-37],[-153,-122],[1763,-143],[481,-193],[-854,-776],[2120,-318],[-356,-352],[248,-72],[-193,-142],[249,-71],[-167,-176],[-1845,-458],[29,-318],[-690,-457],[304,-285],[-193,-105],[468,-247],[-151,-122],[262,-231],[-98,-125],[1819,-281],[2974,71],[1417,511],[-249,390],[373,88],[-563,474],[-909,177],[137,108],[-193,68],[524,247],[-249,319],[7643,1853],[-98,-193],[909,-248],[550,-460],[-867,196],[-592,-373],[56,-176],[592,-88],[867,336],[-109,-529],[-814,-230],[111,-210],[1087,-160],[-1460,-284],[262,-122],[-370,-159],[246,-139],[-193,-109],[523,-457],[-137,-105],[468,-176],[-193,-109],[1184,-457],[-137,-176],[275,-285],[5771,-864],[3413,142],[978,-1077],[-193,-176],[248,-105],[-193,-105],[304,-356],[-193,-68],[413,-71],[-357,-37],[137,-810],[-428,-230],[-2974,71],[-441,-352],[-2023,-441],[302,-285],[-191,-105],[537,-159],[592,17],[-248,247],[425,160],[2755,-71],[481,-160],[-137,-247],[248,-139],[-523,-390],[193,-176],[-304,-318],[193,-71],[-109,-387],[-193,-71],[246,-71],[-523,-528],[248,-105],[-743,-532],[249,-105],[-413,-34],[-951,-830],[-1362,-231],[413,0],[274,-315],[-2424,-1484],[-2133,-654],[151,-122],[-1198,-511],[-1473,193],[743,-529],[-1953,-528],[246,-176],[-2507,-956],[193,-105],[-2408,-1430],[-4833,-17],[3553,-528],[-3389,-813],[-111,-319],[196,-67],[-1462,-671],[193,-109],[-1237,-738],[246,-109],[-976,-156],[-991,-565],[-15423,-2118],[-992,139],[429,-193],[-1129,-315],[357,-495],[-111,-318],[-1515,-1023],[-632,-742],[-1845,-105],[1348,-353],[-1044,-600],[-1531,-301],[-317,230],[98,193],[-1158,353],[-537,-88],[1129,-281],[140,-461],[812,-370],[978,17],[-3442,-1517],[-249,-458],[-523,-247],[82,-319],[-537,-369],[-3249,918],[-1983,281],[-2588,72],[-2424,-282],[-2424,-708],[-1486,-918],[-1859,-369],[-621,-759],[-1266,210],[-1761,0],[-264,-88],[248,-105],[-370,-17],[-153,335],[523,281],[-962,-138],[193,-109],[-248,-352],[536,-298],[1103,210],[1639,-370],[-2522,-1111],[-2533,-142],[206,-126],[-1969,-440],[-1100,71],[164,-210],[-7104,-1413],[-1929,0],[-4460,566],[-2477,-142],[438,-210],[-150,-197],[481,-88],[1089,231],[-415,71],[209,122],[1155,-424],[1541,71],[207,-406],[-302,-176],[249,-143],[-249,-315],[635,-142],[-154,-88],[98,-336],[-936,-637],[-3402,-931],[-716,-566],[-1322,-71],[-2147,352],[-3857,-1057],[-1047,-637],[-714,71],[-372,-159],[42,-407],[-2369,214],[40,-264],[-191,-72],[357,-318],[-206,-193],[-537,88],[302,142],[-357,353],[95,193],[-2477,281],[-759,-156],[249,-213],[-151,-265],[-1597,282],[-428,-89],[42,-264],[-2257,-71],[-429,-159],[-26,-386],[-1142,-373],[-2424,-139],[-206,-125],[3674,196],[592,227],[-301,319],[537,230],[550,-356],[922,21],[-687,281],[206,125],[2919,-356],[441,-352],[2699,71],[4074,990],[814,-373],[-193,-68],[151,-339],[-206,-403],[301,-284],[-357,-139],[249,-38],[-193,-105],[301,-281],[-632,-247],[413,-105],[-468,-248],[82,-318],[-249,-214],[193,-138],[-301,-38],[-85,-386],[-935,-637],[-1914,-864],[-3305,-776],[-3691,-1975],[-9197,-566],[-2532,-637],[-4228,-1640],[193,-105],[-4875,-2154],[-1652,-1129],[-357,-528],[-523,-109],[248,-105],[-909,-457],[-1073,-1094],[-2232,-1376],[193,-108],[-536,-227],[-759,122],[360,-386],[-1351,-390],[82,-176],[-1375,-776],[-524,-37],[-13,-194],[-497,72],[-1364,-512],[-1679,-1308],[-1639,-440],[-386,-353],[-314,17],[301,143],[-206,335],[-2919,139],[-3910,-1338],[-2479,-424],[-1764,424],[-3799,0],[-4351,-566],[-2588,352],[1364,-477],[-1681,-105],[579,-387],[-910,-37],[468,-247],[-975,-441],[-2480,424],[-537,616],[3069,373],[-3138,-213],[-1543,355],[925,-406],[-1240,-214],[1086,126],[759,-231],[109,-247],[-468,-105],[193,-71],[-27,-319],[1417,-369],[717,352],[592,-335],[-592,-440],[-825,0],[-111,423],[-1378,-213],[-785,620],[-854,139],[1528,-898],[1198,193],[-190,-390],[687,-491],[-3952,-1430],[-1433,-847],[-1911,-511],[190,-109],[-468,-105],[-687,-881],[-799,-532],[193,-105],[-579,-633],[635,-424],[-524,-318],[27,-458],[-1473,-938],[-4571,-776],[-1488,423],[-7820,424],[-2025,-864],[138,-318],[-318,-156],[-1803,-302],[-605,-637],[26,-386],[-301,-105],[248,-108],[-415,-529],[-190,-1023],[-470,-71],[192,318],[-1197,512],[-537,-160],[-55,-247],[248,-139],[-1129,-247],[2340,-142],[-301,-72],[-138,-457],[-814,-230],[608,-210],[481,332],[-29,-244],[360,-38],[0,-599],[-1695,-231],[-330,-281],[-371,88],[207,193],[-606,-71],[-153,-122],[634,-210],[-1845,-532],[302,-281],[-413,-495],[249,-138],[-193,-214],[193,-71],[-138,-71],[138,-248],[-413,-281],[357,-813],[-137,-105],[579,-315],[-138,-71],[138,-319],[-2673,-1094],[-109,-105],[302,-213],[-645,-160],[1760,143],[704,-441],[-429,-688],[-150,88],[137,387],[-248,71],[304,142],[-690,-71],[195,-71],[-111,-458],[-468,-142],[756,-17],[151,-264],[-246,-108],[-82,-529],[-634,-457],[82,-177],[-2837,-213],[635,424],[-468,213],[246,139],[-138,318],[249,143],[-151,88],[-772,-1132],[-936,0],[-2313,-776],[-1102,-71],[-207,-122],[413,-71],[-2065,-739],[1020,-247],[-497,-708],[-592,-298],[-2850,-126],[1957,709],[-373,193],[-2258,-776],[-2918,-285],[240,-704],[640,-353],[2974,-281],[992,139],[991,-281],[1983,210],[2149,708],[2091,1057],[1473,159],[965,1166],[2741,1077],[537,-20],[-29,-319],[317,-156],[206,227],[-193,71],[98,197],[2353,-339],[-481,478],[-648,-122],[248,210],[-304,213],[56,248],[634,457],[-248,105],[716,708],[1018,387],[124,264],[759,-159],[1293,-881],[909,-248],[-98,-122],[1433,-71],[-206,193],[481,88],[1047,-210],[550,-423],[3690,-566],[3252,71],[315,-159],[-40,-193],[2422,-637],[1583,125],[-1953,210],[2781,0],[-373,-335],[3125,54],[-468,176],[248,176],[-261,89],[-4846,71],[-1639,545],[1694,-264],[262,125],[-690,210],[5274,-335],[1695,230],[-4833,51],[-1089,231],[1459,0],[-756,264],[-1750,-88],[206,-193],[-1430,71],[-2961,830],[1803,88],[1819,-776],[481,51],[-1309,654],[-2313,139],[-7201,1643],[29,318],[-248,68],[467,461],[-137,247],[248,176],[-140,210],[140,109],[-798,1023],[138,68],[-138,250],[301,106],[-248,71],[137,457],[-150,230],[206,227],[-193,390],[523,600],[-356,389],[2395,387],[716,708],[-248,105],[412,247],[-246,68],[302,142],[-138,247],[373,160],[6112,-918],[2644,-776],[5178,-282],[1542,282],[2149,847],[3635,71],[5176,-637],[3030,423],[8700,-139],[1861,512],[3040,1606],[2922,634],[2807,-72],[-867,-122],[635,-176],[-98,-125],[772,213],[1211,-704],[1982,352],[772,-285],[1087,512],[166,532],[-1142,650],[-1985,-71],[-1100,356],[-923,-230],[-111,-177],[193,-71],[-261,-298],[-386,491],[951,831],[1198,369],[8206,494],[6720,1132],[2422,-142],[2754,918],[2863,142],[1103,420],[3347,444],[-360,71],[138,105],[-331,282],[-1623,528],[-222,495],[137,105],[-190,71],[301,142],[-248,143],[248,247],[-82,176],[537,227],[4391,-1640],[-370,-264],[-759,193],[429,-406],[1430,0],[317,230],[-262,193],[262,159],[-193,109],[304,105],[-55,176],[-1901,810],[-894,972],[-1102,281],[-1761,-210],[-1308,227],[137,109],[-304,247],[137,68],[-137,318],[248,247],[-26,529],[481,302],[1322,-72],[370,-301],[-137,-176],[552,-353],[2229,-952],[909,-671],[2742,-864],[880,0],[441,-352],[1156,210],[-426,-193],[4116,-301],[3635,565],[-1308,-477],[703,-17],[661,352],[1033,-440],[-304,-177],[537,-88],[-42,265],[523,37],[-53,176],[-801,139],[1460,71],[-2010,285],[1018,244],[249,389],[1308,654],[2919,71],[1253,864],[-579,105],[415,248],[-193,105],[688,105],[-318,264],[-1692,-122],[-55,247],[412,248],[-193,105],[759,230],[2863,-213],[3030,918],[1816,71],[-331,352],[-922,-51],[-386,529],[1419,159],[1597,705],[2094,-142],[-262,-265],[592,-159],[220,142],[-262,194],[1253,16],[1214,780],[3910,71],[756,298],[-193,105],[483,302],[1306,-55],[579,671],[4191,-332],[2093,-1626],[349,-847],[-1462,-424],[-2987,719],[-2644,-68],[-2212,-3026],[-3466,-3018],[-12867,-68],[-1623,-1057],[10950,-2016],[537,-1880],[-5473,-2172],[2776,-1623],[5673,816],[4828,-508],[1073,-830],[-1700,-1240],[2276,-1474],[-283,-1419],[-3473,-268],[-1917,-1352],[4460,-332],[-872,-1636],[-2263,-1616],[-109,-1586],[-1039,-1179],[614,-2649],[1007,-2670],[2384,142],[1832,-498],[-668,-1707],[5250,-488],[2723,-1254],[-77,-2002],[-2667,-1101],[-1317,-1349],[2213,-1474],[5353,99],[2139,-1220],[3997,51],[2876,-1433],[64,-1786],[-1169,-1541],[2924,-326],[1737,-1358],[5044,-702],[947,-2259],[195,-4300],[-803,-4574],[1319,-4025],[1142,-4923],[-748,-3296],[875,-1139],[5551,-1101],[4640,-2595],[4143,-220],[2342,-688],[-40,-1670],[-3791,-370],[-774,-1832],[1010,-1088],[-1288,-1447],[-3828,-179],[-1364,-1660],[-1481,-329],[-2096,1447],[-1713,34],[-4597,-2711],[-3773,-261],[-7341,-1077],[-2636,-2043],[-5433,-278],[-7769,-2450],[-5803,-525],[-3963,-806],[-3212,-1667],[-4153,-332],[-3241,-1138],[-1420,-1193],[989,-1247],[-1885,-633],[-172,-2013],[4788,-1579],[1250,-1450],[-4317,-569],[-6160,-88],[-5178,-590],[-2171,4],[-1195,-861],[1036,-1585],[-1390,-1908],[-5057,-888],[-429,-1931],[1869,-948],[-742,-2718],[3584,-833],[-179,-888],[-2004,-969],[-659,-1294],[-52,-1890],[-3138,-3629],[-4844,-745],[-5208,386],[-1306,847],[241,1690],[-2189,244],[-4460,-440],[-9160,44],[-3553,-1060],[-2361,-1149],[-2281,-2578],[-1568,-512],[-4830,203],[-3373,-833],[-4013,-308],[-2818,-1234],[-9330,-2524],[-3027,-396],[-6461,-14],[-4650,1328],[-3812,-1372]],[[479203,570547],[-16,-1067]],[[386501,728786],[8071,301]],[[416869,733427],[4145,-301],[5832,-285]],[[783331,714275],[-2794,-197],[2297,620],[484,-54],[-746,-210],[1584,122],[-825,-281]],[[782987,714854],[-97,-17],[-40,54],[137,-37]],[[783825,714908],[979,126],[-1185,-180],[206,54]],[[783495,714980],[42,-55],[-357,0],[315,55]],[[783868,715034],[-43,-54],[-150,16],[42,55],[151,-17]],[[784692,715139],[-137,34],[98,20],[39,-54]],[[789940,715403],[-151,54],[151,17],[0,-71]],[[810870,714837],[-373,54],[910,0],[-537,-54]],[[807497,714854],[-98,-17],[-43,54],[98,17],[43,-54]],[[806627,715193],[428,-268],[-1295,390],[867,-122]],[[802318,716972],[-318,-17],[-317,196],[317,17],[318,-196]],[[798751,716321],[318,-193],[-704,-20],[-700,549],[700,17],[386,-353]],[[795764,717575],[4090,-264],[-262,-126],[4391,-864],[814,-406],[-4393,-17],[-923,230],[-164,315],[413,214],[-759,227],[-2422,71],[-1488,284],[-151,227],[854,109]],[[801437,717185],[-97,-17],[-40,54],[137,-37]],[[801176,717311],[39,-55],[-357,0],[318,55]],[[796935,717944],[1087,-54],[-1031,-88],[-540,267],[484,-125]],[[788507,717944],[-370,193],[799,214],[52,-177],[-481,-230]],[[791095,718791],[98,-478],[-1351,-281],[0,390],[415,176],[-84,176],[634,176],[-248,105],[523,72],[-137,-106],[150,-230]],[[795820,718669],[-98,-20],[-40,54],[138,-34]],[[790366,719055],[-40,-54],[-153,20],[193,34]],[[790876,719286],[-812,-54],[318,196],[494,-142]],[[790614,720539],[-785,-264],[-426,332],[1211,-68]],[[791606,726326],[193,-105],[-357,0],[164,105]],[[875639,735027],[40,-55],[-357,0],[317,55]],[[875748,735166],[-537,54],[317,88],[220,-142]],[[822227,739350],[415,-143],[-648,-88],[-605,282],[838,-51]],[[846337,741095],[275,0],[-219,-139],[-56,139]],[[846779,741379],[425,51],[-370,-193],[-55,142]],[[847273,741589],[42,-51],[-357,0],[315,51]],[[852714,744008],[-98,-17],[-40,51],[138,-34]],[[868520,750818],[-42,-54],[-151,20],[193,34]],[[893635,735044],[-138,33],[95,21],[43,-54]],[[923109,747288],[-2092,-1121],[-536,-2325],[-280,-416],[-1645,582],[1018,918],[-246,106],[799,457],[-275,176],[-2686,20],[-3086,844],[-1086,-440],[301,-248],[-1306,-793],[-2038,0],[-2313,-636],[-2742,-1074],[-785,-617],[-1266,0],[-2919,705],[-4570,-424],[-3086,139],[-2794,-440],[635,-563],[-98,-335],[-2850,793],[-468,599],[-468,176],[137,109],[-1350,810],[29,389],[-468,600],[137,176],[-248,34],[82,318],[-357,319],[137,600],[-261,88],[605,633],[3030,356],[4282,1216],[1156,918],[290,759],[-261,193],[468,177],[-193,105],[523,532],[-249,105],[357,105],[-245,108],[356,34],[-193,105],[304,105],[82,390],[1253,864],[5782,494],[4904,0],[5451,-704],[661,-356],[2480,-424],[494,-491],[881,0],[2080,-583],[-262,-264],[1378,-71],[-151,-126],[468,-176],[-98,-122],[2150,-71],[1707,-423],[207,159],[-138,386],[1734,532],[-690,352],[140,177],[-304,281],[688,176],[-151,125],[923,17],[-1142,55],[-167,-214],[-40,546],[193,71],[-248,71],[1708,1270],[1692,512],[2479,352],[6387,214],[1201,-373],[-140,-105],[909,-457],[-56,-390],[-756,-230],[-2863,-353],[-1324,143],[-384,-353],[-536,-17],[-347,-406],[-1321,423],[-2409,-301],[-330,-210],[193,-72],[-56,-318],[-304,-281],[249,-105],[-151,-126],[262,-230],[-138,-105],[524,-315],[-140,-180],[248,-105],[-137,-176],[248,-105],[-137,-176],[333,-671],[579,-535],[-6934,-1867]],[[893066,751039],[-24,-61],[-150,16],[174,45]],[[913517,753078],[-193,-37],[40,54],[153,-17]],[[930701,749405],[-193,-33],[40,54],[153,-21]],[[932628,752655],[56,-105],[-193,0],[137,105]],[[956255,757947],[-40,-51],[-153,17],[193,34]],[[946782,760278],[-42,-54],[-151,16],[43,55],[150,-17]],[[913076,753220],[-42,-54],[-151,17],[42,54],[151,-17]],[[882262,763381],[193,-34],[-360,-71],[167,105]],[[927629,764249],[812,-373],[-138,-176],[193,-1057],[-2905,264],[-592,440],[261,336],[-370,369],[979,264],[1760,-67]],[[883829,763876],[-190,-34],[40,54],[150,-20]],[[893635,764794],[-43,-51],[-150,17],[42,51],[151,-17]],[[899858,765499],[-193,-34],[42,54],[151,-20]],[[902390,766207],[-39,-54],[-154,17],[193,37]],[[903342,770106],[-167,72],[207,-17],[-40,-55]],[[735114,832433],[121,34],[-40,-34],[-81,0]],[[816432,838149],[206,-122],[-193,0],[-13,122]],[[818677,838203],[-193,-37],[39,54],[154,-17]],[[817698,838291],[40,-54],[-246,0],[206,54]],[[842964,842933],[-43,-55],[-150,17],[42,54],[151,-16]],[[858495,845050],[-42,-54],[-151,17],[42,54],[151,-17]],[[856623,845474],[-150,-55],[-56,72],[206,-17]],[[848581,846107],[-42,-54],[-150,20],[192,34]],[[852822,846249],[-40,-54],[-153,17],[193,37]],[[880374,846690],[98,-54],[-193,0],[95,54]],[[986395,765306],[-95,54],[137,0],[-42,-54]],[[987664,765871],[150,-193],[-193,0],[43,193]],[[987785,766014],[138,-126],[-138,0],[0,126]],[[988253,767125],[-521,-285],[262,-264],[-222,-210],[-700,512],[592,406],[589,-159]],[[986657,766878],[-193,34],[153,16],[40,-50]],[[989247,794477],[-153,-21],[-40,55],[193,-34]],[[994672,801358],[206,17],[0,-71],[-206,54]],[[983682,809862],[-193,37],[154,17],[39,-54]],[[975159,776246],[373,-617],[-1034,-512],[-370,370],[138,318],[-262,88],[151,126],[-481,369],[1155,213],[330,-355]],[[975202,777465],[-151,-17],[-42,51],[150,17],[43,-51]],[[970300,806826],[-153,-17],[-40,54],[193,-37]],[[977089,810268],[920,55],[-1073,-177],[153,122]],[[968043,810851],[-154,-17],[-39,51],[193,-34]],[[973108,811769],[-193,34],[153,17],[40,-51]],[[973052,811908],[-150,-17],[-40,54],[151,17],[39,-54]],[[962039,815157],[-153,-20],[-40,54],[193,-34]],[[928882,763771],[-150,-17],[-43,54],[151,17],[42,-54]],[[953006,771994],[6952,-898],[3857,-71],[96,-126],[-193,-71],[317,-159],[550,284],[1322,0],[2260,-284],[8095,142],[3415,-281],[5451,-1199],[1914,-936],[717,-1023],[-592,-301],[-1914,-231],[1472,-264],[317,-474],[-909,-248],[85,-389],[-524,-281],[688,-248],[-318,-335],[207,-125],[-907,-248],[26,-244],[-330,-284],[-592,-231],[-881,285],[-2080,-231],[703,-264],[1488,71],[151,-335],[-1184,-671],[193,-176],[-331,-281],[-965,-38],[854,-247],[-537,-369],[-536,51],[-167,-315],[415,-72],[-690,-318],[-137,-319],[-579,0],[359,143],[-97,125],[-868,-159],[154,-125],[-373,16],[95,268],[-330,-284],[-2147,71],[-1874,-566],[-481,-441],[193,-105],[-632,-460],[193,-105],[-1021,-529],[193,-176],[-523,-176],[82,-248],[-524,-176],[193,-108],[-824,-705],[-759,-298],[-3524,423],[-111,-213],[-1541,71],[-4021,989],[-4682,353],[-770,281],[-2093,0],[-6498,2826],[-2811,491],[-3413,71],[-1929,352],[-1748,725],[-359,387],[-1293,389],[-275,637],[164,739],[497,352],[2628,796],[2921,72],[1541,-356],[442,-420],[2863,-285],[1102,705],[1486,71],[386,356],[372,-55],[-55,248],[-909,281],[1681,1060],[-471,177],[304,139],[-248,213],[193,105],[-1309,302],[154,122],[-304,176],[137,247],[-301,281],[193,38],[-141,423],[141,105],[-304,424],[467,318],[-261,264],[317,265],[-304,281],[373,159],[-317,335],[3442,72]],[[949537,771289],[-193,-37],[40,54],[153,-17]],[[956366,816709],[-151,-17],[-42,54],[150,17],[43,-54]],[[903768,770161],[-193,139],[317,88],[111,-210],[-235,-17]],[[918818,771519],[-111,68],[206,-17],[-95,-51]],[[924808,773864],[-153,-17],[-40,54],[193,-37]],[[918982,845348],[262,-17],[-96,-54],[-166,71]],[[961336,836031],[42,-51],[-412,0],[370,51]],[[960619,836173],[-605,-142],[-95,193],[700,-51]],[[951697,838572],[-315,125],[688,-71],[-373,-54]],[[953791,842102],[1158,-352],[1541,68],[-98,-264],[1584,-370],[1488,214],[219,352],[2300,51],[331,-247],[-524,-705],[1240,-176],[-798,-282],[246,-142],[-191,-105],[2504,-600],[-412,-142],[206,-122],[-936,-71],[-606,210],[-261,-264],[579,-352],[-854,-143],[592,-440],[825,210],[1253,-227],[-193,-105],[304,-143],[-1129,-213],[1184,-105],[111,-318],[-415,-34],[29,-248],[-415,-105],[56,-247],[304,-176],[-137,-248],[742,-247],[331,-461],[-812,-155],[-1377,494],[-2313,139],[370,193],[-384,495],[-1184,37],[-883,495],[193,105],[-743,247],[193,105],[-304,105],[193,176],[-523,177],[193,108],[-1515,457],[140,105],[-814,373],[-5176,71],[481,546],[-978,159],[758,474],[-1240,356],[1735,352],[-2078,88],[-373,231],[193,105],[-468,34],[4558,477]],[[951739,838945],[-150,-21],[-43,55],[193,-34]],[[949275,840903],[-539,122],[909,-71],[-370,-51]],[[940559,841838],[-153,-20],[-40,54],[193,-34]],[[940062,841838],[-150,-20],[-43,54],[193,-34]],[[995428,819799],[206,-335],[-412,-109],[-180,-545],[-1430,423],[-1309,17],[867,478],[1267,210],[991,-139]],[[988930,823397],[40,-54],[-413,0],[373,54]],[[981385,830387],[328,-214],[-1044,-142],[-1750,230],[2466,126]],[[980047,833720],[-193,34],[154,21],[39,-55]],[[968275,822902],[43,-54],[-429,-17],[386,71]],[[969489,827490],[-704,125],[1349,71],[-645,-196]],[[967670,829468],[-111,72],[209,-21],[-98,-51]],[[978673,830227],[-43,-54],[-153,17],[42,54],[154,-17]],[[983037,835679],[537,-88],[275,-143],[-138,-247],[468,-105],[-1089,-122],[-425,-302],[468,-138],[-138,-248],[275,-142],[2025,-17],[95,-125],[-412,-210],[647,50],[881,-423],[1708,284],[95,-125],[-193,-71],[248,-210],[-1361,-302],[-3952,231],[150,122],[-2202,-210],[-870,369],[196,247],[-304,285],[579,247],[137,529],[1129,105],[-690,71],[579,352],[-26,248],[1308,88]],[[984013,835662],[0,-109],[-193,0],[193,109]],[[983793,835733],[-42,-54],[-206,17],[42,54],[206,-17]],[[982760,835892],[262,-54],[-413,-71],[151,125]],[[967064,836312],[371,-156],[-151,-125],[1420,-227],[-360,-142],[82,-461],[-357,-352],[304,-210],[-330,-495],[-1528,-230],[-373,301],[193,247],[-592,160],[-2795,156],[632,142],[222,176],[-248,71],[261,88],[770,-423],[1488,281],[648,373],[-85,386],[193,37],[-632,529],[867,-126]],[[979511,836526],[-442,142],[442,0],[0,-142]],[[979498,836756],[-151,-17],[-42,51],[150,17],[43,-51]],[[979402,836949],[-552,-210],[-317,264],[869,-54]],[[980669,835821],[-207,51],[482,-51],[-275,0]],[[986934,836224],[-196,-34],[43,55],[153,-21]],[[979566,836455],[43,-51],[-249,0],[206,51]],[[979939,836932],[-193,-37],[40,54],[153,-17]],[[968759,838203],[-248,-37],[39,54],[209,-17]],[[965907,838077],[-648,55],[373,159],[275,-214]],[[968492,838277],[-2295,-179],[1306,474],[608,0],[381,-295]],[[963966,839860],[-151,-17],[-42,54],[151,17],[42,-54]],[[963043,840547],[43,-50],[-193,0],[150,50]],[[938534,842031],[98,-54],[-248,0],[150,54]],[[959834,842614],[-1073,-247],[1240,-248],[-1129,-176],[248,-176],[-372,-369],[-923,88],[373,332],[-386,284],[-1142,89],[851,142],[-259,403],[2572,-122]],[[942719,842384],[-151,-122],[2396,-71],[-413,-34],[262,-197],[-275,-142],[-828,0],[154,125],[-1420,159],[-645,336],[920,-54]],[[944868,842384],[275,0],[-425,-51],[150,51]],[[945199,842526],[164,139],[428,-17],[-592,-122]],[[883845,846053],[40,-51],[-193,0],[153,51]],[[925646,846832],[-55,-71],[-206,17],[261,54]],[[924491,847113],[275,0],[-428,-54],[153,54]],[[918268,847889],[206,-51],[-867,-372],[-1694,159],[2355,264]],[[916835,847889],[151,-51],[-193,0],[42,51]],[[406506,153902],[986,-4784]],[[414780,133337],[-2384,-597]],[[395809,130609],[24,1152],[-449,2904],[-1890,1297],[-1198,1586],[338,3046],[-510,1626]],[[393110,95380],[3363,1254],[436,-1382],[1845,189],[1103,983],[1071,328],[1231,-1578],[3469,1341],[1190,2877],[1385,169],[262,1078],[-775,1470],[-151,1535],[812,606],[1528,153],[1126,820],[196,1013]],[[411201,106236],[1388,-488]],[[419808,81733],[992,-1423],[-307,-616],[680,-2721],[-638,-1301],[-2685,-847]],[[417850,74825],[-1581,-122],[-1158,-705],[-685,-2114],[-2345,-230],[-1993,576],[-2573,142],[-1824,-1054],[-2117,-311]],[[403574,71007],[1570,1277],[1150,2477],[-32,3066],[-4023,5638],[-1586,1758],[-1116,2148],[-600,3408],[-735,1660],[-1697,1220],[-3395,1721]],[[515419,86493],[-289,-2232],[2980,-400],[1990,-2243],[5446,-2937],[146,-1965],[1052,-1061],[1790,-224],[3846,-5156],[2424,-1159],[2665,-3185],[2382,-792],[3709,-312],[-843,-2629],[-3921,-1366],[-3209,-603],[-4804,1759],[-647,-1789],[-2480,-458],[-534,-1229],[-1060,-515],[-2435,901],[-2792,169],[-2794,-793],[-920,1068],[-3035,-1772],[-2197,-305],[-975,-1166],[-2776,-559],[-5015,2155],[-2342,-1931],[-1639,-535],[-246,637],[-7963,-719]],[[431549,69079],[-925,1121],[-1259,661],[-3796,-291],[-333,1240],[-846,1097],[-2300,187],[-1634,-1179],[-1546,189],[-254,2301],[-806,420]],[[451107,105826],[2585,-505],[1457,-783],[1377,-1402],[2007,-431]],[[458533,102705],[980,-1592],[1914,-532],[2644,-2765],[1425,-637],[2192,813],[3719,-379],[2744,657],[2348,-945],[2448,-542],[433,-2036],[1407,-583],[1097,474],[1502,1610],[2897,-88],[1652,-1556],[2054,-518],[1724,-1833]],[[491713,92253],[2144,-915],[1425,-1575],[1176,-1874],[2007,-803],[4785,1667],[3722,-650],[1092,-1203],[2030,295],[1497,1098],[1676,274],[1065,-1515],[1087,-559]],[[465292,146045],[1367,-1104],[74,-1173],[-1203,-2964],[1060,-1779],[696,-1867],[1919,-3544],[827,-745],[1330,-308],[902,-556],[283,-874],[769,-966]],[[473316,130165],[-4114,-3598],[347,-1209],[1869,-363],[338,-1182],[-1264,-1017],[241,-1094],[1687,-928],[1388,-1386],[758,-1213],[207,-976],[-1084,-691],[-1063,-1250],[158,-1501],[-539,-1240],[-1282,-1203],[-1636,-643],[-1172,-1627],[-1253,-1233],[-1570,-1074],[-4143,-989],[-790,-1173],[-1866,-1870]],[[412763,66792],[-1285,-95],[-423,989],[225,414],[769,71],[957,-671],[-243,-708]],[[413194,57394],[-1938,924],[-2712,-27],[-2128,1149],[71,1809],[-476,1318],[-1081,2094],[-2120,3039],[-177,1999],[941,1308]],[[427451,61290],[-3024,305],[-1322,-837],[-1441,108],[-986,590],[-2736,-485],[-1562,-1023],[-2663,-793],[-523,-1761]],[[405969,65803],[-352,532],[-243,-99],[-137,-528],[732,95]],[[504458,202761],[-2900,220],[-1623,532]],[[499935,203513],[-2390,-627],[-2739,-247],[-3146,315],[-2228,708],[-5161,-308],[-2839,383],[-1991,898],[-1737,1656],[-1409,1986]],[[448201,213671],[45,1961],[-100,2074]],[[444677,225827],[-55,1457]],[[444622,227284],[5924,4631],[2184,1277],[-21,1518],[465,1274],[1338,468],[1747,-369],[2099,487],[1623,793],[1766,1332],[2168,955],[7360,2406],[2628,2402],[4095,4777],[499,2229],[109,2236],[-1227,2741],[537,901],[798,109],[1753,-1904],[8071,-268],[3209,864],[1121,1640],[1393,3571],[1187,837],[1547,393],[1589,1663],[2226,302],[2416,806],[1470,1959]],[[346801,133526],[1317,1308],[4193,1386],[-352,1016],[146,732],[631,725],[-2170,779]],[[384735,124307],[-1261,702]],[[383474,125009],[27,2551],[1602,1040],[-336,1020]],[[384767,129620],[-516,193],[-846,125]],[[383405,129938],[-386,-1063],[-801,-709],[-2860,-711],[-1282,949],[-2105,-75],[-970,-854],[-3283,10],[-1184,1268],[-2684,789],[-3801,159],[-709,1227],[-2437,-156],[-1512,-952],[-1190,-356],[-2001,47]],[[356200,129511],[-1481,-1077]],[[354719,128434],[-936,1603],[-3079,2002],[-3903,1487]],[[564041,171066],[2781,-569],[2181,647],[2723,-424],[-534,-4709],[-622,-2456],[2150,-719],[1435,346],[487,-762],[-1113,-2372],[653,-2453],[-9327,-864],[-122,-3612],[566,-2144],[-2800,166],[-433,-844],[74,-2402],[-1716,-1562],[-1309,-623],[-1480,1277],[-2165,-68],[-1121,397],[-1021,-2623],[-3405,-301],[-1033,-4655],[-4838,-3222]],[[393110,95380],[-2945,1765],[1594,5567],[-1977,1620],[-3321,-261],[228,1358],[-1021,1132],[-5990,-1149],[-259,810],[904,1125],[-1245,2998]],[[379078,110345],[2001,1400],[4679,1250],[1074,-227]],[[409588,106449],[1613,-213]],[[473316,130165],[2292,-460],[4000,735],[3127,20],[3482,871],[1705,17]],[[487922,131348],[402,-1521],[-677,-2020],[431,-776],[1261,-847],[502,-1267]],[[489841,124917],[421,-2039],[-64,-1332],[-1412,-1291],[-3854,-1975],[-2345,-860],[-2070,203],[-1441,952],[-1628,-790],[-1325,-1849],[0,-2132],[1079,-1528],[1877,868],[1954,-115],[-1235,-1505],[1153,-2730],[2152,-41],[1652,-725],[812,-810],[520,-1447],[2046,-301],[1587,779],[1390,-406],[180,-1410],[-1922,-1165],[383,-1457],[3183,-1342],[754,-1372],[1152,-268],[1502,-1761],[-415,-1010],[-1607,-529],[-246,-1741],[-2361,-1535]],[[395521,201050],[-748,457],[-1153,837]],[[393620,202344],[812,532]],[[427594,189582],[206,-3063]],[[508186,142047],[-1978,-166],[-2226,-549]],[[503982,141332],[-896,-545],[-574,-525]],[[500038,132222],[-1153,-1518],[-3238,-2009],[-1494,-674],[-2223,-319],[-2089,-2785]],[[487922,131348],[1917,4597],[-804,1650],[-2514,1112],[-767,1003],[154,1832],[-1222,668],[-2411,30],[-936,807],[669,1216],[-592,922],[-2136,386],[-603,701],[-3828,2558],[-1435,1914]],[[473414,150744],[2226,1545],[3066,2782]],[[478706,155071],[1420,776],[5152,2317]],[[493032,141180],[518,271],[8,562],[-410,295],[-1155,-112],[-343,-288],[391,-759],[991,31]],[[518081,90295],[-1660,-793],[-839,-1674],[-163,-1335]],[[437431,324727],[5176,946]],[[488205,318602],[3479,-339],[4862,-739]],[[444622,227284],[-8,1365]],[[354719,128434],[598,258]],[[355317,128692],[82,-1705],[-5528,-3022],[-1428,-1108],[-774,-1121],[42,-1088],[3439,417],[4621,-1724],[1092,-2142],[169,-789],[-1234,-20],[-1364,-600],[1567,-1586],[1795,-1094],[460,-1284],[259,-1931]],[[358515,109895],[-811,962],[-1584,901],[-454,-396],[-2718,-265],[-576,-1778],[-891,-420],[-1190,884],[-3857,-319],[-1412,2914],[-2894,264],[771,1623],[-2670,1786],[98,1572],[-518,1962],[-1938,694],[-1446,1284],[-1649,-115],[-1822,2267],[-1449,467],[3440,2863],[2620,2965],[2532,1921],[4217,467],[1922,569],[565,559]],[[394276,5594],[-745,156],[-4973,-1688],[-3796,6109],[-2766,1115],[-1004,1636],[-1481,762],[2012,3178],[2065,2555],[539,1626],[1949,2629],[2593,2358],[2665,1677],[2546,814],[1123,1999],[5391,2954],[2236,1738],[1845,2345],[310,2679],[-1505,4418],[891,495],[1198,539],[-481,-308],[248,-539],[923,40],[-151,722],[-404,81],[2030,-54],[1636,542],[2274,1227],[3323,2636],[1473,1761],[134,2159],[-735,1199],[-2445,2240]],[[429135,163487],[759,159],[3683,98]],[[473757,177042],[1375,-1328]],[[475132,175714],[4523,-1308]],[[485278,158164],[-6572,-3093]],[[486415,174332],[-5356,-210]],[[481059,174122],[-2773,562],[-3154,1030]],[[475132,175714],[-4378,4222]],[[499935,203513],[3561,-833],[3846,325]],[[761323,324073],[283,-972],[2019,-1338],[833,-2294],[-4505,-1999],[-3489,-796],[-175,-1487],[-2823,-800],[-1100,-1785],[-135,-2589],[666,-1277],[-301,-1271],[-3077,-972],[187,-1535],[2129,-362],[938,-1288],[-2080,-2575],[-418,-1114],[2194,-3175],[6593,-4869],[3276,-1646],[4150,-1081],[1817,-115],[2791,508],[1978,-1413],[2516,336],[-515,-6726],[1264,-1873],[-1317,-1931],[-161,-793],[2136,-1339],[161,-1419],[-5372,-41],[-6149,325],[-2411,-3147],[-3421,-1386],[-2665,-1728],[2129,-2253],[515,-2304],[4396,-3225],[3765,41],[397,-2643],[-1291,-1575],[1000,-1281],[3394,-1742],[450,-2154],[171,-2233],[-1726,-1186],[-4341,-966],[-8933,-5539],[-668,-1487],[1454,-2169],[1974,-986],[-1943,-1399],[-2646,-1094],[-1192,-912],[-3191,-20],[-1689,-891],[-4019,532],[280,2964],[-2239,272],[-410,1690],[-3727,322],[-3929,-1281],[-47,3717],[-600,1386],[-1914,684],[-2377,-74],[-6561,1423],[-2451,2520],[-2324,1369],[-103,1765],[-2919,2341],[104,2070],[3299,31],[-106,1054],[-4756,413],[-2524,-766],[-3519,1173],[-2995,-1935],[-661,-1437],[-3635,485],[-2874,-1203],[-2760,-623]],[[677471,269943],[-4819,613]],[[260999,330189],[-1406,1453],[-2200,749],[-4708,224],[-2025,799],[-4653,2938],[-4994,359],[-5321,1630],[-1571,792],[-4970,661],[-2096,1155],[-2414,2379],[-2125,3239],[-521,2673],[566,2897],[-16,850],[579,1664],[1319,1290],[8766,6143],[920,1389],[450,1765],[-246,1322],[2046,2137],[140,902],[2826,1419],[1719,1491],[1673,756],[1948,2869],[4143,2080],[582,1491],[113,1305],[1489,694],[661,1687],[-339,902],[-1705,1419],[-122,895],[1399,1121],[-600,1528],[1234,3805],[-1586,556],[-2525,-258],[-1210,820],[-939,2365],[-761,657],[-1438,762],[-1864,41],[-1856,864],[-756,1572],[2741,1138],[2351,1874],[309,4537],[798,1233],[3865,1240],[4859,2988],[7268,3012],[177,1745],[-510,2138],[935,833],[-491,2541],[-1991,3371],[653,1271],[-2551,3022],[547,1193],[2173,1511],[-444,1233],[-870,871],[-431,4150],[-1110,996],[-2511,142],[-748,824],[-1317,471],[-2051,288],[-2739,-705],[-2810,-1470],[-2583,247],[-1216,545],[-1280,1068],[-3786,725],[2197,1436],[-647,1081],[-2396,-14],[-7159,-958],[-7722,426],[-1062,871],[877,776],[896,1311],[-330,1091],[-875,1118],[-1525,746],[-199,796],[2002,2368],[3616,1403],[2702,1789],[-492,1355],[-1692,2748],[344,1931],[-949,1297],[-923,671],[-2630,993],[-5475,718],[-725,380],[640,555],[1962,220],[2133,712],[-135,647],[-1102,932],[-4761,1314],[-4524,2067],[-2434,-3],[-2948,-671],[-3238,522],[-1610,1145],[-878,3676],[-1055,999],[-2514,1437],[-878,1592],[1044,1088],[1412,250],[61,1688],[1145,657],[2498,674],[-1346,1186],[-4716,5170],[-4195,2199],[-2626,2029],[-243,1522],[1481,1467],[1417,979],[2548,1037],[1002,1653],[-1541,1257],[-1063,1667],[-370,1569],[-4227,1378],[-473,1938],[-13824,6095],[-9628,4703],[4988,2951],[-203,1630],[-500,1243],[93,871],[2157,2175],[-183,1250],[-1377,1186],[-2268,556],[-3701,1921],[-997,1175],[418,1332],[-542,952],[-3730,1342],[-4476,4536],[1108,600],[2612,-58],[4756,935],[3629,-789],[4407,715],[349,589],[164,1105],[-129,3144],[1464,606],[2239,1572],[468,1047],[-45,698],[421,1142],[4380,1487],[-394,1193],[214,1911]],[[341924,155305],[-3046,-400],[-462,17]],[[338416,154922],[-598,921],[-2326,-338],[-1795,281],[-1385,2334],[-1124,332],[-682,793],[447,1430],[-785,779],[-1724,230],[-553,776],[273,1410],[653,549],[2448,138],[1205,898],[51,1254],[314,850],[-1065,1156],[-233,1318],[222,2310],[-851,868],[3014,4990],[-521,1535],[-677,329],[-2934,-444],[-1481,101],[516,1379],[1366,1572],[1148,702],[1676,542],[256,813],[3696,6132],[999,898],[960,-139],[909,542],[344,854],[2572,139],[770,461],[-1007,1829],[-98,956],[2395,867],[4359,427],[1536,545],[460,709],[138,765],[-738,1731],[-85,929],[783,2283]],[[198025,630295],[-1734,-142],[1361,268],[373,-126]],[[199249,631901],[-756,-298],[-220,-284],[138,-387],[-870,-372],[-1597,-210],[-769,-495],[-1583,17],[549,671],[854,247],[1116,1040],[2533,352],[827,495],[481,-156],[-166,-389],[-537,-231]],[[203532,632874],[-43,-55],[-95,17],[43,55],[95,-17]],[[175136,568890],[1425,214],[4492,1646],[-423,1894],[-1227,1701],[-2461,1352],[-2718,840],[-1203,807],[-972,1348],[-93,1460],[-820,1782],[-912,1230],[-1840,1050],[-875,912],[1507,640],[1391,1040],[-569,759],[-1258,868],[-5279,230],[-2848,728],[-2611,82],[-3170,650],[-518,1247],[1480,1477],[2501,1061],[19,1833],[-4701,1196],[-2823,1307],[-1872,-1433],[566,-2080],[-859,-1592],[-2263,-1071],[-2681,-288],[-3553,430],[-6250,-1738],[-3230,139],[-3329,1064],[-2601,1223],[-2712,725],[-3456,-186],[-6897,1301],[-8111,-309],[-3138,783],[-949,1094],[-1932,1186],[-2046,190],[-2158,2223],[-460,1914],[-692,1626],[-1684,1708],[-7088,399],[-3376,610],[910,2877],[-3093,2612],[-944,1918],[5644,2456],[2601,2365],[2610,1352],[-162,1151],[410,1166],[1192,789],[1825,-196],[2080,-359],[452,-946],[1256,600],[2715,2792],[7323,2737],[5779,2901],[172,1131],[3154,681],[5765,-44],[2081,-471],[2281,-996],[3025,-122],[1221,905],[-433,657],[-2271,674],[-1761,1295],[843,1477],[2004,1524],[1541,2182],[-848,830],[-1920,207],[-1834,1159],[1890,2358],[399,1057],[-2836,2565],[-281,2469],[-486,1861],[-2030,1592],[-9010,1145],[-9187,1860],[-6593,4103],[-2532,1071],[-3083,108],[-2361,864],[-1274,1538],[-621,1989],[632,1274],[2173,390],[835,1135],[-513,3293],[1351,278],[4753,-258],[4447,92],[5023,985],[3542,2135],[1605,1982],[-13,1511],[592,966],[5737,758],[737,783],[-1665,1735],[-3633,1318],[-4766,1108],[-5153,660],[-2622,1284],[-7949,-538],[-5991,366],[-7709,2290],[-5052,2341],[-2903,905],[-103,782],[550,1142],[-5216,3683],[1626,0],[-1034,-264],[1764,352],[9419,-495],[6443,71],[7381,-494],[3635,-1128],[5493,-2348],[2546,-1393],[12174,-2612],[7601,-1199],[1319,-566],[386,281],[1982,-423],[154,-89],[-193,-281],[95,-477],[-481,16],[248,143],[-111,318],[-703,441],[-151,-17],[43,-336],[-1875,0],[-177,-335],[-634,-142],[716,-634],[1459,-318],[-261,-265],[772,71],[425,-159],[-137,-247],[151,-88],[703,122],[441,-353],[27,-389],[3167,-1233],[-193,-72],[166,-247],[1473,-227],[1747,-867],[-246,-139],[109,-109],[536,126],[815,-370],[880,-565],[-304,-461],[330,-210],[1034,-159],[331,210],[1747,-651],[56,-389],[-193,-248],[137,-247],[-190,-68],[357,-356],[-373,-369],[-481,-54],[26,318],[-756,231],[-827,-71],[-53,-214],[-923,125],[370,-477],[992,142],[1432,-210],[207,-230],[-1142,17],[-167,-282],[-645,-17],[108,-108],[2686,-88],[-867,617],[1129,-106],[-98,197],[1819,-1132],[4296,-775],[592,-160],[-206,-193],[2078,-301],[-249,-68],[154,-125],[3357,-424],[5290,0],[8536,495],[4902,704],[1433,-71],[-154,197],[592,227],[3802,847],[5673,423],[1803,-227],[-523,-247],[523,34],[220,-353],[-82,-318],[592,-159],[2369,-281],[2918,71],[2464,-793],[-137,-180],[166,-210],[743,-247],[386,-600],[-1652,-1341],[-746,-248],[-769,-847],[-82,-457],[-1639,-796],[-2313,-282],[-1970,-792],[-55,-671],[248,-37],[-84,-316],[195,-108],[-359,-423],[412,-495],[-193,-600],[523,-738],[-193,-248],[524,-318],[-331,-390],[-1305,-440],[-4738,-705],[-1047,142],[-98,-125],[249,-71],[-867,-370],[-661,-71],[206,193],[-426,17],[96,-264],[-262,-88],[-714,142],[-98,-122],[249,-71],[-4394,-1077],[-1430,-637],[-2866,-352],[209,-122],[-278,-353],[-1789,-671],[137,-247],[-357,-423],[220,-495],[304,-71],[-704,196],[-261,-91],[-56,-315],[1034,-17],[317,-302],[-359,-457],[468,-603],[-27,-315],[249,-38],[26,-386],[249,-37],[716,-986],[-138,-600],[249,-247],[108,-671],[-219,-495],[-1695,-725],[-647,-17],[-992,-918],[111,-1094],[1253,196],[537,-230],[-193,-71],[85,-315],[-304,-109],[-29,-457],[-357,139],[248,180],[-317,650],[-481,-17],[137,-247],[-304,-424],[442,-633],[798,-390],[27,-457],[441,-424],[468,-176],[56,-603],[-193,-68],[523,-918],[-468,-213],[1404,-600],[634,-1305],[1185,-528],[-138,-214],[138,-389],[-304,-176],[193,-177],[-550,-423],[-2588,-1077],[301,-847],[1198,142],[124,-407],[1240,-457],[-1076,-71],[579,-319],[-495,-633],[-957,-373],[196,-776],[830,142],[439,-281],[277,424],[1272,-214],[767,502],[95,542],[-167,420],[-245,37],[137,248],[-690,918],[539,369],[867,-125],[606,708],[-82,318],[576,881],[-26,390],[909,-285],[109,-738],[-151,-231],[592,369],[-357,742],[494,634],[635,142],[219,-142],[-193,-244],[746,-583],[671,685],[-589,498],[275,491],[962,532],[-26,739],[1017,460],[-245,105],[327,353],[579,-105],[497,565],[-82,319],[191,210],[-246,281],[909,461],[220,881],[-468,566],[1018,-143],[13,-477],[759,196],[330,-213],[-248,-71],[55,-177],[1018,-315],[1433,-1094],[55,671],[-1790,738],[-29,248],[-798,599],[56,248],[523,37],[-167,386],[-576,248],[331,599],[523,-139],[-360,-247],[524,-528],[-27,-248],[936,-708],[357,108],[360,-813],[714,-494],[2299,-160],[1254,-935],[-249,-105],[579,-460],[-246,-316],[524,-531],[-140,-387],[248,-284],[-357,-634],[301,-142],[-853,-244],[359,-319],[-875,-440],[235,-427],[928,356],[98,-197],[-1681,-2151],[248,-71],[-193,-210],[82,-319],[-576,-457],[137,-247],[-304,-780],[304,-738],[-111,-319],[-867,-793],[-991,421],[-262,-17],[138,-177],[-151,-159],[-537,126],[907,-495],[-248,-529],[552,-708],[357,-105],[-357,-210],[249,-71],[-85,-176],[1020,-105],[-304,-356],[29,-739],[-304,-176],[138,-247],[-687,-813],[248,-71],[-193,-71],[138,-177],[-497,-633],[-1087,-654],[-1377,98],[261,-257],[-166,-248],[-661,-562],[-687,-37],[82,-319],[-992,-986],[-425,51],[-1005,-759],[-746,-105],[-137,-386],[-1348,-603],[-415,-739],[-521,-37],[-56,-457],[357,-742],[-301,-177],[190,-105],[-82,-389],[193,-353],[-766,-88],[34,-494],[1298,-566],[3566,-864],[714,-705],[29,-389],[249,-34],[-249,-143],[206,-264],[497,214],[936,-637],[1010,71],[-1602,901],[867,-54],[701,-159],[-40,-194],[3138,-142],[939,-640],[150,162],[-137,180],[700,88],[1058,634],[-217,335],[634,390],[-193,176],[468,386],[-193,319],[249,494],[-1652,1904],[-1240,390],[26,318],[-1184,881],[-27,390],[-1459,1518],[164,386],[1528,583],[1599,-634],[6113,-356],[2368,285],[-206,122],[2025,796],[812,-373],[232,-403],[883,0],[481,193],[-909,634],[746,108],[-249,210],[108,177],[759,-51],[1198,579],[798,1166],[2395,813],[111,176],[-248,34],[0,389],[867,-125],[373,583],[-854,495],[193,105],[-220,494],[-690,461],[1296,0],[-138,244],[524,390],[-167,389],[-1433,1200],[-798,176],[85,318],[-249,281],[301,143],[-742,599],[137,248],[-468,528],[29,248],[-798,742],[82,315],[-193,142],[193,71],[-910,247],[27,248],[-524,315],[140,179],[-248,282],[579,247],[53,457],[-1293,600],[468,352],[-304,566],[137,176],[-357,105],[-192,603],[-524,316],[138,176],[-468,176],[0,955],[248,315],[-111,248],[-1018,532],[-137,457],[-635,529],[193,105],[-468,318],[-219,708],[193,281],[-111,458],[-687,461],[-360,809],[-1047,708],[-2065,810],[82,176],[-2284,38],[246,176],[-576,34],[-1103,1623],[318,267],[510,-691],[1197,-298],[178,335],[592,-54],[592,478],[-632,-176],[302,386],[-632,884],[137,247],[-304,211],[193,71],[-412,34],[-138,460],[-359,105],[84,319],[-1845,1518],[193,67],[-85,251],[3897,1288],[-151,193],[799,318],[248,671],[1624,1376],[-138,138],[138,251],[-246,34],[193,247],[-304,34],[193,214],[-138,809],[965,814],[220,457],[-360,108],[193,68],[-193,180],[248,34],[193,599],[3567,864],[1033,512],[770,847],[166,389],[-248,72],[304,105],[-85,318],[415,34],[-137,247],[523,319],[-140,247],[468,315],[-137,353],[137,250],[-605,776],[-1790,1023],[-301,458],[-1640,935],[-2355,725],[193,247],[-357,139],[523,176],[220,424],[-193,179],[304,105],[-249,495],[138,176],[-357,105],[-468,671],[-1377,776],[-6432,1501],[-6112,281],[-1322,281],[-1211,-139],[-264,160],[209,122],[-2205,142],[0,352],[-1156,-281],[-372,227],[193,105],[-442,495],[-743,461],[-137,670],[-249,34],[-357,671],[-1432,1128],[-3276,1379],[40,193],[-4005,935],[0,600],[1086,17],[1089,373],[191,457],[359,176],[-137,390],[301,176],[-246,634],[193,108],[-579,810],[82,176],[-605,495],[-2279,1206]],[[164517,696274],[1081,0],[592,441],[-412,108],[-275,-285],[248,-105],[-264,-88],[-912,71]],[[188841,630421],[923,193],[-43,-193],[-880,0]],[[189074,630756],[1462,776],[-553,-671],[-909,-105]],[[194829,631708],[-976,-511],[-536,88],[1142,759],[370,-336]],[[197597,635926],[-1306,-440],[-608,-495],[359,-352],[-29,-251],[690,-457],[-428,-336],[-1914,231],[-82,318],[-687,315],[-29,390],[-413,247],[-193,600],[-579,176],[317,546],[1597,71],[828,-424],[1210,566],[1639,-159],[-372,-546]],[[199249,633595],[703,265],[-536,-404],[-262,17],[95,122]],[[198644,635289],[978,-298],[111,-461],[-1240,-1023],[-331,-566],[193,-139],[-166,-247],[-3498,-423],[828,742],[1901,670],[52,316],[-631,742],[248,71],[-193,176],[220,281],[1528,159]],[[202128,634073],[193,-390],[-373,-88],[-314,620],[314,85],[180,-227]],[[203119,635344],[-1541,-248],[426,478],[1364,-88],[-249,-142]],[[201837,635713],[-605,-424],[-206,302],[261,264],[550,-142]],[[203476,635625],[-39,-51],[-98,17],[137,34]],[[195614,636912],[42,-51],[-137,0],[95,51]],[[196896,639013],[-729,-193],[-593,545],[854,37],[-29,529],[206,159],[759,-511],[-468,-566]],[[180950,625461],[1282,-546],[605,139],[2686,-1145],[-248,-390],[357,-34],[-193,-494],[193,-176],[-799,-529],[579,-108],[-523,-34],[26,-319],[-811,-583],[-1322,637],[153,-335],[-2287,352],[193,71],[-137,248],[523,34],[109,318],[-1238,847],[164,566],[1074,105],[-577,634],[-29,670],[-412,214],[206,159],[426,-301]],[[179422,625410],[647,-231],[-193,-318],[193,-105],[-137,-247],[193,-282],[-249,-108],[-219,-671],[632,-528],[55,-600],[-798,213],[-880,705],[-360,600],[-357,105],[579,708],[-29,738],[923,21]],[[178211,624915],[-537,-759],[579,-600],[69,-477],[-1253,583],[-883,847],[304,423],[-82,319],[262,88],[1099,-214],[125,336],[261,17],[56,-563]],[[182190,626098],[579,-671],[-1679,491],[645,620],[455,-440]],[[186515,622320],[-373,-369],[-592,16],[592,475],[373,-122]],[[185661,622496],[108,352],[304,0],[-166,-457],[-246,105]],[[188674,629574],[-592,193],[854,-71],[-262,-122]],[[189005,629997],[-481,122],[1073,142],[-592,-264]],[[180511,630153],[-98,-17],[-40,54],[138,-37]],[[180318,630438],[206,193],[206,-265],[-412,72]],[[183760,633436],[166,-34],[-248,-142],[82,176]],[[183815,633612],[-97,-17],[-40,54],[137,-37]],[[185412,638555],[-151,-230],[-261,335],[412,-105]],[[175665,649282],[-196,-71],[524,-105],[-138,-139],[138,-247],[-524,-390],[29,-742],[-549,-495],[-1021,-210],[-550,353],[-441,847],[634,142],[-193,176],[1103,705],[811,301],[373,-125]],[[178584,649567],[-98,-17],[-40,50],[138,-33]],[[178417,649814],[-40,-54],[-97,17],[137,37]],[[192695,635642],[43,-51],[-138,0],[95,51]],[[192571,644484],[415,-494],[962,-390],[-192,-71],[192,-139],[-137,-176],[634,-176],[109,-461],[-193,-71],[193,-353],[-246,-281],[412,-281],[-248,-37],[-193,-458],[-2575,-1006],[-2369,634],[-1139,-85],[2392,-637],[167,-461],[-249,-281],[357,-105],[-108,-532],[-1184,-810],[-550,-775],[190,-143],[-164,-1023],[-634,-318],[415,-68],[108,-319],[-687,-176],[301,-213],[-190,-105],[523,71],[-98,264],[868,122],[467,-881],[468,34],[442,-423],[-468,-810],[579,139],[-278,-353],[-2958,-1287],[-1034,-88],[743,-71],[0,-248],[-756,-440],[-2411,17],[111,532],[524,386],[386,847],[-138,600],[193,284],[-248,244],[82,319],[-249,37],[138,244],[-246,37],[193,71],[-193,68],[108,390],[249,105],[-249,247],[415,671],[-193,142],[109,529],[801,952],[-249,108],[468,315],[-359,566],[140,176],[-471,176],[138,390],[-246,495],[164,352],[1528,1569],[592,-17],[386,-600],[219,319],[-468,318],[193,105],[-246,281],[688,742],[-138,248],[1322,918],[524,34],[467,952],[799,-71],[-193,-458],[690,-457],[-98,-268],[262,268],[-688,704],[593,370],[150,-122],[-193,-214],[357,-139]],[[193687,639667],[373,-88],[-249,-742],[357,-105],[166,-353],[-330,-599],[-2244,-654],[-593,440],[275,881],[1129,318],[-301,248],[330,566],[756,440],[98,-193],[-193,-71],[426,-88]],[[186047,643319],[137,-34],[-193,-71],[56,105]],[[199746,671216],[95,-51],[-137,0],[42,51]],[[168339,645508],[220,-177],[-442,-494],[-576,71],[468,352],[-29,387],[359,-139]],[[174507,646636],[-965,-918],[0,-248],[471,-176],[-167,-247],[-867,-298],[-42,264],[304,142],[-690,315],[634,356],[82,529],[550,423],[690,-142]],[[165928,646300],[43,-50],[-138,0],[95,50]],[[169344,647076],[262,-122],[-524,-176],[-468,-600],[-579,-37],[249,-315],[-262,-91],[-261,20],[-606,847],[206,264],[370,-125],[236,406],[1377,-71]],[[190271,645948],[-151,-688],[854,71],[-687,-247],[-85,-671],[-330,-352],[-962,-319],[-690,-813],[-246,71],[468,1132],[-193,139],[137,566],[-137,247],[1073,247],[304,742],[645,-125]],[[185494,650271],[3003,-528],[246,-1095],[415,-247],[-248,-281],[82,-532],[-249,-34],[249,-529],[-1349,-565],[-827,565],[-193,600],[-2229,1233],[-608,424],[85,179],[-249,244],[468,0],[-468,780],[262,264],[772,71],[838,-549]],[[189544,655458],[-42,-50],[-98,16],[42,51],[98,-17]],[[186734,655743],[-42,-54],[-95,17],[42,54],[95,-17]],[[182010,651806],[264,-159],[-140,-386],[690,-1237],[193,-813],[632,-386],[-82,-177],[359,-494],[-869,54],[-1306,722],[412,318],[-1515,1094],[-55,177],[743,247],[166,352],[-468,461],[164,210],[812,17]],[[175073,681451],[-648,194],[592,159],[207,-227],[-151,-126]],[[174409,682227],[318,-17],[-220,-457],[-481,-20],[151,267],[-304,-37],[55,319],[481,-55]],[[175623,682441],[42,-54],[-523,0],[481,54]],[[165611,638732],[537,369],[592,-17],[-756,-478],[-373,126]],[[164443,641361],[-16,-126],[-138,0],[154,126]],[[169439,641659],[-137,37],[98,17],[39,-54]],[[168696,642753],[-330,214],[523,71],[-193,-285]],[[174949,649848],[343,122],[95,-193],[-853,-34],[-193,-390],[-907,-457],[-85,-319],[-907,-671],[907,-881],[-1184,-952],[29,-389],[-249,-142],[249,-424],[-412,-671],[193,-176],[-1365,-583],[-716,0],[-648,654],[167,458],[523,176],[-248,108],[275,563],[1459,531],[-82,671],[193,68],[-248,37],[29,248],[-415,457],[470,566],[-29,386],[1515,180],[825,776],[-191,176],[315,298],[1145,-193]],[[165048,648913],[262,-122],[-193,0],[-69,122]],[[166203,651030],[1806,-54],[-2067,-600],[745,-281],[-690,-281],[-164,-390],[220,-142],[304,0],[-249,213],[151,193],[827,-138],[923,440],[-153,193],[-812,-335],[-386,494],[373,265],[1652,-353],[151,122],[-357,143],[743,142],[-82,-176],[412,-390],[-111,-600],[-867,-792],[-1308,616],[-56,-247],[579,-247],[-246,-600],[645,122],[373,-441],[-687,-423],[-30,-247],[-2064,-72],[-331,214],[-29,600],[-468,176],[193,71],[-137,247],[1295,319],[275,386],[-978,-407],[-439,353],[-1047,0],[40,338],[-301,421],[1292,108],[883,847],[-539,-159],[-370,474],[978,88],[108,-210]],[[172813,651172],[483,-125],[-978,-511],[-811,193],[412,-529],[-1528,-722],[-373,89],[27,457],[-302,390],[357,423],[-151,403],[2864,-68]],[[164112,650678],[426,-193],[-592,-302],[-867,159],[372,407],[661,-71]],[[137496,678294],[-137,34],[95,20],[42,-54]],[[137483,678487],[124,-51],[-304,0],[180,51]],[[173957,682492],[-193,-34],[40,54],[153,-20]],[[134591,681170],[-56,-71],[-425,193],[481,-122]],[[124566,687099],[539,-159],[-140,-176],[360,-176],[439,-742],[-1843,1128],[1073,247],[-428,-122]],[[123120,686906],[-95,-20],[-43,54],[138,-34]],[[81760,698165],[-193,-38],[40,55],[153,-17]],[[64148,698605],[98,-54],[-138,0],[40,54]],[[80671,704040],[42,-55],[-359,0],[317,55]],[[91423,710958],[84,-54],[-137,0],[53,54]],[[66890,713231],[-304,109],[206,156],[98,-265]],[[66572,713638],[43,-51],[-196,0],[153,51]],[[82284,722125],[2064,-810],[27,-247],[883,-495],[1567,-528],[579,-956],[3167,-2080],[0,-247],[-261,-88],[-606,142],[-592,-264],[1184,-532],[-412,-315],[357,-390],[-138,-247],[413,-319],[-357,-247],[468,-68],[-579,-495],[1184,-532],[-1129,-491],[0,-247],[579,-319],[-248,-71],[193,-247],[-304,-352],[373,125],[507,-407],[360,34],[275,-386],[-799,-37],[-304,-600],[-412,-34],[579,-142],[-95,-122],[-2369,0],[-978,-230],[-288,-336],[-3966,634],[-5012,0],[-2699,565],[-1597,-142],[-428,231],[-27,457],[-1694,725],[-1708,0],[-1914,440],[-825,566],[82,176],[-275,353],[-743,389],[468,-71],[-248,176],[412,34],[-82,600],[360,-34],[-193,176],[1734,742],[-29,248],[8454,3987],[-137,105],[275,285],[415,34],[-138,105],[220,213],[579,248],[-249,176],[1404,738],[-249,177],[759,20],[124,335],[756,160],[992,0],[291,-268]],[[71349,726008],[-95,-17],[-42,54],[95,17],[42,-54]],[[71955,726292],[-95,-20],[-43,54],[138,-34]],[[72740,727261],[-619,-545],[-412,-38],[137,-105],[-330,-352],[-304,71],[605,739],[635,247],[-193,247],[1293,0],[-812,-264]],[[73745,727668],[248,-109],[-357,0],[109,109]],[[74834,727756],[42,-54],[-523,3],[481,51]],[[75328,727827],[42,-54],[-193,0],[151,54]],[[379078,110345],[-1843,1040],[-2736,99],[-888,552],[222,1331],[-1092,1556],[-1306,-488],[-457,-1078],[-1965,-566],[-1266,322],[-2723,-406],[-2070,-1264],[-2543,-515],[-1896,-1033]],[[355317,128692],[883,819]],[[383405,129938],[1362,-318]],[[383474,125009],[2718,-1291]]],"bbox":[76.0964,51.7595,113.9229,81.275],"transform":{"scale":[0.00003782653782653782,0.000029515529515529522],"translate":[76.0964,51.7595]}}