{"type":"Topology","objects":{"muni":{"type":"GeometryCollection","geometries":[{"type":"MultiPolygon","arcs":[[[0,1,2,3,4,5,6,7,8,9,10,11]]],"properties":{"GID_2":"RUS.60.1_1","GID_0":"RUS","COUNTRY":"Russia","GID_1":"RUS.60_1","NAME_1":"Sakha","NL_NAME_1":"РеспубликаСаха","NAME_2":"Abyyskiyrayon","VARNAME_2":"NA","NL_NAME_2":"Абыйскийрайон","TYPE_2":"Raion","ENGTYPE_2":"District","CC_2":"R65000","HASC_2":"RU.SK.AB"}},{"type":"MultiPolygon","arcs":[[[12,13,14,15,16,17,18,19,20,21,22]]],"properties":{"GID_2":"RUS.60.2_1","GID_0":"RUS","COUNTRY":"Russia","GID_1":"RUS.60_1","NAME_1":"Sakha","NL_NAME_1":"РеспубликаСаха","NAME_2":"Aldanskiyrayon","VARNAME_2":"NA","NL_NAME_2":"Алданскийрайон","TYPE_2":"Raion","ENGTYPE_2":"District","CC_2":"R65000","HASC_2":"RU.SK.AL"}},{"type":"MultiPolygon","arcs":[[[23,24,25,26,27,28,29,30,31,32,33,-5]],[[34]],[[35]],[[36]],[[37]],[[38]],[[39]],[[40]],[[41]],[[42]],[[43]],[[44]],[[45]],[[46]],[[47]],[[48]],[[49]],[[50]],[[51]],[[52]],[[53]],[[54]],[[55]],[[56]],[[57]],[[58]],[[59]],[[60]],[[61]],[[62]],[[63]],[[64]],[[65]],[[66]],[[67]],[[68]],[[69]],[[70]],[[71]],[[72]],[[73]],[[74]],[[75]],[[76]],[[77]],[[78]],[[79]],[[80]],[[81]],[[82]],[[83]],[[84]],[[85]],[[86]],[[87]],[[88]],[[89]],[[90]],[[91]],[[92]],[[93]],[[94]],[[95]],[[96]],[[97]],[[98]],[[99]],[[100]],[[101]],[[102]],[[103]],[[104]],[[105]],[[106]],[[107]],[[108]],[[109]],[[110]],[[111]],[[112]],[[113]],[[114]],[[115]],[[116]],[[117]],[[118]],[[119]],[[120]],[[121]],[[122]],[[123]],[[124]],[[125]],[[126]],[[127]]],"properties":{"GID_2":"RUS.60.3_1","GID_0":"RUS","COUNTRY":"Russia","GID_1":"RUS.60_1","NAME_1":"Sakha","NL_NAME_1":"РеспубликаСаха","NAME_2":"Allaikhovskiyrayon","VARNAME_2":"NA","NL_NAME_2":"Аллаиховскийрайон","TYPE_2":"Raion","ENGTYPE_2":"District","CC_2":"R65000","HASC_2":"RU.SK.AI"}},{"type":"MultiPolygon","arcs":[[[-22,128,-20,129,130,131,132]]],"properties":{"GID_2":"RUS.60.4_1","GID_0":"RUS","COUNTRY":"Russia","GID_1":"RUS.60_1","NAME_1":"Sakha","NL_NAME_1":"РеспубликаСаха","NAME_2":"Amginskiyrayon","VARNAME_2":"NA","NL_NAME_2":"Амгинскийрайон","TYPE_2":"Raion","ENGTYPE_2":"District","CC_2":"R65000","HASC_2":"RU.SK.AM"}},{"type":"MultiPolygon","arcs":[[[133,134,135,136,137]],[[138]],[[139]],[[140]],[[141]],[[142]],[[143]],[[144]],[[145]],[[146]],[[147]],[[148]],[[149]],[[150]],[[151]],[[152]],[[153]],[[154]],[[155]],[[156]],[[157]],[[158]],[[159]],[[160]],[[161]],[[162]],[[163]],[[164]],[[165]],[[166]],[[167]],[[168]],[[169]],[[170]],[[171]],[[172]],[[173]],[[174]],[[175]],[[176]],[[177]],[[178]],[[179]],[[180]],[[181]],[[182]],[[183]],[[184]],[[185]],[[186]],[[187]],[[188]],[[189]],[[190]],[[191]],[[192]],[[193]],[[194]],[[195]],[[196]],[[197]],[[198]],[[199]],[[200]],[[201]],[[202]],[[203]],[[204]],[[205]],[[206]],[[207]],[[208]],[[209]],[[210]],[[211]],[[212]],[[213]]],"properties":{"GID_2":"RUS.60.5_1","GID_0":"RUS","COUNTRY":"Russia","GID_1":"RUS.60_1","NAME_1":"Sakha","NL_NAME_1":"РеспубликаСаха","NAME_2":"Anabarskiyrayon","VARNAME_2":"NA","NL_NAME_2":"Анабарскийрайон","TYPE_2":"Raion","ENGTYPE_2":"District","CC_2":"R65000","HASC_2":"RU.SK.AN"}},{"type":"MultiPolygon","arcs":[[[214]],[[215]],[[216]],[[217]],[[218]],[[219]],[[220]],[[221]],[[222]],[[223]],[[224]],[[225]],[[226]],[[227]],[[228]],[[229]],[[230]],[[231]],[[232]],[[233]],[[234]],[[235]],[[236]],[[237]],[[238]],[[239]],[[240]],[[241]],[[242]],[[243]],[[244]],[[245]],[[246]],[[247]],[[248]],[[249]],[[250]],[[251]],[[252]],[[253]],[[254]],[[255]],[[256]],[[257]],[[258]],[[259]],[[260]],[[261]],[[262]],[[263]],[[264]],[[265]],[[266]],[[267]],[[268]],[[269]],[[270]],[[271]],[[272]],[[273]],[[274]],[[275]],[[276]],[[277]],[[278]],[[279]],[[280]],[[281]],[[282]],[[283]],[[284]],[[285]],[[286]],[[287]],[[288]],[[289]],[[290]],[[291]],[[292]],[[293]],[[294]],[[295]],[[296]],[[297]],[[298]],[[299]],[[300]],[[301]],[[302]],[[303]],[[304]],[[305]],[[306]],[[307]],[[308]],[[309]],[[310]],[[311]],[[312]],[[313]],[[314]],[[315]],[[316]],[[317]],[[318]],[[319]],[[320]],[[321]],[[322]],[[323]],[[324]],[[325]],[[326]],[[327]],[[328]],[[329]],[[330]],[[331]],[[332]],[[333]],[[334]],[[335]],[[336]],[[337]],[[338]],[[339]],[[340]],[[341]],[[342]],[[343]],[[344]],[[345]],[[346]],[[347]],[[348]],[[349]],[[350]],[[351]],[[352]],[[353]],[[354]],[[355]],[[356]],[[357]],[[358]],[[359]],[[360]],[[361]],[[362]],[[363]],[[364]],[[365]],[[366]],[[367]],[[368]],[[369]],[[370]],[[371]],[[372]],[[373]],[[374]],[[375]],[[376]],[[377]],[[378]],[[379]],[[380]],[[381]],[[382]],[[383]],[[384]],[[385]],[[386]],[[387]],[[388]],[[389]],[[390]],[[391]],[[392]],[[393]],[[394]],[[395]],[[396]],[[397]],[[398]],[[399]],[[400]],[[401]],[[402]],[[403]],[[404]],[[405]],[[406]],[[407]],[[408]],[[409]],[[410]],[[411]],[[412]],[[413]],[[414]],[[415]],[[416]],[[417]],[[418]],[[419]],[[420]],[[421]],[[422]],[[423]],[[424]],[[425]],[[426]],[[427]],[[428]],[[429]],[[430]],[[431]],[[432]],[[433]],[[434]],[[435]],[[436]],[[437]],[[438]],[[439]],[[440]],[[441]],[[442]],[[443]],[[444]],[[445]],[[446]],[[447]],[[448]],[[449]],[[450]],[[451]],[[452]],[[453]],[[454]],[[455]],[[456]],[[457]],[[458]],[[459]],[[460]],[[461]],[[462]],[[463]],[[464]],[[465]],[[466]],[[467]],[[468]],[[469]],[[470]],[[471]],[[472]],[[473]],[[474]],[[475]],[[476]],[[477]],[[478]],[[479]],[[480]],[[481]],[[482]],[[483]],[[484]],[[485]],[[486]],[[487]],[[488]],[[489]],[[490]],[[491]],[[492]],[[493]],[[494]],[[495]],[[496]],[[497]],[[498]],[[499]],[[500]],[[501]],[[502]],[[503]],[[504]],[[505]],[[506]],[[507]],[[508]],[[509]],[[510]],[[511]],[[512]],[[513]],[[514]],[[515]],[[516]],[[517]],[[518]],[[519]],[[520]],[[521]],[[522]],[[523]],[[524]],[[525]],[[526]],[[527]],[[528]],[[529]],[[530]],[[531]],[[532]],[[533]],[[534]],[[535]],[[536]],[[537]],[[538]],[[539]],[[540]],[[541]],[[542]],[[543]],[[544]],[[545]],[[546]],[[547]],[[548]],[[549]],[[550]],[[551]],[[552]],[[553]],[[554]],[[555]],[[556]],[[557]],[[558]],[[559]],[[560]],[[561]],[[562]],[[563]],[[564]],[[565]],[[566]],[[567]],[[568]],[[569]],[[570]],[[571]],[[572]],[[573]],[[574]],[[575]],[[576]],[[577]],[[578]],[[579]],[[580]],[[581]],[[582]],[[583]],[[584]],[[585]],[[586]],[[587]],[[588]],[[589]],[[590]],[[591]],[[592,593,594,595,596,597,598,599,600,601,602,603,604,-136]],[[605]],[[606]],[[607]],[[608]],[[609]],[[610]],[[611]],[[612]],[[613]],[[614]],[[615]],[[616]],[[617]],[[618]],[[619]],[[620]],[[621]],[[622]],[[623]],[[624]],[[625]],[[626]],[[627]],[[628]],[[629]],[[630]],[[631]],[[632]],[[633]],[[634]],[[635]],[[636]],[[637]],[[638]],[[639]],[[640]],[[641]],[[642]],[[643]],[[644]],[[645]],[[646]],[[647]],[[648]],[[649]],[[650]],[[651]],[[652]],[[653]],[[654]],[[655]],[[656]],[[657]],[[658]],[[659]],[[660]],[[661]],[[662]],[[663]],[[664]],[[665]],[[666]],[[667]],[[668]],[[669]],[[670]],[[671]],[[672]],[[673]],[[674]],[[675]],[[676]],[[677]],[[678]],[[679]],[[680]],[[681]],[[682]],[[683]],[[684]],[[685]],[[686]],[[687]],[[688]],[[689]],[[690]],[[691]],[[692]],[[693]],[[694]],[[695]],[[696]],[[697]],[[698]],[[699]],[[700]],[[701]],[[702]],[[703]],[[704]],[[705]],[[706]],[[707]],[[708]],[[709]],[[710]],[[711]],[[712]],[[713]],[[714]],[[715]],[[716]],[[717]],[[718]],[[719]],[[720]],[[721]],[[722]],[[723]],[[724]],[[725]],[[726]],[[727]],[[728]],[[729]],[[730]],[[731]],[[732]],[[733]],[[734]],[[735]],[[736]],[[737]],[[738]],[[739]],[[740]],[[741]],[[742]],[[743]],[[744]],[[745]],[[746]],[[747]],[[748]],[[749]],[[750]],[[751]],[[752]],[[753]],[[754]],[[755]],[[756]],[[757]],[[758]],[[759]],[[760]],[[761]],[[762]],[[763]],[[764]],[[765]],[[766]],[[767]],[[768]],[[769]],[[770]],[[771]],[[772]],[[773]],[[774]],[[775]],[[776]],[[777]],[[778]],[[779]],[[780]],[[781]],[[782]],[[783]],[[784]],[[785]],[[786]],[[787]],[[788]],[[789]],[[790]],[[791]],[[792]],[[793]],[[794]],[[795]],[[796]],[[797]],[[798]],[[799]],[[800]],[[801]],[[802]],[[803]],[[804]],[[805]],[[806]],[[807]],[[808]],[[809]],[[810]],[[811]],[[812]],[[813]],[[814]],[[815]],[[816]],[[817]],[[818]],[[819]],[[820]],[[821]],[[822]],[[823]],[[824]],[[825]],[[826]],[[827]],[[828]],[[829]],[[830]],[[831]],[[832]],[[833]],[[834]],[[835]],[[836]],[[837]],[[838]],[[839]],[[840]],[[841]],[[842]],[[843]],[[844]],[[845]],[[846]],[[847]],[[848]],[[849]],[[850]],[[851]],[[852]],[[853]],[[854]],[[855]],[[856]],[[857]],[[858]],[[859]],[[860]],[[861]],[[862]],[[863]],[[864]],[[865]],[[866]],[[867]],[[868]],[[869]],[[870]],[[871]],[[872]]],"properties":{"GID_2":"RUS.60.6_1","GID_0":"RUS","COUNTRY":"Russia","GID_1":"RUS.60_1","NAME_1":"Sakha","NL_NAME_1":"РеспубликаСаха","NAME_2":"Bulunskiyrayon","VARNAME_2":"NA","NL_NAME_2":"Булунскийрайон","TYPE_2":"Raion","ENGTYPE_2":"District","CC_2":"R65000","HASC_2":"RU.SK.BU"}},{"type":"MultiPolygon","arcs":[[[-132,873,874,875,876]]],"properties":{"GID_2":"RUS.60.7_1","GID_0":"RUS","COUNTRY":"Russia","GID_1":"RUS.60_1","NAME_1":"Sakha","NL_NAME_1":"РеспубликаСаха","NAME_2":"Churapchinskiyrayon","VARNAME_2":"NA","NL_NAME_2":"Чурапчинскийрайон","TYPE_2":"Raion","ENGTYPE_2":"District","CC_2":"R65003","HASC_2":"RU.SK.CH"}},{"type":"MultiPolygon","arcs":[[[877,-602,878,879,880,881,882,883]]],"properties":{"GID_2":"RUS.60.8_1","GID_0":"RUS","COUNTRY":"Russia","GID_1":"RUS.60_1","NAME_1":"Sakha","NL_NAME_1":"РеспубликаСаха","NAME_2":"Eveno-Bytantayskiyrayon","VARNAME_2":"NA","NL_NAME_2":"NA","TYPE_2":"Raion","ENGTYPE_2":"District","CC_2":"R65000","HASC_2":"RU.SK.EV"}},{"type":"MultiPolygon","arcs":[[[884,885,886,887,888,889,890,891]]],"properties":{"GID_2":"RUS.60.9_1","GID_0":"RUS","COUNTRY":"Russia","GID_1":"RUS.60_1","NAME_1":"Sakha","NL_NAME_1":"РеспубликаСаха","NAME_2":"Gornyyrayon","VARNAME_2":"NA","NL_NAME_2":"Горныйрайон","TYPE_2":"Raion","ENGTYPE_2":"District","CC_2":"R65001","HASC_2":"RU.SK.GO"}},{"type":"MultiPolygon","arcs":[[[-19,892,893,-885,894,895,896,897,-130]]],"properties":{"GID_2":"RUS.60.10_1","GID_0":"RUS","COUNTRY":"Russia","GID_1":"RUS.60_1","NAME_1":"Sakha","NL_NAME_1":"РеспубликаСаха","NAME_2":"Khangalasskiy(Ordzhonikidzkiy)","VARNAME_2":"NA","NL_NAME_2":"Хангаласскийрайон","TYPE_2":"Raion","ENGTYPE_2":"District","CC_2":"R65003","HASC_2":"RU.SK.KH"}},{"type":"MultiPolygon","arcs":[[[-882,898,899,900,901,902,-890,903,904]]],"properties":{"GID_2":"RUS.60.11_1","GID_0":"RUS","COUNTRY":"Russia","GID_1":"RUS.60_1","NAME_1":"Sakha","NL_NAME_1":"РеспубликаСаха","NAME_2":"Kobyayskiyrayon","VARNAME_2":"NA","NL_NAME_2":"Кобяйскийрайон","TYPE_2":"Raion","ENGTYPE_2":"District","CC_2":"R65001","HASC_2":"RU.SK.KO"}},{"type":"MultiPolygon","arcs":[[[905,906,907,908]]],"properties":{"GID_2":"RUS.60.12_1","GID_0":"RUS","COUNTRY":"Russia","GID_1":"RUS.60_1","NAME_1":"Sakha","NL_NAME_1":"РеспубликаСаха","NAME_2":"Lenskiyrayon","VARNAME_2":"NA","NL_NAME_2":"Ленскийрайон","TYPE_2":"Raion","ENGTYPE_2":"District","CC_2":"R65001","HASC_2":"RU.SK.LE"}},{"type":"MultiPolygon","arcs":[[[-131,-898,909,910,-874]]],"properties":{"GID_2":"RUS.60.13_1","GID_0":"RUS","COUNTRY":"Russia","GID_1":"RUS.60_1","NAME_1":"Sakha","NL_NAME_1":"РеспубликаСаха","NAME_2":"Megino-Kangalasskiyrayon","VARNAME_2":"NA","NL_NAME_2":"Мегино-Кангаласскийрайон","TYPE_2":"Raion","ENGTYPE_2":"District","CC_2":"R65001","HASC_2":"RU.SK.ME"}},{"type":"MultiPolygon","arcs":[[[911,912,913,914,915,916,-907],[917]]],"properties":{"GID_2":"RUS.60.14_1","GID_0":"RUS","COUNTRY":"Russia","GID_1":"RUS.60_1","NAME_1":"Sakha","NL_NAME_1":"РеспубликаСаха","NAME_2":"Mirninskiyrayon","VARNAME_2":"NA","NL_NAME_2":"Мирнинскийрайон","TYPE_2":"Raion","ENGTYPE_2":"District","CC_2":"R65001","HASC_2":"RU.SK.MR"}},{"type":"MultiPolygon","arcs":[[[-918]]],"properties":{"GID_2":"RUS.60.15_1","GID_0":"RUS","COUNTRY":"Russia","GID_1":"RUS.60_1","NAME_1":"Sakha","NL_NAME_1":"РеспубликаСаха","NAME_2":"Mirnyy","VARNAME_2":"NA","NL_NAME_2":"Мирный","TYPE_2":"Gorod","ENGTYPE_2":"City","CC_2":"NA","HASC_2":"RU.SK.MG"}},{"type":"MultiPolygon","arcs":[[[918,919,920,921,922,923,-12,924,-10,925]]],"properties":{"GID_2":"RUS.60.16_1","GID_0":"RUS","COUNTRY":"Russia","GID_1":"RUS.60_1","NAME_1":"Sakha","NL_NAME_1":"РеспубликаСаха","NAME_2":"Momskiyrayon","VARNAME_2":"NA","NL_NAME_2":"Момскийрайон","TYPE_2":"Raion","ENGTYPE_2":"District","CC_2":"R65001","HASC_2":"RU.SK.MO"}},{"type":"MultiPolygon","arcs":[[[-891,-903,926,927,928]]],"properties":{"GID_2":"RUS.60.17_1","GID_0":"RUS","COUNTRY":"Russia","GID_1":"RUS.60_1","NAME_1":"Sakha","NL_NAME_1":"РеспубликаСаха","NAME_2":"Namskiyrayon","VARNAME_2":"NA","NL_NAME_2":"Намскийрайон","TYPE_2":"Raion","ENGTYPE_2":"District","CC_2":"R65001","HASC_2":"RU.SK.NA"}},{"type":"MultiPolygon","arcs":[[[929,930,-16,931,-14,932]]],"properties":{"GID_2":"RUS.60.18_1","GID_0":"RUS","COUNTRY":"Russia","GID_1":"RUS.60_1","NAME_1":"Sakha","NL_NAME_1":"РеспубликаСаха","NAME_2":"Neryungrigorsovet","VARNAME_2":"Neryungri","NL_NAME_2":"Нерюнгри(горсовет)","TYPE_2":"Gorsovet","ENGTYPE_2":"District","CC_2":"R65003","HASC_2":"RU.SK.NE"}},{"type":"MultiPolygon","arcs":[[[933]],[[934]],[[935]],[[936]],[[937]],[[938]],[[939]],[[940]],[[941]],[[942]],[[943]],[[944]],[[945]],[[946]],[[947]],[[948]],[[949]],[[950]],[[951]],[[952]],[[953]],[[954]],[[955]],[[956]],[[957]],[[958]],[[959]],[[960]],[[961]],[[962]],[[963]],[[964]],[[965]],[[966]],[[967]],[[968]],[[969]],[[970]],[[971]],[[972]],[[973]],[[974]],[[975]],[[976]],[[977]],[[978]],[[979]],[[980]],[[981]],[[982]],[[983]],[[984]],[[985]],[[986]],[[987]],[[988]],[[989]],[[990]],[[991]],[[992]],[[993]],[[994]],[[995]],[[996]],[[997]],[[998]],[[999]],[[1000]],[[1001]],[[1002]],[[1003]],[[1004]],[[1005]],[[1006]],[[1007]],[[1008]],[[1009]],[[1010]],[[1011]],[[1012]],[[1013]],[[1014]],[[1015]],[[1016]],[[1017]],[[1018]],[[1019]],[[1020]],[[1021]],[[1022]],[[1023]],[[1024]],[[1025]],[[1026]],[[1027]],[[1028]],[[1029]],[[1030]],[[1031]],[[1032]],[[1033]],[[1034]],[[1035]],[[1036]],[[1037]],[[1038]],[[1039]],[[1040]],[[1041]],[[1042]],[[1043]],[[1044]],[[1045]],[[1046]],[[1047]],[[1048]],[[1049]],[[1050]],[[1051]],[[1052]],[[1053]],[[1054]],[[1055]],[[1056]],[[1057]],[[1058]],[[1059]],[[1060]],[[1061]],[[1062]],[[1063]],[[1064]],[[1065]],[[1066]],[[1067]],[[1068]],[[1069]],[[1070]],[[1071]],[[1072]],[[1073]],[[1074]],[[1075]],[[1076]],[[1077]],[[1078]],[[1079]],[[1080]],[[1081]],[[1082]],[[1083]],[[1084]],[[1085]],[[1086]],[[1087]],[[1088]],[[1089]],[[1090]],[[1091]],[[1092]],[[1093]],[[1094]],[[1095]],[[1096]],[[1097]],[[1098]],[[1099]],[[1100]],[[1101]],[[1102]],[[1103]],[[1104]],[[1105]],[[1106]],[[1107]],[[1108]],[[1109]],[[1110]],[[1111]],[[1112]],[[1113]],[[1114]],[[1115]],[[1116]],[[1117]],[[1118]],[[1119]],[[1120]],[[1121]],[[1122]],[[1123]],[[1124]],[[1125]],[[1126]],[[1127]],[[1128]],[[1129]],[[1130]],[[1131]],[[1132]],[[1133]],[[1134]],[[1135]],[[1136]],[[1137]],[[1138]],[[1139]],[[1140]],[[1141]],[[1142]],[[1143]],[[1144]],[[1145]],[[1146]],[[1147]],[[1148]],[[1149]],[[1150]],[[1151]],[[1152]],[[1153]],[[1154]],[[1155]],[[1156]],[[1157]],[[1158]],[[1159]],[[1160]],[[1161]],[[1162]],[[1163]],[[1164]],[[1165]],[[1166]],[[1167]],[[1168]],[[1169]],[[1170]],[[1171]],[[1172]],[[1173]],[[1174]],[[1175]],[[1176]],[[1177]],[[1178]],[[1179]],[[1180]],[[1181]],[[1182]],[[1183]]],"properties":{"GID_2":"RUS.60.19_1","GID_0":"RUS","COUNTRY":"Russia","GID_1":"RUS.60_1","NAME_1":"Sakha","NL_NAME_1":"РеспубликаСаха","NAME_2":"NewSiberiaIslands","VARNAME_2":"NovosibirskiyeOstrova","NL_NAME_2":"Новосиби́рскиеострова","TYPE_2":"Islands","ENGTYPE_2":"Islands","CC_2":"NA","HASC_2":"NA"}},{"type":"MultiPolygon","arcs":[[[1184,1185,-31,1186,1187]],[[1188]],[[1189]],[[1190]],[[1191]],[[1192]],[[1193]],[[1194]],[[1195]],[[1196]],[[1197]],[[1198]],[[1199]],[[1200]],[[1201]],[[1202]],[[1203]],[[1204]],[[1205]],[[1206]],[[1207]],[[1208]],[[1209]],[[1210]],[[1211]],[[1212]],[[1213]],[[1214]],[[1215]],[[1216]],[[1217]],[[1218]],[[1219]],[[1220]],[[1221]],[[1222]],[[1223]],[[1224]],[[1225]],[[1226]],[[1227]],[[1228]],[[1229]],[[1230]],[[1231]],[[1232]],[[1233]],[[1234]],[[1235]],[[1236]],[[1237]],[[1238]],[[1239]],[[1240]],[[1241]],[[1242]],[[1243]],[[1244]],[[1245]],[[1246]],[[1247]],[[1248]],[[1249]],[[1250]],[[1251]],[[1252]],[[1253]],[[1254]],[[1255]],[[1256]],[[1257]],[[1258]],[[1259]],[[1260]],[[1261]],[[1262]],[[1263]],[[1264]],[[1265]],[[1266]],[[1267]],[[1268]],[[1269]],[[1270]],[[1271]],[[1272]],[[1273]],[[1274]],[[1275]],[[1276]],[[1277]],[[1278]],[[1279]],[[1280]],[[1281]],[[1282]]],"properties":{"GID_2":"RUS.60.20_1","GID_0":"RUS","COUNTRY":"Russia","GID_1":"RUS.60_1","NAME_1":"Sakha","NL_NAME_1":"РеспубликаСаха","NAME_2":"Nizhnekolymskiyrayon","VARNAME_2":"NA","NL_NAME_2":"Нижнеколымскийрайон","TYPE_2":"Raion","ENGTYPE_2":"District","CC_2":"R65001","HASC_2":"RU.SK.NI"}},{"type":"MultiPolygon","arcs":[[[1283,-915,1284,1285,1286,1287]]],"properties":{"GID_2":"RUS.60.21_1","GID_0":"RUS","COUNTRY":"Russia","GID_1":"RUS.60_1","NAME_1":"Sakha","NL_NAME_1":"РеспубликаСаха","NAME_2":"Nyurbinskiyrayon","VARNAME_2":"Leninskiy","NL_NAME_2":"Нюрбинскийрайон","TYPE_2":"Raion","ENGTYPE_2":"District","CC_2":"R65002","HASC_2":"RU.SK.NR"}},{"type":"MultiPolygon","arcs":[[[1288,-909,1289,1290,1291,1292,-887,1293,-893,-18,1294,-930]]],"properties":{"GID_2":"RUS.60.22_1","GID_0":"RUS","COUNTRY":"Russia","GID_1":"RUS.60_1","NAME_1":"Sakha","NL_NAME_1":"РеспубликаСаха","NAME_2":"Olekminskiyrayon","VARNAME_2":"NA","NL_NAME_2":"Олекминскийрайон","TYPE_2":"Raion","ENGTYPE_2":"District","CC_2":"R65002","HASC_2":"RU.SK.OL"}},{"type":"MultiPolygon","arcs":[[[1295,-137,-605,1296,1297,1298,1299,-1286,1300,-913]]],"properties":{"GID_2":"RUS.60.23_1","GID_0":"RUS","COUNTRY":"Russia","GID_1":"RUS.60_1","NAME_1":"Sakha","NL_NAME_1":"РеспубликаСаха","NAME_2":"Olenekskiyrayon","VARNAME_2":"NA","NL_NAME_2":"Оленекскийрайон","TYPE_2":"Raion","ENGTYPE_2":"District","CC_2":"R65002","HASC_2":"RU.SK.ON"}},{"type":"MultiPolygon","arcs":[[[1301,1302,-920,1303]]],"properties":{"GID_2":"RUS.60.24_1","GID_0":"RUS","COUNTRY":"Russia","GID_1":"RUS.60_1","NAME_1":"Sakha","NL_NAME_1":"РеспубликаСаха","NAME_2":"Oymyakonskiyrayon","VARNAME_2":"NA","NL_NAME_2":"Оймяконскийрайон","TYPE_2":"Raion","ENGTYPE_2":"District","CC_2":"R65002","HASC_2":"RU.SK.OY"}},{"type":"MultiPolygon","arcs":[[[1304,1305,1306,-7,-33,1307,-1185]]],"properties":{"GID_2":"RUS.60.25_1","GID_0":"RUS","COUNTRY":"Russia","GID_1":"RUS.60_1","NAME_1":"Sakha","NL_NAME_1":"РеспубликаСаха","NAME_2":"Srednekolymskiyrayon","VARNAME_2":"NA","NL_NAME_2":"Среднеколымскийрайон","TYPE_2":"Raion","ENGTYPE_2":"District","CC_2":"R65002","HASC_2":"RU.SK.SR"}},{"type":"MultiPolygon","arcs":[[[-908,-917,1308,-1288,1309,1310,-1290]]],"properties":{"GID_2":"RUS.60.26_1","GID_0":"RUS","COUNTRY":"Russia","GID_1":"RUS.60_1","NAME_1":"Sakha","NL_NAME_1":"РеспубликаСаха","NAME_2":"Suntarskiyrayon","VARNAME_2":"NA","NL_NAME_2":"Сунтарскийрайон","TYPE_2":"Raion","ENGTYPE_2":"District","CC_2":"R65002","HASC_2":"RU.SK.SU"}},{"type":"MultiPolygon","arcs":[[[-876,1311,1312,1313,1314,1315,1316]]],"properties":{"GID_2":"RUS.60.27_1","GID_0":"RUS","COUNTRY":"Russia","GID_1":"RUS.60_1","NAME_1":"Sakha","NL_NAME_1":"РеспубликаСаха","NAME_2":"Tattinskiyrayon","VARNAME_2":"Alekseyevskiy","NL_NAME_2":"Таттинскийрайон","TYPE_2":"Raion","ENGTYPE_2":"District","CC_2":"R65002","HASC_2":"RU.SK.TA"}},{"type":"MultiPolygon","arcs":[[[-901,1317,-921,-1303,1318,1319,1320,-1315,1321,-1313,1322]]],"properties":{"GID_2":"RUS.60.28_1","GID_0":"RUS","COUNTRY":"Russia","GID_1":"RUS.60_1","NAME_1":"Sakha","NL_NAME_1":"РеспубликаСаха","NAME_2":"Tomponskiyrayon","VARNAME_2":"NA","NL_NAME_2":"Томпонскийрайон","TYPE_2":"Raion","ENGTYPE_2":"District","CC_2":"R65002","HASC_2":"RU.SK.TO"}},{"type":"MultiPolygon","arcs":[[[-875,-911,-927,-902,-1323,-1312]]],"properties":{"GID_2":"RUS.60.29_1","GID_0":"RUS","COUNTRY":"Russia","GID_1":"RUS.60_1","NAME_1":"Sakha","NL_NAME_1":"РеспубликаСаха","NAME_2":"Ust'-Aldanskiyrayon","VARNAME_2":"NA","NL_NAME_2":"Усть-Алданскийрайон","TYPE_2":"Raion","ENGTYPE_2":"District","CC_2":"R65002","HASC_2":"RU.SK.UA"}},{"type":"MultiPolygon","arcs":[[[-23,-133,-877,-1317,1323,-1321,1324,-1319,-1302,1325]]],"properties":{"GID_2":"RUS.60.30_1","GID_0":"RUS","COUNTRY":"Russia","GID_1":"RUS.60_1","NAME_1":"Sakha","NL_NAME_1":"РеспубликаСаха","NAME_2":"Ust'-Mayskiyrayon","VARNAME_2":"NA","NL_NAME_2":"Усть-Майскийрайон","TYPE_2":"Raion","ENGTYPE_2":"District","CC_2":"R65002","HASC_2":"RU.SK.UM"}},{"type":"MultiPolygon","arcs":[[[-1,-924,1326,1327,-599,1328,-25,1329,-3,1330]],[[1331]],[[1332]],[[1333]],[[1334]],[[1335]],[[1336]],[[1337]],[[1338]],[[1339]],[[1340]],[[1341]],[[1342]],[[1343]],[[1344]],[[1345]],[[1346]],[[1347]],[[1348]],[[1349]],[[1350]],[[1351]],[[1352]],[[1353]],[[1354]],[[1355]],[[1356]],[[1357]],[[1358]],[[1359]],[[1360]],[[1361]],[[1362]],[[1363]],[[1364]],[[1365]],[[1366]],[[1367]],[[1368]],[[1369]],[[1370]],[[1371]],[[1372]],[[1373]],[[1374]],[[1375]],[[1376]],[[1377]],[[1378]],[[1379]],[[1380]],[[1381]],[[1382]],[[1383]],[[1384]],[[1385]],[[1386]],[[1387]],[[1388]],[[1389]],[[1390]],[[1391]],[[1392]],[[1393]],[[1394]],[[1395]],[[1396]],[[1397]],[[1398]],[[1399]],[[1400]],[[1401]],[[1402]],[[1403]],[[1404]],[[1405]],[[1406]],[[1407]],[[1408]],[[1409]],[[1410]],[[1411]],[[1412]],[[1413]],[[1414]],[[1415]],[[1416]],[[1417]],[[1418]],[[1419]],[[1420]],[[1421]],[[1422]],[[1423]],[[1424]],[[1425]],[[1426]],[[1427]],[[1428]],[[1429]],[[1430]],[[1431]],[[1432]],[[1433]],[[1434]],[[1435]],[[1436]],[[1437]],[[1438]],[[1439]],[[1440]],[[1441]],[[1442]],[[1443]],[[1444]],[[1445]],[[1446]],[[1447]],[[1448]],[[1449]],[[1450]],[[1451]],[[1452]],[[1453]],[[1454]],[[1455]],[[1456]],[[1457]],[[1458]],[[1459]],[[1460]],[[1461]],[[1462]],[[1463]],[[1464]],[[1465]],[[1466]],[[1467]],[[1468]],[[1469]],[[1470]],[[1471]],[[1472]],[[1473]],[[1474]],[[1475]],[[1476]],[[1477]],[[1478]],[[1479]],[[1480]],[[1481]],[[1482]],[[1483]],[[1484]],[[1485]],[[1486,-27]],[[1487]],[[1488]],[[1489]],[[1490]],[[1491]],[[1492]],[[1493]],[[1494]],[[1495]],[[1496,1497]],[[1498]],[[1499]],[[1500]],[[1501]],[[1502]],[[1503]],[[1504]],[[1505]],[[1506]],[[1507]],[[1508]]],"properties":{"GID_2":"RUS.60.31_1","GID_0":"RUS","COUNTRY":"Russia","GID_1":"RUS.60_1","NAME_1":"Sakha","NL_NAME_1":"РеспубликаСаха","NAME_2":"Ust'-Yanskiyrayon","VARNAME_2":"NA","NL_NAME_2":"Усть-Янскийрайон","TYPE_2":"Raion","ENGTYPE_2":"District","CC_2":"R65003","HASC_2":"RU.SK.UY"}},{"type":"MultiPolygon","arcs":[[[1509,-926,-9,1510,-1306]]],"properties":{"GID_2":"RUS.60.32_1","GID_0":"RUS","COUNTRY":"Russia","GID_1":"RUS.60_1","NAME_1":"Sakha","NL_NAME_1":"РеспубликаСаха","NAME_2":"Verkhnekolymskiyrayon","VARNAME_2":"NA","NL_NAME_2":"Верхнеколымскийрайон","TYPE_2":"Raion","ENGTYPE_2":"District","CC_2":"R65000","HASC_2":"RU.SK.VK"}},{"type":"MultiPolygon","arcs":[[[-888,-1293,1511,1512,-1310,-1287,-1300,1513]]],"properties":{"GID_2":"RUS.60.33_1","GID_0":"RUS","COUNTRY":"Russia","GID_1":"RUS.60_1","NAME_1":"Sakha","NL_NAME_1":"РеспубликаСаха","NAME_2":"Verkhnevilyuyskiyrayon","VARNAME_2":"NA","NL_NAME_2":"Верхневилюйскийрайон","TYPE_2":"Raion","ENGTYPE_2":"District","CC_2":"R65000","HASC_2":"RU.SK.VV"}},{"type":"MultiPolygon","arcs":[[[1514,-600,-1328,1515,-922,-1318,-900,1516,-880]]],"properties":{"GID_2":"RUS.60.34_1","GID_0":"RUS","COUNTRY":"Russia","GID_1":"RUS.60_1","NAME_1":"Sakha","NL_NAME_1":"РеспубликаСаха","NAME_2":"Verkhoyanskiyrayon","VARNAME_2":"NA","NL_NAME_2":"Верхоянскийрайон","TYPE_2":"Raion","ENGTYPE_2":"District","CC_2":"R65000","HASC_2":"RU.SK.VE"}},{"type":"MultiPolygon","arcs":[[[-889,-1514,-1299,1517,1518,-904]]],"properties":{"GID_2":"RUS.60.35_1","GID_0":"RUS","COUNTRY":"Russia","GID_1":"RUS.60_1","NAME_1":"Sakha","NL_NAME_1":"РеспубликаСаха","NAME_2":"Vilyuyskiyrayon","VARNAME_2":"NA","NL_NAME_2":"Вилюйскийрайон","TYPE_2":"Raion","ENGTYPE_2":"District","CC_2":"R65001","HASC_2":"RU.SK.VI"}},{"type":"MultiPolygon","arcs":[[[-892,-929,1519,-910,-897,1520,-895]]],"properties":{"GID_2":"RUS.60.36_1","GID_0":"RUS","COUNTRY":"Russia","GID_1":"RUS.60_1","NAME_1":"Sakha","NL_NAME_1":"РеспубликаСаха","NAME_2":"Yakutskgorsovet","VARNAME_2":"Yakutsk","NL_NAME_2":"Якутск(горсовет)","TYPE_2":"Gorsovet","ENGTYPE_2":"District","CC_2":"R65003","HASC_2":"RU.SK.YA"}},{"type":"MultiPolygon","arcs":[[[-604,1521,-884,1522,-905,-1519,1523,-1297]]],"properties":{"GID_2":"RUS.60.37_1","GID_0":"RUS","COUNTRY":"Russia","GID_1":"RUS.60_1","NAME_1":"Sakha","NL_NAME_1":"РеспубликаСаха","NAME_2":"Zhiganskiyrayon","VARNAME_2":"NA","NL_NAME_2":"Жиганскийрайон","TYPE_2":"Raion","ENGTYPE_2":"District","CC_2":"R65001","HASC_2":"RU.SK.ZH"}}]}},"arcs":[[[622770,576710],[-135,1040],[-814,1670],[-1614,2390],[-1484,3534],[-227,3171],[1048,3105],[1668,2725],[-58,2014],[-1411,1712],[-1055,2494],[2091,6328],[1717,1252],[3642,226],[1662,1388],[4895,5909],[1659,3120],[-372,1779],[-5214,10233],[21,2536],[-320,5477],[34,3308],[1118,2051],[2331,1332],[3527,306],[2398,-447],[2002,-1172],[2522,-334],[4371,734],[2071,706],[947,2969]],[[649790,648266],[-3825,4517]],[[645965,652783],[697,1623],[-746,2357],[-2634,974],[-861,2273],[1656,1647]],[[644077,661657],[3509,1110]],[[647586,662767],[7691,-2503],[2000,1985],[1874,-258],[1750,-1450],[1359,151],[2135,2207],[2545,-433],[1905,-2113],[4055,772],[1390,-325],[75,-1444],[-1493,-1431],[-441,-2089],[2331,-1430],[1182,-1722],[2093,-842],[4120,2602],[1118,2042],[2185,1562],[1244,-236],[1831,-1962],[1745,-164],[2749,974],[2257,2362],[2592,1025],[2754,-498],[5449,-2800],[2714,-127],[1259,-814],[236,-1731],[832,-1200],[1973,-1322],[1043,-1525],[594,-1520],[2751,-1284],[4533,-235],[9740,4677],[5247,931],[2936,-94],[1497,-1068],[1085,-1793],[816,-277],[1235,837],[-680,1572],[229,833],[1537,1411],[5756,2009],[8152,4131]],[[759566,660160],[1703,-141],[1397,-310]],[[762666,659709],[269,-1991],[-739,-1670],[-1327,-2042],[1050,-1689],[1779,-1172],[-592,-3665],[-700,-2753],[-1399,-1882],[-2393,-122],[-1604,-960],[-931,-1830],[-543,-1915],[-3859,-3929],[-356,-2000],[1616,-1030],[3698,-908],[424,-2348],[-12,-3275],[1121,-2461],[-852,-1707],[-2580,-1229],[-4486,-597],[-11231,-475],[-812,-3675],[78,-2193],[867,-1985],[1318,-1176],[-1049,-2240],[609,-1920],[145,-1524],[-997,-1727],[-109,-1699],[1503,-2188],[1949,-1844],[369,-880],[-746,-1774],[-402,-1783],[900,-1284],[1783,-542],[2255,170],[1852,-2353],[490,-2352],[-286,-1943],[1521,-2198],[212,-2108],[-1534,-2028],[-2176,-950],[-1946,-1430],[-1502,-1995]],[[743311,572438],[-3424,-2372]],[[739887,570066],[-1008,-1868],[666,-2155],[1474,-2315],[-3731,-5890]],[[737288,557838],[-6274,-4480],[-2423,344],[-949,1943],[439,1731],[-224,1144],[-3451,1383],[-58,1327],[1385,1910],[-145,1351],[-817,536],[-1948,-819],[-1745,-2108],[758,-927],[594,-1345],[-155,-1252],[2241,-3157],[967,-3402],[-756,-3618],[-1093,-988],[-2881,1454],[-1829,-631],[-2242,-1435],[-3094,287],[-1803,1821],[214,1746],[496,1120]],[[712495,551773],[-2303,912]],[[710192,552685],[-3663,-743],[-5886,889],[-2784,-1115],[-1936,-2644],[-503,-3614],[-1491,-4263],[-4018,-6384],[-1301,-1309],[-519,-2771],[-1799,-2141],[-2419,-1298],[-1812,146],[-882,1157],[-2251,1313],[-3073,301],[-1132,1515],[12,1440],[-265,969],[-3771,4065],[-5260,3280],[-1425,1825],[-1464,2649],[-976,2579],[-1848,2399],[-3410,3440],[-4435,3510],[-1142,3152],[-2056,711],[-3405,1825],[-4195,603],[-3267,-523],[-4001,-1350],[-2203,833],[-348,1510],[-408,715],[-5604,2918],[-1645,2639],[-837,5797]],[[473391,159279],[-874,-3515],[25,-2353],[-954,-2272],[917,-3322],[-1665,-2856],[-8,-1854],[-601,-1430],[-4418,776],[110,-4366],[1008,-7110],[-1278,-659],[-891,-2653],[323,-3524],[765,-2941],[-2543,-226],[-1373,2320],[-1660,1463],[-1266,278],[-1293,2865],[-3236,-1110],[382,-3976],[1707,-584],[256,-1275],[-688,-1661],[1344,-2329],[1662,-466],[1078,-1152],[-891,-2325],[1812,-2018],[2990,-4414],[618,-1844],[-630,-1750],[-1008,-273],[-335,-2155],[-1387,-188],[-1943,-2532],[-235,-1891],[-2727,-4894],[-77,-3740],[-1090,-3106],[-947,-898],[-2627,1901],[19,1374],[-948,-231],[-522,-3317],[-1296,-414],[627,-3383],[1724,-278],[1256,-1440]],[[452603,77531],[-1328,-1223],[-1472,-668],[-3349,-3642],[-3848,-2715],[-2016,-1821],[-2620,-3077],[-1352,-141],[-1479,1139],[-1726,2696],[-821,99],[-416,-1097],[116,-2037],[-652,-885],[-784,786],[-683,2197],[-161,1591],[-624,1007],[-2857,2357]],[[426531,72097],[-2381,776],[-4678,570]],[[419472,73443],[-3036,-226],[-5346,-2433],[-1303,61],[-4301,2560],[-4017,1595],[-624,-489],[-493,-1473],[-92,-1590],[-784,-1849],[-923,-673],[-1757,-80],[-1757,2310],[-1504,1016],[-1887,170],[-857,1769],[-1265,757],[-947,-56],[-960,-1082],[-647,-1610],[-1173,-479],[-1611,1858],[-2133,4239],[-2887,3614],[-784,5067],[-655,1991],[-3997,1966],[-1385,-51],[-4168,1289],[-4873,3486],[-4376,1398],[-1949,2611],[-1324,758],[-933,1510],[-1001,2748],[-1857,2531],[-1065,278],[-1064,-414],[-3818,-9679],[-989,-1383],[-1090,9],[-1336,654],[-599,654],[-425,1064],[-1118,757],[-1182,57],[-1232,-847],[-3940,2244],[-1029,2254],[-1106,3901],[-1259,1453],[-1246,941],[-275,1657],[262,1237],[868,1830],[246,2527],[-107,2437],[82,2381],[608,1463],[2170,2612],[213,2131],[580,2532],[1928,5665],[2419,5218],[102,2785],[-1279,-423],[-2363,1199],[-1253,-715],[-3614,188],[-1007,-889],[143,-1355],[926,-480],[366,-1195],[-3194,-4460],[-1075,-725],[-1408,546],[-1573,-513],[-4283,-3830],[-2954,-461],[-2325,216],[-1769,885],[-2240,301],[-2880,-1844],[-1864,-3797]],[[304818,125722],[-2210,630]],[[302608,126352],[-1392,2127],[718,2639],[-136,2602],[1072,1562],[283,1807],[6,2080],[248,2729],[941,2710],[60,1783],[-818,306],[-908,-2997],[-680,-80],[-503,1143],[119,1661],[522,3364],[-297,2132],[-22,1454],[1360,1110],[655,-136],[1069,1745],[1083,3317],[-793,1195],[-1,1944],[-472,1534],[-601,781],[-1043,-852],[-1215,983],[-818,2057],[-264,2738],[689,1924],[768,1214],[854,2565],[697,1430],[1338,626],[1038,2837],[868,1299],[1010,418],[772,1031],[1310,993],[1093,-339],[1177,786],[547,1811],[182,2343],[-316,2132],[859,3637],[742,776],[1697,-273],[1245,-955],[2500,965],[1114,-537],[683,-1143],[2321,-584],[1597,4734],[1830,4535],[2121,2174],[992,3454],[1838,3350],[3329,169],[2559,2941],[5057,94],[2232,2635],[1167,-278],[699,367],[281,2033],[2010,3510],[4599,527],[3026,1190],[5081,5501],[1029,498],[2367,-1124],[781,1040],[-249,1360],[147,1148],[980,2479],[1218,1845],[1360,724],[671,-677],[508,-1548],[179,-2508],[688,-2790],[1271,-1332],[1027,-103],[1155,960],[1197,2630],[1650,4427],[8102,10639],[220,-542],[22,-5641],[793,-80],[1854,649],[1956,4720],[4170,1665],[-76,1054],[-807,2574],[-328,2894],[-44,3237]],[[394228,257880],[2030,964],[6678,-2451],[3326,-278],[3130,-734]],[[409392,255381],[-224,-5688],[-21,-5816],[194,-7829],[432,-8907],[754,-6328],[725,-3680],[2189,-5703],[1460,-2154],[1509,-1309],[2687,-5354],[2770,-2400],[3712,-489],[2138,1341],[1521,-1440],[1186,-249],[1268,494],[1861,-1863],[569,-2292],[-257,-2691],[-118,-4423],[517,-1327],[539,306],[1913,6305],[896,4578],[889,3171],[72,2579],[856,2442],[4096,2621],[1064,1039],[1154,1868],[1515,4593],[1703,-796],[3818,-597],[2842,-3308],[671,-118],[788,1219],[801,306]],[[457881,213482],[1316,-1209]],[[459197,212273],[-119,-1666],[-570,-1882],[327,-640]],[[458835,208085],[-241,-5119],[-108,-8606],[779,-6196],[68,-3162],[536,-2729],[1843,-2682],[760,-3835],[251,-3585],[823,-711],[1223,-423],[-51,-1242],[2901,103],[-73,-1228],[-1197,-917],[-71,-1417],[807,-2183],[169,-2065],[-950,-3793],[1275,-1185],[1719,2253],[2306,2024],[1161,-829],[626,-1279]],[[647586,662767],[-4973,-1416],[-3057,-170]],[[639556,661181],[-2229,1148],[-326,1840],[1752,1957],[482,1718],[-573,2324],[590,913],[2453,1435],[-269,1910],[-1288,1026],[-2089,-9],[-1759,757],[-1968,57],[-4013,-2344],[-3406,113],[-1394,3717],[-2304,2438],[-1916,409],[-2382,-1774],[-2397,814],[-86,2278],[848,9128],[1439,3590],[4877,4733],[5523,7552],[3483,4333],[1116,3731],[353,3346],[1457,2875],[2767,3166],[4223,3073],[3275,3303],[2051,3844],[337,3707],[-1182,3675],[-547,5213],[564,4574],[1225,5307],[2899,2880],[3174,2173],[1341,2555],[657,3322],[470,4936],[1469,3402],[3501,3232],[3535,1873],[3651,2997],[4906,3378],[2743,-494]],[[676589,787312],[-683,-221],[-283,-565],[927,48],[474,-782],[-275,-936]],[[676749,784856],[1550,-1713],[3691,43],[2677,1463],[1845,1877]],[[686512,786526],[702,137],[-238,-334],[247,-122],[136,484],[8096,1567],[5948,772],[120,-273],[1110,433],[13170,400]],[[715803,789590],[5350,-956],[1478,433]],[[722631,789067],[755,842],[-692,-1129],[-2966,-3284],[-1511,-2889],[-1010,-1204],[-1299,616],[381,1026],[-318,616],[-173,-28],[28,-367],[-573,221],[281,466],[-901,-24],[419,-99],[-383,-343],[392,-320],[-937,273],[-73,-640],[964,-880],[-1074,-245],[138,-762],[837,297],[1236,-490],[547,584],[318,-71],[-182,-588],[-3595,-3948],[-1336,372],[819,-442],[-1193,-1398],[-508,-296],[-610,174],[310,-343],[-1475,-1031],[-745,-1223],[-1838,-2009],[127,-198],[-101,-466],[-281,123],[-73,541],[127,291],[-164,99],[164,146],[-127,442],[564,1520],[-18,734],[128,245],[-164,99],[54,832],[-163,344],[199,1077],[-199,344],[199,146],[111,687],[-56,833],[564,-292],[-164,-99],[138,-758],[1418,589],[445,856],[493,245],[162,536],[383,52],[-128,244],[273,47],[-18,443],[1110,734],[-236,0],[181,640],[1256,588],[-828,-174],[500,466],[-681,221],[-219,-292],[-328,781],[-182,-489],[-499,-71],[272,344],[-346,489],[718,221],[-318,268],[491,245],[-718,367],[-246,-174],[383,-391],[-928,-146],[173,-367],[-2257,198],[-173,-518],[128,-244],[-383,-292],[1230,-221],[100,-122],[-165,-99],[91,-541],[-1656,-443],[-108,-734],[381,-588],[-318,-513],[-683,612],[-145,635],[346,443],[-164,145],[510,1276],[235,150],[56,635],[1328,2499],[-182,442],[-901,221],[-173,-564],[309,-292],[-363,-494],[-1265,-1492],[-981,-395],[-137,273],[199,146],[-164,390],[110,739],[383,292],[-893,785],[1446,-1053],[210,367],[-672,244],[90,442],[-391,711],[-910,292],[-1446,1199],[454,0],[328,739],[-646,-174],[-108,-390],[-2075,-391],[209,-221],[-164,-588],[73,-344],[346,47],[72,-146],[-236,-296],[391,-216],[1164,94],[328,785],[936,-418],[-527,-781],[-72,-443],[128,-197],[-201,-146],[272,-391],[37,-640],[-1328,-47],[-946,-1373],[91,-1031],[-565,-339],[-218,-738],[456,-636],[-201,-734],[419,-738],[-164,-94],[136,-367],[2502,-29],[110,-489],[-91,-245],[381,-343],[-199,-391],[90,-296],[-90,-442],[527,-1713],[-73,-442],[-965,-734],[-553,-1054],[-692,786],[-1712,0],[-2255,-1671],[-1202,99],[-1381,-979],[-192,955],[-400,589],[-1083,517],[-690,979],[-1384,-395],[-136,273],[199,197],[-1219,833],[201,245],[-465,414],[-63,-367],[236,0],[-454,-146],[-110,-490],[164,-98],[-127,-297],[90,-833],[-199,-192],[236,-151],[-17,-344],[490,-145],[1574,-1934],[1055,0],[392,-762],[-636,-1323],[54,-343],[-1701,-419],[-837,-1468],[-328,-99],[-619,687],[-1556,-513],[0,-738],[218,-292],[1219,-541],[-890,-391],[-110,-296],[110,-734],[464,466],[1555,-71],[-610,-517],[-1154,-24],[454,-47],[-854,-1520],[-165,-1129],[-492,-99],[674,0],[108,198],[-54,442],[309,344],[-54,437],[145,297],[938,710],[936,-122],[-490,-885],[-37,-343],[238,-146],[-138,-466],[938,612],[181,395],[-99,758],[391,-123],[664,-955],[581,-198],[2257,1083],[936,-1007],[-746,-443],[856,-1030],[200,-833],[237,-146],[-246,-658],[319,23],[255,833],[-929,1863],[1338,414],[545,786],[1310,391],[65,174],[-456,193],[720,710],[1600,687],[1128,-880],[1383,391],[2476,1863],[1091,390],[1702,1497],[235,541],[2385,2592],[-238,250],[1911,2108],[-309,291],[37,344],[791,611],[899,123],[-235,244],[428,810],[209,-221],[-164,-146],[236,0],[147,343],[-238,198],[1366,1712],[236,739],[1256,1223],[709,1619],[927,833],[219,390],[-91,344],[272,47],[655,1176],[56,833],[800,1275],[3913,3680],[672,1515],[755,715],[8115,978],[5567,-588],[3167,391],[4914,-99],[3165,-979],[3530,-1764],[2728,-588],[1083,-711],[-428,-856],[474,489],[1446,-367],[-610,466],[-754,24],[1046,268],[4367,-1666],[99,-169],[-162,-99],[900,-122],[3638,-2160],[1520,-1299],[-137,-169],[610,-221],[-272,-99],[164,-99],[-164,-146],[145,-197],[464,174],[-136,-174],[681,-513],[102,75],[-420,292],[500,-71],[119,-371],[1329,-1026],[145,-198],[-54,-343],[417,-245],[56,-343],[709,-146],[364,-588],[-165,-146],[420,-245],[-236,0],[108,-249],[783,-438],[-273,-150],[1001,-1224],[-238,-244],[538,-123],[9,-367],[346,-146],[-127,-249],[235,-193],[-164,-99],[456,-146],[-272,-343],[817,-932],[328,-1472],[-73,-1520],[-127,-47],[90,-245],[-1046,-1200],[-1455,-296],[-4548,-2941],[-848,1741],[-1219,442],[110,833],[273,292],[-346,-47],[-128,635],[-527,640],[-18,438],[-345,592],[90,193],[-235,146],[26,273],[910,94],[-173,-659],[283,-611],[136,122],[-56,344],[493,437],[-247,466],[-317,-71],[-145,443],[527,244],[255,927],[-938,518],[-391,-221],[346,-391],[-164,-150],[345,-146],[-454,0],[418,-490],[-109,-244],[-901,-518],[-727,494],[-1020,-99],[-318,-517],[165,-146],[-201,-146],[272,-343],[-891,-541],[-17,-438],[-210,-320],[-620,296],[-609,-616],[-1682,-2818],[-1092,-391],[-3667,1445],[683,-1148],[2538,-372],[-328,-979],[-491,-442],[-510,-1567],[56,-343],[-356,-123],[-727,786],[-983,0],[-427,-320],[126,-442],[-381,-687],[1155,565],[728,-786],[1747,-292],[1384,1567],[1381,-1078],[510,0],[1237,885],[947,-1275],[2510,-1078],[1420,0],[2547,687],[-27,-371],[318,-414],[800,785],[619,-296],[873,588],[1310,-588],[356,169],[290,-489],[-454,-391],[173,-268],[208,123],[-100,169],[1202,0],[446,-1153],[754,-122],[400,-781],[173,23],[-236,391],[109,442],[246,-75],[-28,-659],[382,-442],[-2101,-1252],[-536,466],[-37,-932],[236,-343],[-108,-245],[-1557,-903],[137,-122],[-137,-273],[-1373,-414],[-291,-687],[127,-198],[-54,-343],[610,-217],[26,-273],[-2493,-1124],[-255,-687],[56,-344],[-274,-244],[19,-640],[-209,-316],[-655,-98],[-683,908],[274,94],[80,367],[465,28],[36,344],[-901,-76],[-318,-320],[54,-343],[-536,-122],[-592,-857],[-199,52],[127,-442],[-309,-344],[164,-296],[-110,-245],[-938,-513],[910,99],[247,217],[-28,371],[946,-494],[1201,297],[137,663],[-609,414],[-37,-292],[-1228,367],[327,588],[646,320],[337,-663],[647,-320],[908,296],[-136,170],[527,734],[91,837],[2929,1323],[402,489],[108,635],[-164,494],[547,979],[1154,23],[-536,269],[1157,1006],[1091,292],[-401,297],[-1010,-565],[246,466],[1674,880],[1556,-612],[-865,28],[-400,-395],[1738,-466],[-2284,-612],[-1228,-908],[-491,-1322],[-964,-833],[-37,-541],[346,-927],[-91,-249],[272,-99],[-819,-1223],[91,-245],[-309,-588],[274,99],[381,1124],[601,443],[-164,489],[55,541],[-345,541],[108,635],[1001,734],[237,833],[1483,1007],[3447,-320],[-945,-1322],[-273,-52],[-229,-757],[1965,2352],[1265,-122],[-491,-687],[-82,-663],[1156,908],[-274,343],[646,221],[102,-564],[-238,-193],[1047,367],[1565,-490],[-65,-470],[274,-245],[109,-390],[-165,-146],[346,-541],[-508,-1125],[-1074,-833],[745,95],[-54,-339],[165,-52],[-111,-442],[-564,-339],[675,193],[-219,-442],[-573,-316],[-510,588],[63,-272],[-272,-292],[564,0],[-1729,-1619],[1329,588],[-646,-1345],[-1856,-687],[-838,99],[-372,-861],[-601,-636],[-154,-663],[-1748,99],[-573,-414],[164,-151],[-709,-833],[-17,-635],[-247,-221],[-2365,198],[-683,-419],[91,-245],[-281,-513],[-619,0],[-246,269],[309,343],[-91,391],[91,244],[-318,24],[-683,-414],[-54,-541],[-209,-123],[28,273],[-320,315],[-245,-122],[236,-193],[-91,-640],[201,-146],[-64,-174],[-1557,76],[348,-245],[-383,-47],[-146,-739],[356,664],[873,98],[44,-465],[638,-245],[-383,-344],[355,170],[183,-292],[173,24],[35,734],[-781,395],[1263,-174],[793,466],[-127,-99],[-56,-734],[-1127,-1666],[-1156,170],[-137,-466],[973,-221],[329,296],[372,-1153],[1046,-710],[-500,710],[-19,443],[-417,145],[-37,443],[273,47],[-236,442],[655,979],[564,150],[-346,0],[219,1026],[709,-339],[-182,537],[-272,51],[108,438],[309,150],[-199,193],[182,344],[2938,-170],[955,2132],[610,414],[501,-216],[-128,-99],[63,-174],[655,0],[510,-589],[655,99],[355,466],[-646,-268],[28,367],[-528,687],[945,1275],[646,315],[1047,-122],[-528,-588],[309,-245],[1455,1567],[346,833],[1092,1275],[791,611],[720,29],[-856,291],[456,589],[-128,244],[255,395],[891,-244],[-637,489],[73,146],[1701,908],[46,-466],[237,-146],[-274,-348],[274,-292],[-1184,-879],[2058,0],[-1993,-1205],[-1083,273],[201,-245],[-1220,-1519],[18,-640],[-164,-490],[164,-291],[-1109,-932],[490,-151],[-490,-635],[54,-343],[-219,-391],[-1037,-1421],[-72,-738],[128,-146],[-56,-932],[127,-193],[-199,-593],[1291,-1223],[-454,-442],[746,99],[-528,884],[91,245],[-110,193],[-463,-170],[-319,320],[0,443],[164,244],[-54,1125],[108,588],[1584,2597],[-274,344],[1111,541],[454,1025],[964,838],[346,833],[538,315],[3165,1176],[1529,198],[-137,-170],[236,-150],[-91,-245],[647,-513],[873,0],[2983,-1374],[2767,-686],[755,-513],[-709,-99],[164,-99],[-28,-367],[1018,198],[-136,-174],[1329,-932],[-36,-339],[-275,-99],[493,-98],[-564,-198],[426,-513],[575,122],[-310,391],[208,367],[320,-315],[-201,-245],[491,-494],[-709,-94],[856,-786],[-1302,268],[755,-465],[-536,75],[-173,-174],[201,-193],[-346,0],[536,-123],[108,-395],[647,273],[-273,-541],[309,-390],[-601,-297],[1293,-47],[-419,-52],[711,-437],[54,-541],[782,-932],[91,-833],[891,-536],[-491,-541],[709,146],[292,-490],[-346,0],[201,-390],[-92,-245],[819,-494],[-245,-414],[-765,193],[-618,-391],[-355,419],[309,442],[-272,94],[936,-367],[136,664],[-354,122],[-100,-174],[236,-193],[-318,-23],[-728,390],[-137,-221],[137,-367],[-865,-174],[1111,-536],[-100,-174],[-910,489],[-1856,-584],[64,269],[-646,-76],[-1675,984],[-863,-76],[3046,-1595],[402,396],[545,-494],[728,197],[-45,367],[-346,52],[355,268],[1273,-390],[2075,98],[1410,-1105],[-28,-367],[-327,588],[-546,0],[-755,762],[491,-494],[-236,-193],[108,-442],[238,0],[-201,197],[99,170],[975,-908],[-391,28],[-100,-372],[463,-414],[400,292],[-26,-367],[273,-438],[-318,-564],[-1784,-588],[-1919,315],[200,197],[-64,170],[-655,-391],[-3448,565],[218,-442],[683,-24],[136,-221],[-127,-146],[791,-221],[246,-221],[-91,-245],[109,-197],[391,75],[292,-489],[3712,-99],[1455,-588],[609,-758],[-1037,-52],[274,-489],[-65,-663],[364,0],[365,588],[508,-94],[692,-786],[609,-123],[-527,-197],[246,-268],[1855,-396],[2183,-1270],[1566,-99],[572,-466],[-1072,-390],[1146,-52],[-128,-390],[165,-490],[-128,-588],[91,-197]],[[821203,718547],[-865,-2202],[2,-2334],[239,-2856],[-1533,-1741],[-2170,-1736],[-1778,-2527],[706,-2710],[1858,-2964],[1205,-3402],[455,-2259],[-283,-1868],[-4304,-3886],[-2152,-1558],[-304,-1392],[459,-1939],[3520,-4470],[-1116,-4502],[-1600,-4710],[-1555,-1247]],[[811987,668244],[-1181,470]],[[810806,668714],[-2938,-409],[-2690,532],[-4908,4135],[-2301,1196],[-3533,-1854],[-2973,-711],[-2791,-1152],[-2668,-2043],[-4541,-1999],[-3578,-2677],[-4452,-1915],[-6327,-1530],[-4440,-578]],[[762666,659709],[-3100,451]],[[770766,746730],[-65,-28],[-26,75],[91,-47]],[[769966,746730],[-65,-28],[-28,75],[93,-47]],[[769819,746876],[-26,-75],[-101,23],[127,52]],[[693654,767315],[-64,-28],[-27,75],[91,-47]],[[694428,769249],[26,-75],[-236,0],[210,75]],[[692790,770327],[64,-71],[-201,0],[137,71]],[[710585,771992],[463,466],[-199,-193],[128,-244],[-392,-29]],[[767391,768562],[100,-169],[-1001,-99],[391,466],[510,-198]],[[777134,774764],[-90,47],[62,28],[28,-75]],[[776588,775841],[-63,-23],[-28,75],[63,23],[28,-75]],[[775751,776820],[-65,-24],[-26,76],[91,-52]],[[711303,772900],[400,146],[-491,-343],[91,197]],[[707674,777582],[173,-174],[-128,0],[-45,174]],[[707738,777704],[-92,47],[64,29],[28,-76]],[[708247,778241],[-128,-47],[28,75],[100,-28]],[[781774,754127],[382,99],[-173,-367],[-209,268]],[[784930,754348],[210,-169],[-309,0],[99,169]],[[784567,754546],[63,-76],[-199,0],[136,76]],[[786277,755430],[718,-663],[-937,-24],[-99,-174],[127,-193],[-464,-122],[-500,804],[355,466],[800,-94]],[[769473,747069],[164,-146],[-164,-99],[0,245]],[[776051,752094],[100,-466],[-108,-390],[-575,-320],[-681,908],[127,343],[-164,99],[1156,316],[145,-490]],[[776296,760695],[292,-343],[-1073,296],[500,268],[281,-221]],[[776925,765132],[-255,198],[64,-273],[-1657,-489],[1701,955],[210,-24],[-63,-367]],[[780991,755157],[-64,-23],[-27,75],[91,-52]],[[783002,755920],[291,-297],[727,297],[138,-273],[-1556,-612],[-502,419],[-181,536],[1083,-70]],[[782747,756799],[209,-70],[-272,-99],[63,169]],[[781583,757289],[100,-170],[-346,47],[164,-343],[-246,-414],[-755,23],[63,763],[400,291],[620,-197]],[[781536,757707],[-91,48],[65,23],[26,-71]],[[782993,757806],[-65,-28],[-26,75],[91,-47]],[[782738,757999],[-63,-23],[-28,75],[63,23],[28,-75]],[[779363,758860],[26,-273],[-172,-122],[-500,122],[136,466],[510,-193]],[[773913,778881],[63,75],[173,-273],[-236,198]],[[715134,778561],[1010,856],[-1146,-932],[136,76]],[[716116,779737],[683,663],[-547,-832],[-136,169]],[[771356,781304],[28,-71],[-236,0],[208,71]],[[709265,779760],[-91,52],[65,24],[26,-76]],[[708000,780033],[-644,170],[173,320],[1301,268],[-93,-245],[128,-197],[-281,-316],[-584,0]],[[709129,780424],[0,390],[319,-221],[-456,-244],[137,75]],[[710793,781181],[474,-47],[-528,-197],[54,244]],[[708547,781111],[255,489],[573,-221],[-828,-268]],[[710404,782090],[244,-367],[-464,-419],[-682,221],[-110,494],[247,268],[765,-197]],[[709092,782287],[28,-75],[-236,0],[208,75]],[[708839,783167],[426,-122],[255,-537],[-1183,490],[210,367],[292,-198]],[[716435,781233],[-456,47],[210,320],[246,-367]],[[723494,790055],[-82,-23],[202,249],[-120,-226]],[[723681,790366],[-6,-19],[-22,-19],[28,38]],[[707600,785816],[173,75],[-63,-174],[-110,99]],[[701305,786795],[136,-71],[-199,0],[63,71]],[[701932,786917],[274,146],[-136,-268],[-138,122]],[[822518,720631],[-852,-1294],[-63,287],[91,687],[824,320]],[[819093,721341],[-65,-23],[-28,70],[65,24],[28,-71]],[[815461,723082],[65,-75],[-201,0],[136,75]],[[814871,723595],[-65,-23],[-26,70],[91,-47]],[[812951,723962],[63,-75],[-199,0],[136,75]],[[813678,724550],[-245,268],[383,-98],[-138,-170]],[[812770,730140],[-9,-174],[-93,0],[102,174]],[[807266,731928],[181,-99],[-309,0],[128,99]],[[808866,732709],[-91,52],[64,23],[27,-75]],[[808539,737024],[-91,47],[63,28],[28,-75]],[[808394,737122],[-65,-23],[-28,70],[65,24],[28,-71]],[[808321,737612],[-65,-24],[-26,76],[91,-52]],[[805482,728201],[-91,48],[63,28],[28,-76]],[[806036,741705],[28,-75],[-346,0],[318,75]],[[790708,745601],[72,-146],[-783,-541],[-54,-343],[-346,0],[582,1228],[529,-198]],[[798796,747587],[1746,-490],[828,-611],[-136,-174],[863,-320],[-162,-146],[272,-292],[-1046,-122],[-1529,880],[-2146,390],[-938,616],[538,367],[1710,-98]],[[783257,741508],[244,-71],[-244,-127],[0,198]],[[788743,743296],[364,51],[-456,-244],[92,193]],[[786722,753148],[528,99],[-392,-268],[-136,169]],[[787732,753369],[246,-75],[-601,151],[355,-76]],[[797302,748956],[138,-71],[-138,-122],[0,193]],[[792790,749252],[247,-221],[-164,-292],[127,-244],[-646,-28],[-281,418],[281,466],[436,-99]],[[794565,749473],[-91,48],[63,28],[28,-76]],[[792790,749840],[355,-268],[-755,-23],[-317,367],[717,-76]],[[793700,750231],[137,-71],[-137,-122],[0,193]],[[795302,750330],[63,174],[73,-344],[-136,170]],[[790862,750231],[-428,-71],[173,565],[210,-28],[-28,-367],[291,395],[247,-122],[-28,-273],[-437,-99]],[[792464,750527],[63,-75],[-199,0],[136,75]],[[790899,750918],[28,-71],[-93,0],[65,71]],[[790635,751139],[-91,47],[63,28],[28,-75]],[[789515,752391],[428,-466],[-464,-320],[-392,856],[428,-70]],[[808038,737786],[28,-75],[-128,0],[100,75]],[[807683,738840],[136,122],[137,-273],[-273,151]],[[807865,739132],[-290,98],[136,123],[154,-221]],[[806764,739550],[100,-174],[-91,0],[-9,174]],[[796712,747662],[-28,-75],[-100,23],[28,75],[100,-23]],[[795011,748565],[-247,76],[456,0],[-209,-76]],[[793409,748467],[-219,-95],[-26,269],[210,221],[-101,-273],[136,-122]],[[795884,748862],[28,-76],[-238,0],[210,76]],[[807601,739550],[28,-75],[-128,0],[100,75]],[[806174,741437],[-65,-28],[-26,75],[91,-47]],[[815489,764375],[-63,-29],[-28,76],[91,-47]],[[779499,758785],[145,47],[-99,-169],[-46,122]],[[779363,759053],[26,-70],[-90,0],[64,70]],[[778699,760159],[-19,245],[128,0],[-109,-245]],[[459197,212273],[-519,630],[-797,579]],[[409392,255381],[1486,52],[2893,-795],[7525,-3200],[2616,-1599],[926,-1083],[-56,-1966],[227,-1210],[1784,109],[1085,1049],[2097,-748],[973,371],[1157,1473]],[[432105,247834],[5776,-2056],[2933,287],[1582,1285],[746,1722],[423,2216],[-70,1872],[201,1699],[873,2823],[-21,2075],[-2005,4141],[1398,2724],[-628,2465],[-24,3214],[643,2738],[1511,739],[4188,155],[3029,1788],[2383,2433],[1219,3190],[638,3374],[-669,2037],[-227,2517]],[[456004,291272],[1385,-1411],[2489,-941],[419,-1412],[-66,-1148],[845,-828],[653,-1228],[-153,-1219],[-596,-1233],[189,-1115],[662,-1049],[1233,-522],[840,117],[2241,3609],[2433,66],[1417,781],[2033,4517],[6243,66],[1659,-1092],[1424,-2169],[762,-2804],[1,-2776],[-938,-2193],[-1299,-1656],[-956,-3533],[222,-2132],[1406,-851],[1153,-160]],[[481705,268956],[358,-3252],[-547,-4211],[-262,-4686],[423,-3482],[816,-3416],[333,-2851],[-1759,-3124],[-2855,-1995],[-5003,-5270],[-1066,2145],[-793,255],[-1257,-669],[-1061,-1458],[-1972,-9636],[-1820,-10530],[-1217,-5548],[-1359,-4037],[-1104,2353],[-1354,-217],[-1371,-1242]],[[231942,847863],[-246,-24],[100,-169],[-100,-273],[501,-221]],[[232197,847176],[-501,-123],[0,-635],[975,-23],[171,-273],[-236,-193],[428,-320],[545,296],[328,-588],[729,0],[281,-367],[-465,-221],[-763,391],[-683,-466],[893,-198],[-865,76],[-328,-391],[-1055,292],[-173,-367],[391,-513],[-327,-198],[-1083,908],[236,391],[-127,99],[101,268],[-837,-391],[-28,367],[128,99],[-173,122],[-802,-296],[-1308,494],[-147,-198],[136,-367],[-235,-145],[90,-151],[-110,-193],[-536,-419],[-437,198],[-791,-710],[-491,-1327],[-237,-47],[101,-170],[-2760,-983],[-2428,-377]],[[219804,840527],[-127,-4192],[-4245,-2658],[-3701,-1012],[-1616,-1242],[-2894,-1153],[-2844,-442],[-1336,-1167],[-1039,-2494],[2698,-202],[2544,776],[3231,-2004],[3659,433],[3417,884],[6383,-2644],[7680,-9570],[3238,-1308],[6374,1576],[3614,-1153],[4266,-131],[2066,-1153],[9819,-13918],[-1382,-3835],[-503,-2056],[-819,-1520]],[[258287,790342],[-1130,353],[-3190,-14],[-5151,-960],[-3570,-2508],[-2876,-3317],[-4244,-2206],[-8374,-2080],[-5951,-2150],[-3205,837],[-1015,3882],[-1078,2630],[-2058,1595],[-2171,1167],[-1780,-278],[-1195,-767],[-1034,-2376],[-6104,-720],[-973,-1896],[-2650,-414],[-1922,593],[-3582,-2103],[-1911,1209],[-1822,649],[-2769,-367],[-1465,-592],[-80,-3510],[-2970,-2160],[-3320,-1379],[-1386,-1901],[-2263,-4488],[-3461,-1845],[-2573,-2070],[-345,-2150],[-2090,-3002],[-3891,-1379],[-1647,-3444],[-3276,-1586],[531,-2663],[-398,-1642],[-5811,461],[-1548,1341],[-1519,1906],[-3052,-155],[-1834,-1873],[-3158,-414],[-1440,1172],[-934,2583],[-1799,2197],[-612,2743],[1595,1449],[-187,2230],[-3381,4230],[283,1850],[856,1971],[-918,2447],[-1020,5909],[304,4461],[-550,1595],[-1546,517],[-1781,-108],[-3185,-1129],[-3408,-391],[-5841,1247],[-6024,-1515]],[[113388,782014],[-3333,974],[-1148,1887],[-1932,452],[773,2141],[-42,2479],[-1901,1990],[-2641,-70],[-1413,1694],[-3537,-137],[-1462,2047],[870,1873],[1762,1529],[51,2781],[-1799,1740],[-3469,678],[442,2371],[-1211,692],[-1575,-198],[-666,3708],[-405,3679],[686,1638],[72,2202],[1495,2244],[577,2273],[-2947,461],[1266,1877],[2295,372],[187,1971],[-1504,2047],[1123,1722],[-709,1153],[-3189,706],[-3749,-1134],[-1834,2254],[3616,3016],[-355,2611],[-7235,2800],[1073,1468],[8501,94],[2290,4192],[1462,4202],[1747,94],[1974,-998],[966,588],[-231,1177],[-1383,2258],[-2769,461],[419,395],[-606,-75],[185,579],[355,3228],[1382,1557],[3766,1920],[815,673],[-382,743],[-219,927],[98,-19],[392,-616],[-91,-146],[272,-146],[-54,-343],[218,-391],[420,-343],[-91,-151],[218,-391],[891,-734],[-91,-145],[828,-419],[355,-419],[-91,-146],[1228,-1002],[2912,-1764],[1163,-99],[2948,-1177],[5386,-978],[4585,-99],[5750,781],[1455,588],[1738,1793],[182,588],[-128,146],[210,221],[-136,122],[90,146],[-108,786],[-492,833],[90,146],[-172,221],[101,169],[-419,442],[-128,833],[-164,146],[92,151],[-274,343],[-127,734],[-599,537],[54,442],[-346,640],[127,146],[-345,536],[54,541],[-346,541],[136,1247],[1156,-1101],[-90,-245],[1783,-2451],[2893,-2009],[508,-786],[-91,-245],[164,-197],[-127,-94],[181,-395],[275,-48],[-91,-145],[218,-687],[309,-443],[-101,-169],[173,-320],[-91,-245],[456,-640],[-56,-343],[929,-1125],[-90,-343],[780,-1129],[-90,-146],[892,-833],[-127,-99],[164,-390],[-91,-146],[817,-1228],[-90,-344],[345,-635],[74,-541],[-128,-99],[165,-146],[108,-879],[-346,-297],[-409,-1054],[-1202,0],[-391,-414],[128,-150],[-854,-1026],[-584,-1374],[164,-297],[-164,-682],[164,-343],[-1327,-1322],[-74,-541],[1948,-1229],[182,-291],[-100,-268],[171,-320],[-90,-146],[938,-1106],[1528,-979],[1455,-98],[873,-1468],[-354,-1007],[127,-146],[-201,-245],[165,-640],[-200,-146],[-55,-734],[-1265,-1199],[-1345,291],[-947,885],[-1165,0],[65,-174],[-320,-513],[-1163,-297],[-575,419],[-80,466],[99,169],[-637,245],[419,-343],[-164,-537],[974,-611],[1419,94],[337,762],[208,23],[-63,-169],[637,-52],[-90,-244],[417,-344],[-91,-245],[610,-512],[1965,-198],[499,-758],[-562,-1129],[35,-536],[646,-908],[547,-297],[545,198],[65,-268],[-255,-885],[-1256,-1614],[382,-197],[327,-786],[-72,-245],[-1111,-1030],[601,99],[-400,-833],[-527,343],[35,-343],[600,-635],[-417,-541],[681,75],[102,-419],[-210,-659],[-756,461],[164,-390],[-91,-146],[674,-442],[35,-344],[-400,-781],[-1228,-1298],[-899,-127],[635,-245],[-683,-809],[-2183,-1078],[-437,99],[-335,-659],[-964,-785],[636,-245],[90,-541],[275,-344],[-275,-588],[-35,-635],[818,-541],[-199,-344],[564,-437],[-383,-932],[565,-541],[218,-588],[-91,-245],[2938,-2475],[800,0],[474,-390],[255,390],[464,-513],[-201,-343],[1483,-809],[5269,-565],[-1302,466],[-510,-296],[-837,494],[-2291,192],[-173,273],[344,94],[-1081,29],[-173,367],[309,98],[-938,612],[-1928,292],[-2357,1793],[-36,244],[310,292],[-529,245],[-471,884],[90,245],[-173,221],[208,315],[-54,443],[783,442],[73,442],[-973,-663],[-1020,785],[355,24],[-163,390],[35,640],[601,-51],[-491,296],[54,245],[-309,588],[564,343],[454,1224],[1630,320],[1010,1101],[164,541],[1046,903],[764,0],[246,419],[145,833],[-164,1176],[201,390],[-128,52],[91,146],[-164,489],[709,0],[-636,151],[-147,193],[93,343],[-274,297],[601,47],[54,541],[309,438],[-126,150],[199,146],[-127,343],[164,490],[-128,99],[528,1421],[-54,635],[819,343],[-164,297],[91,343],[-1475,1614],[320,174],[763,-489],[537,315],[-1255,1962],[91,245],[-456,640],[74,536],[2056,1322],[782,2108],[309,343],[-17,344],[608,419],[2438,-786],[1347,885],[582,0],[3666,-1892],[328,-588],[-54,-635],[1583,-1812],[-54,-343],[235,-52],[-90,-343],[354,-612],[1347,0],[1273,-979],[802,-197],[908,197],[1165,-395],[500,273],[-2720,122],[-945,880],[-2438,983],[173,560],[-474,786],[-964,734],[100,273],[-136,169],[564,245],[-128,245],[199,343],[-125,198],[90,244],[-2248,909],[-1701,1298],[91,245],[-273,245],[100,169],[-2037,395],[-1310,-1275],[-1238,391],[-500,710],[91,245],[-173,221],[-1018,296],[-547,781],[-610,123],[-663,1054],[-647,122],[-199,640],[-1037,1030],[36,734],[236,146],[-127,245],[201,296],[-856,781],[4066,1299],[3349,489],[2183,1671],[2620,781],[2110,197],[1275,-588],[2400,-390],[5277,1077],[1202,-198],[536,222],[91,442],[383,47],[-128,245],[501,418],[608,-174],[-672,541],[501,320],[727,-197],[-247,268],[601,245],[119,663],[1965,979],[1120,122],[-246,466],[1383,395],[1128,-395],[872,395],[183,391],[3420,-99],[1821,-687],[545,395],[4330,-687],[2875,-1275],[1565,-292],[1747,0],[1965,682],[2402,-98],[1673,-781],[2147,-297],[2330,-1176],[290,198],[3530,-885],[2730,-1666],[4949,198],[1928,-296],[6042,494],[2002,-589],[7168,-197],[2692,-979],[-573,-273],[283,-315],[463,268],[-128,-146],[283,-517]],[[134125,815223],[-210,268],[573,711],[537,75],[-254,-734],[-646,-320]],[[140267,825245],[262,-23],[-355,-76],[93,99]],[[140820,831296],[28,-71],[-237,0],[209,71]],[[153084,836495],[-281,367],[454,0],[-173,-367]],[[141585,836495],[-319,367],[601,99],[-282,-466]],[[151337,837963],[-464,174],[319,24],[145,-198]],[[142967,840612],[1520,-1251],[-865,174],[-1455,1077],[800,0]],[[208033,850611],[28,-76],[-238,0],[210,76]],[[206833,850611],[-182,98],[245,-28],[-63,-70]],[[183834,883448],[28,-75],[-128,0],[100,75]],[[183980,883547],[27,-76],[-128,0],[101,76]],[[164365,852375],[28,-75],[-128,0],[100,75]],[[165675,853057],[73,-94],[-136,24],[63,70]],[[182452,884426],[72,-390],[1191,-565],[-755,-122],[-899,908],[127,94],[9,565],[255,-490]],[[182405,884991],[-26,-75],[-65,28],[91,47]],[[232342,843943],[137,-169],[-601,245],[464,-76]],[[230414,844729],[26,-75],[-236,0],[210,75]],[[232442,846470],[-26,-75],[-65,23],[91,52]],[[232045,846884],[34,-75],[-128,0],[94,75]],[[229567,843087],[-63,-28],[-28,75],[91,-47]],[[229822,843134],[-26,-75],[-65,28],[91,47]],[[229708,843238],[-22,-80],[-100,23],[122,57]],[[229459,849994],[-128,-47],[28,75],[100,-28]],[[206615,850512],[26,-76],[-236,0],[210,76]],[[207551,850436],[-91,52],[65,24],[26,-76]],[[207806,850436],[-63,-23],[-28,75],[63,24],[28,-76]],[[208316,850587],[0,-151],[-91,0],[0,151],[91,0]],[[182260,885090],[-26,-75],[-65,23],[91,52]],[[182415,885212],[-136,-75],[91,343],[-128,99],[381,297],[-208,-664]],[[182669,886092],[64,-169],[-91,0],[27,169]],[[182789,886191],[89,-71],[-127,0],[38,71]],[[183497,885090],[-27,-75],[-99,23],[26,75],[100,-23]],[[186272,885702],[136,-170],[-428,367],[292,-197]],[[185172,886069],[-28,-71],[-100,24],[28,70],[100,-23]],[[182988,886214],[-64,-23],[-27,75],[91,-52]],[[183680,886365],[-127,-52],[26,76],[101,-24]],[[183133,886459],[-127,-47],[28,75],[99,-28]],[[185035,887466],[900,-513],[-127,-150],[274,-245],[0,-344],[-1412,1351],[365,-99]],[[184452,887565],[-1347,-885],[655,984],[692,-99]],[[232379,840118],[63,-169],[-381,-245],[126,-99],[-126,-99],[126,-98],[-108,-339],[-902,-908],[-1600,0],[-45,564],[-246,222],[983,489],[945,979],[910,98],[255,-395]],[[231469,842569],[428,-268],[-383,-244],[-263,-956],[-692,-98],[-536,418],[828,-221],[136,466],[-238,99],[493,536],[-128,344],[355,-76]],[[230496,841911],[-255,343],[383,0],[0,-343],[-128,0]],[[230814,843158],[281,-269],[-318,-221],[-800,391],[837,99]],[[230196,841690],[28,-76],[-346,0],[318,76]],[[226521,841887],[26,-75],[-128,0],[102,75]],[[229832,841887],[27,-75],[-128,0],[101,75]],[[230224,841958],[-28,-71],[-65,24],[28,70],[65,-23]],[[229796,842179],[63,-169],[-128,0],[65,169]],[[229841,842546],[136,-71],[-73,-98],[-63,169]],[[226002,842645],[-28,-76],[-63,29],[91,47]],[[229567,842842],[-26,-75],[-65,24],[91,51]],[[230122,842866],[102,-75],[-128,0],[26,75]],[[226121,842965],[26,-76],[-128,0],[102,76]],[[226374,842965],[28,-76],[-128,0],[100,76]],[[226257,843035],[-91,-47],[26,71],[65,-24]],[[233899,844997],[8,-75],[-136,28],[128,47]],[[234370,845538],[-63,-28],[-27,75],[90,-47]],[[234117,845835],[154,70],[-246,-174],[92,104]],[[234517,845976],[-127,-47],[26,71],[101,-24]],[[233097,846122],[-91,52],[65,23],[26,-75]],[[235280,846470],[-26,-75],[-101,23],[127,52]],[[233462,846517],[145,47],[-236,-146],[91,99]],[[235645,846616],[-64,-24],[-26,71],[90,-47]],[[236301,846762],[-28,-76],[-100,29],[128,47]],[[233715,846809],[-90,52],[64,23],[26,-75]],[[235135,847105],[-64,-23],[-26,70],[90,-47]],[[232706,847373],[136,-70],[-236,-99],[100,169]],[[232697,846809],[-91,52],[65,23],[26,-75]],[[232697,847006],[-91,47],[65,29],[26,-76]],[[232197,847176],[137,75],[-28,-75],[-109,0]],[[232187,847646],[-26,-75],[-100,24],[26,75],[100,-24]],[[232297,848526],[255,-99],[-91,-244],[136,-123],[582,0],[1846,-1345],[-1009,-29],[-136,123],[64,174],[-1119,513],[99,273],[-610,122],[-45,466],[-363,0],[36,292],[355,-123]],[[232524,847769],[28,-76],[-346,0],[318,76]],[[231942,847863],[100,-24],[-63,-70],[-37,94]],[[232016,847962],[-74,98],[100,-23],[-26,-75]],[[231897,848724],[-91,-52],[26,75],[65,-23]],[[416124,754866],[91,47],[-28,-76],[-63,29]],[[427140,757684],[428,-320],[-56,-343],[528,-833],[-128,-146],[201,-151],[-127,-94],[91,-150],[-309,98],[90,146],[-545,1275],[-601,589],[428,-71]],[[426676,757999],[54,-94],[-163,146],[109,-52]],[[425547,732907],[91,51],[-26,-75],[-65,24]],[[426630,733274],[-973,-269],[100,466],[1156,-122],[-283,-75]],[[424402,734375],[-173,-24],[-27,75],[173,24],[27,-75]],[[444106,719088],[91,47],[-26,-76],[-65,29]],[[444026,719257],[63,-75],[-100,-24],[37,99]],[[423137,732587],[65,-71],[-310,0],[245,71]],[[425467,732784],[-37,-197],[-173,28],[210,169]],[[428742,732488],[-147,0],[247,-315],[-201,-99],[54,-245],[-426,-517],[-283,122],[164,442],[-201,198],[383,146],[201,541],[490,-198],[-281,-75]],[[425967,732366],[-28,-170],[-182,99],[210,71]],[[429069,732488],[181,-94],[-354,-174],[173,268]],[[429296,732516],[91,47],[-26,-75],[-65,28]],[[428487,732982],[0,-198],[-136,123],[136,75]],[[411137,760352],[164,-292],[-428,-320],[-355,518],[65,268],[554,-174]],[[409827,761679],[-117,23],[108,99],[9,-122]],[[413385,770623],[-65,71],[91,0],[-26,-71]],[[413275,770717],[-63,75],[91,0],[-28,-75]],[[405114,771526],[-171,-23],[-28,75],[173,24],[26,-76]],[[405961,771404],[63,-169],[-672,99],[609,70]],[[405334,771432],[-173,-28],[-28,75],[201,-47]],[[412146,775916],[-317,513],[36,245],[309,-99],[255,-734],[-283,75]],[[408436,775422],[-183,-193],[-318,466],[501,-273]],[[408581,773564],[-328,-395],[-655,489],[692,198],[291,-292]],[[408436,774152],[0,-198],[-436,99],[436,99]],[[406106,771992],[136,-169],[-345,0],[209,169]],[[403041,776872],[2183,-1864],[919,-1152],[1775,-956],[-2566,-47],[209,-371],[400,197],[245,-320],[-463,-461],[-1384,490],[-1301,1590],[-236,734],[-309,150],[273,292],[-199,198],[90,687],[-90,146],[162,197],[-454,146],[-37,541],[783,-197]],[[415750,777286],[100,-24],[-72,-442],[-501,-414],[-428,513],[-37,442],[938,-75]],[[404470,777681],[181,-395],[-147,-391],[1566,0],[136,-268],[-273,-198],[1738,-710],[1520,-1642],[-355,-221],[-473,489],[-1783,99],[-1710,1472],[-511,0],[-1091,1468],[691,490],[511,-193]],[[405970,778095],[1520,-1002],[2328,-396],[428,-559],[-1046,-222],[-1855,781],[-620,-98],[-364,494],[-1091,98],[-683,956],[1383,-52]],[[402658,777215],[91,47],[-26,-71],[-65,24]],[[402331,777408],[27,75],[64,-23],[-91,-52]],[[402386,777215],[-173,-24],[-28,71],[173,24],[28,-71]],[[402440,777314],[91,47],[-27,-75],[-64,28]],[[415560,777751],[-675,-47],[1075,146],[-400,-99]],[[403441,777704],[-128,47],[100,123],[28,-170]],[[402213,780622],[28,-76],[-346,0],[318,76]],[[411338,781181],[-236,-47],[26,76],[210,-29]],[[405734,781774],[772,-174],[757,-757],[-575,367],[-1200,0],[-646,658],[892,-94]],[[403441,780057],[-418,245],[208,122],[210,-367]],[[404178,780424],[28,-75],[-456,0],[428,75]],[[415022,779737],[181,-99],[-71,-99],[-110,198]],[[411346,778956],[-255,-395],[-681,-123],[418,-197],[-282,-170],[-1228,221],[100,367],[510,-98],[982,588],[536,-123],[-100,-70]],[[413011,779304],[-236,-226],[201,-52],[-65,-367],[145,-390],[-1055,292],[-209,465],[346,99],[-427,123],[1300,56]],[[402613,779539],[-137,174],[310,-244],[-173,70]],[[403851,779050],[-402,198],[465,-24],[-63,-174]],[[414249,779516],[219,-146],[-757,-513],[-244,221],[-37,537],[819,-99]],[[408618,779050],[-328,198],[73,291],[391,-216],[-136,-273]],[[405196,779346],[-63,71],[309,-146],[-246,75]],[[407699,779370],[-201,47],[173,28],[28,-75]],[[404242,779812],[1055,-833],[-938,-122],[-899,1153],[782,-198]],[[407561,780033],[102,-174],[-420,198],[-36,442],[354,-466]],[[403086,779539],[-283,174],[348,0],[-65,-174]],[[404870,779539],[0,297],[181,-198],[-181,-99]],[[404323,779836],[-63,75],[127,0],[-64,-75]],[[402286,781600],[1347,-296],[1126,395],[984,-885],[1092,-94],[99,-273],[-127,-291],[674,-687],[-1630,-320],[65,174],[-1228,1200],[-765,0],[-1019,687],[-218,-297],[-683,320],[-255,541],[538,-174]],[[415387,782875],[-692,-489],[-355,315],[-146,541],[1802,99],[-609,-466]],[[405161,783365],[2037,-490],[-318,-174],[355,-611],[-182,-292],[-873,99],[-910,781],[-400,-99],[-355,955],[646,-169]],[[403741,784150],[136,-28],[37,-536],[-709,-99],[973,-320],[901,-1148],[-1301,-320],[-984,588],[-35,292],[-574,-315],[1401,-687],[-208,-174],[-1557,908],[355,762],[-428,216],[128,245],[-165,198],[530,442],[-310,245],[1410,122],[400,-391]],[[404532,785106],[956,-956],[982,94],[-208,-268],[1738,-513],[3493,198],[863,-616],[-454,0],[136,-170],[1529,-296],[646,-414],[9,-367],[2183,588],[873,687],[2212,-762],[-528,-245],[-229,-466],[-508,99],[-10,-466],[-1010,-908],[-800,489],[-173,-268],[383,-390],[-792,-221],[-1565,0],[-1483,1298],[610,268],[-1239,0],[283,-122],[-283,-268],[-2291,193],[64,-170],[-538,-221],[-1009,268],[683,-461],[3530,292],[754,-612],[-64,-268],[-1164,-197],[0,-297],[-1346,0],[-765,-682],[-655,-99],[209,122],[-201,344],[493,94],[-1083,320],[-1046,1007],[-18,635],[-274,395],[320,123],[473,-593],[426,174],[-817,442],[-419,1223],[-2465,518],[-575,414],[-236,734],[-672,245],[681,273],[391,-221]],[[419708,783045],[-65,-269],[-1191,222],[683,564],[536,-122],[37,-395]],[[400712,784419],[-319,-367],[-973,315],[536,273],[756,-221]],[[413175,784762],[28,75],[63,-28],[-91,-47]],[[413640,783266],[-37,-490],[-1083,419],[1328,146],[-208,-75]],[[407098,784075],[91,-99],[-564,146],[473,-47]],[[400766,784564],[28,76],[63,-24],[-28,-75],[-63,23]],[[417315,785030],[-65,76],[128,0],[-63,-76]],[[417633,785153],[-891,244],[1036,0],[-145,-244]],[[404587,785350],[90,47],[-26,-70],[-64,23]],[[405097,785449],[90,47],[-26,-75],[-64,28]],[[421135,794050],[-354,268],[209,123],[145,-391]],[[401586,787557],[-91,99],[236,-99],[-145,0]],[[412594,787505],[26,75],[64,-23],[-90,-52]],[[396436,787900],[91,47],[-28,-75],[-63,28]],[[396326,787994],[91,52],[-26,-75],[-65,23]],[[395161,788192],[28,75],[65,-28],[-93,-47]],[[412401,789542],[-400,95],[219,197],[181,-292]],[[417687,789957],[28,75],[63,-28],[-91,-47]],[[398691,787802],[28,70],[65,-23],[-28,-71],[-65,24]],[[400256,788046],[355,24],[-182,-198],[-173,174]],[[418180,788239],[-210,-268],[-583,390],[473,198],[320,-320]],[[417460,788658],[-355,174],[720,216],[108,-291],[-473,-99]],[[416187,785327],[-500,-367],[1300,268],[136,-174],[-781,-490],[891,-291],[-973,-612],[-1273,-198],[-1239,391],[-463,809],[645,-23],[-391,268],[1301,122],[765,588],[582,-291]],[[407345,785816],[936,-320],[-964,-99],[819,-99],[-646,-658],[1055,687],[546,-297],[172,24],[-137,273],[1457,0],[936,-419],[-1046,-367],[-1092,296],[65,-174],[-238,-197],[210,-316],[37,391],[763,-198],[728,99],[109,297],[2029,-372],[-419,-438],[28,-367],[-1237,588],[-3311,-489],[-902,612],[137,367],[-1345,-99],[-428,419],[573,367],[-938,-221],[172,-269],[-400,292],[1602,885],[729,-198]],[[407680,785938],[28,76],[63,-29],[-91,-47]],[[405270,785618],[-137,174],[463,-75],[-326,-99]],[[402167,785891],[-246,-273],[-218,396],[464,-123]],[[403296,787063],[1208,-461],[-791,-174],[828,-221],[538,-659],[-1811,268],[136,-268],[-900,-127],[-136,174],[236,99],[-309,244],[-37,443],[1146,-198],[-1364,1077],[1256,-197]],[[400721,787580],[1418,-1077],[-181,-296],[-1419,296],[-1493,-198],[-35,297],[-655,-198],[208,170],[-964,442],[209,367],[984,-99],[726,494],[1202,-198]],[[411502,786724],[91,47],[-28,-75],[-63,28]],[[412985,787482],[182,0],[-392,-174],[210,174]],[[417123,787016],[-344,47],[354,-268],[2074,98],[910,-489],[-364,-296],[-118,367],[-392,127],[-1310,-984],[-1236,-197],[-647,221],[463,174],[-1600,0],[0,-395],[-1273,-94],[-365,-396],[-1782,198],[-802,489],[1420,1078],[1347,-193],[909,781],[445,-659],[465,71],[1456,1176],[390,-122],[-163,-391],[163,-343]],[[416442,788856],[536,-175],[-1438,-635],[201,-197],[-73,-443],[-465,-414],[-836,786],[-610,-320],[56,-442],[-465,-320],[-864,320],[864,268],[63,273],[-162,292],[354,221],[37,-490],[208,320],[-199,339],[782,395],[-527,-395],[244,-367],[765,1176],[1529,-192]],[[393451,790154],[93,47],[-28,-75],[-65,28]],[[405643,790841],[91,47],[-28,-75],[-63,28]],[[392314,791010],[-63,76],[128,0],[-65,-76]],[[411102,791232],[26,70],[65,-23],[-91,-47]],[[392069,791232],[27,70],[64,-23],[-91,-47]],[[405023,791330],[91,47],[-26,-75],[-65,28]],[[411346,791599],[-173,174],[355,-76],[-182,-98]],[[391778,791721],[91,52],[-27,-76],[-64,24]],[[391332,792384],[137,-75],[-346,-99],[209,174]],[[410229,792309],[26,75],[64,-28],[-90,-47]],[[390958,792850],[-26,-75],[-209,23],[235,52]],[[414267,792798],[28,76],[63,-24],[-28,-75],[-63,23]],[[413348,792676],[-63,75],[309,-145],[-246,70]],[[420709,794464],[26,75],[65,-23],[-91,-52]],[[420454,793876],[199,-292],[-891,442],[391,316],[301,-466]],[[385154,793975],[28,75],[65,-24],[-28,-75],[-65,24]],[[385264,793876],[28,75],[63,-23],[-28,-76],[-63,24]],[[418478,793852],[-244,269],[428,-170],[-184,-99]],[[413311,793951],[0,-197],[-209,28],[209,169]],[[385191,794172],[91,47],[-27,-70],[-64,23]],[[418124,794172],[91,47],[-27,-70],[-64,23]],[[391851,794563],[791,-221],[-1055,-193],[-583,489],[847,-75]],[[412721,794271],[-127,47],[99,123],[28,-170]],[[403996,794342],[-754,75],[1081,24],[-327,-99]],[[414539,793189],[-536,-315],[-791,122],[1001,193],[-173,273],[499,-273]],[[413867,793288],[28,75],[63,-23],[-28,-76],[-63,24]],[[406398,793462],[-283,75],[601,94],[-318,-169]],[[414267,793485],[28,76],[63,-24],[-28,-75],[-63,23]],[[415787,794737],[-584,-99],[65,-174],[-1920,-1200],[-1046,-75],[1511,494],[9,367],[-428,-75],[317,367],[400,-99],[1347,983],[647,-23],[-37,-344],[-281,-122]],[[420089,798092],[91,51],[-27,-75],[-64,24]],[[420480,798167],[-99,367],[345,0],[-246,-367]],[[384391,796130],[28,75],[63,-24],[-28,-75],[-63,24]],[[387921,796327],[26,76],[65,-24],[-91,-52]],[[382661,796770],[-209,-170],[-826,367],[1035,-197]],[[404587,797899],[90,47],[-26,-75],[-64,28]],[[384045,796478],[-419,193],[574,-170],[-155,-23]],[[412220,798656],[-245,170],[454,-94],[-209,-76]],[[403642,798779],[26,75],[64,-28],[-90,-47]],[[410655,798266],[-645,367],[355,122],[290,-489]],[[408726,799047],[502,75],[-528,-489],[309,-198],[-64,-268],[-1373,320],[527,292],[-201,98],[65,269],[763,-99]],[[403423,798877],[26,71],[65,-23],[-91,-48]],[[414768,799244],[-391,175],[709,-99],[-318,-76]],[[405752,799023],[54,-244],[-145,-198],[-318,174],[-255,-390],[-573,611],[1327,146],[-90,-99]],[[413320,798779],[28,75],[63,-28],[-91,-47]],[[406097,799169],[-172,-23],[-28,75],[173,23],[27,-75]],[[413318,798920],[-1062,127],[874,296],[188,-423]],[[410146,799047],[145,296],[937,76],[-344,-99],[136,-273],[-874,0]],[[413904,799268],[309,-198],[-893,443],[584,-245]],[[420627,794638],[-110,-296],[-428,122],[64,273],[474,-99]],[[419053,794662],[-127,51],[99,123],[28,-174]],[[383327,795716],[1228,-810],[-383,-146],[928,-1077],[-1665,-24],[-1855,1271],[-209,419],[573,465],[1383,-98]],[[400857,794662],[-173,-24],[-28,75],[173,24],[28,-75]],[[402531,794516],[-27,-75],[-209,23],[26,75],[210,-23]],[[403642,794563],[26,75],[64,-23],[-90,-52]],[[405607,794859],[90,-197],[-646,-419],[-754,663],[428,24],[253,-391],[209,123],[-136,367],[556,-170]],[[404042,794760],[28,76],[62,-28],[-90,-48]],[[384600,794638],[-64,75],[309,-150],[-245,75]],[[386356,795640],[891,-343],[183,-489],[-93,-636],[165,-489],[-683,-122],[-800,390],[-610,1007],[383,245],[-792,315],[582,296],[774,-174]],[[403895,794662],[28,75],[64,-24],[-28,-75],[-64,24]],[[409409,794662],[-173,-24],[-28,75],[173,24],[28,-75]],[[394798,794859],[91,47],[-27,-70],[-64,23]],[[402150,794958],[91,47],[-28,-75],[-63,28]],[[397673,794760],[28,76],[63,-28],[-91,-48]],[[398765,794859],[28,71],[62,-24],[-27,-70],[-63,23]],[[419717,795325],[-65,71],[128,0],[-63,-71]],[[417397,796130],[528,-391],[-683,-612],[-1302,810],[1457,193]],[[375467,801696],[-1885,-856],[711,47],[-575,-1054],[1784,687],[1856,-589],[2039,687],[545,-197],[-1784,-786],[-1009,-903],[236,-151],[-463,-513],[-837,297],[-3348,-99],[4621,-395],[1810,-1003],[-681,-367],[-2357,71],[783,-193],[-210,-273],[-3675,588],[-2585,-489],[-463,419],[-255,588],[91,146],[-199,47],[126,249],[-273,339],[238,198],[-56,541],[456,635],[-91,244],[573,419],[1165,193],[3202,1572],[510,-99]],[[418197,799564],[91,47],[-26,-70],[-65,23]],[[416833,799663],[-173,-28],[-28,75],[201,-47]],[[405743,799931],[-147,-197],[-826,23],[973,174]],[[405596,800030],[147,193],[281,-122],[-428,-71]],[[407626,800200],[292,-292],[-128,-245],[346,-99],[-383,-145],[55,-349],[-173,-122],[-947,-193],[-318,414],[828,1252],[428,-221]],[[408581,799931],[937,-75],[-1110,-193],[173,268]],[[408845,800153],[91,47],[-28,-76],[-63,29]],[[372626,801696],[221,-99],[-247,24],[26,75]],[[409418,800223],[-1410,-70],[573,367],[1019,-198],[-182,-99]],[[408008,800298],[-118,24],[110,99],[8,-123]],[[375030,801207],[-65,70],[128,0],[-63,-70]],[[382497,801230],[28,75],[65,-28],[-93,-47]],[[419898,802086],[-464,273],[354,513],[757,268],[-255,-734],[-392,-320]],[[398838,801032],[26,76],[65,-24],[-91,-52]],[[398728,801131],[28,76],[63,-29],[-91,-47]],[[411629,800887],[72,-245],[-173,-122],[-791,75],[564,-198],[-173,-174],[-1083,617],[1584,47]],[[411664,801032],[-127,52],[101,24],[26,-76]],[[408335,801329],[91,47],[-26,-71],[-65,24]],[[417788,804637],[-101,70],[128,0],[-27,-70]],[[377613,804830],[-64,75],[127,0],[-63,-75]],[[413603,804538],[-64,75],[127,0],[-63,-75]],[[375765,801621],[91,51],[-26,-75],[-65,24]],[[416332,801399],[546,-94],[210,-371],[-964,-683],[1373,560],[391,-122],[337,-856],[-2038,-99],[-1192,1007],[647,757],[690,-99]],[[413357,801084],[-809,-174],[-609,367],[1619,297],[-201,-490]],[[405533,802698],[428,-513],[1775,-757],[-783,-250],[673,-193],[-281,-268],[-2841,-593],[-908,885],[-464,-320],[164,-245],[-318,-23],[-210,221],[128,146],[-1475,1129],[2357,955],[1755,-174]],[[400358,802482],[973,-123],[71,-249],[-136,-122],[-573,23],[709,-635],[-126,-245],[537,-23],[99,-367],[-2601,978],[528,292],[-456,99],[173,372],[437,291],[365,-291]],[[408281,801865],[947,-244],[-938,-24],[-463,367],[454,-99]],[[397954,801988],[-63,75],[128,0],[-65,-75]],[[411638,801988],[-28,75],[91,0],[-63,-75]],[[388094,802482],[290,0],[-610,-76],[320,76]],[[410546,802185],[-246,75],[601,0],[-355,-75]],[[415305,802359],[73,-249],[-283,-122],[-1055,98],[1265,273]],[[413422,802675],[681,-170],[-1047,-419],[-2027,123],[827,466],[1566,0]],[[398073,802209],[-255,150],[456,-99],[-201,-51]],[[406798,802482],[99,-174],[-417,98],[318,76]],[[387584,802675],[209,-71],[-382,-198],[173,269]],[[394426,803950],[-247,-123],[37,-541],[1155,-122],[583,588],[573,-1148],[-1410,71],[-656,-589],[-318,24],[54,343],[-100,29],[-428,-222],[310,-395],[-172,-268],[-2976,-419],[210,-169],[-2465,419],[2164,1369],[-199,343],[391,612],[1555,-513],[-236,-197],[136,-170],[655,0],[-499,466],[573,122],[726,979],[584,-489]],[[409381,802675],[28,-71],[-237,0],[209,71]],[[411011,802797],[-601,52],[309,-297],[-209,-70],[-428,461],[1074,0],[-145,-146]],[[400111,802797],[27,75],[64,-23],[-91,-52]],[[411238,802971],[-65,71],[128,0],[-63,-71]],[[409718,803042],[383,98],[-210,-268],[-173,170]],[[416987,804439],[-173,174],[492,0],[-319,-174]],[[383682,804415],[-28,-75],[-210,28],[238,47]],[[387839,803263],[-65,75],[128,0],[-63,-75]],[[396945,803630],[101,28],[99,-174],[-200,146]],[[414877,803658],[-137,169],[673,-99],[-536,-70]],[[412730,803559],[-865,-174],[1001,245],[-136,-71]],[[397636,803286],[91,52],[-26,-75],[-65,23]],[[396899,803950],[101,-76],[-274,-193],[173,269]],[[413940,804072],[27,75],[64,-28],[-91,-47]],[[412466,804119],[108,-146],[-207,-221],[-1230,320],[64,268],[1265,-221]],[[395736,803950],[-210,-123],[26,-367],[-545,198],[110,489],[619,-197]],[[396927,804317],[-236,-47],[26,70],[210,-23]],[[395262,804735],[247,-272],[-575,-123],[-828,466],[1156,-71]],[[391140,806034],[184,-395],[-820,-588],[1192,273],[-63,-175],[164,-145],[-93,-146],[173,-28],[-26,371],[463,123],[1156,-664],[-510,-880],[-428,-122],[-1701,513],[210,268],[618,-193],[173,217],[-100,174],[-1165,-99],[-318,-367],[528,-297],[-1083,-1392],[-1455,291],[-409,955],[-210,24],[63,-268],[-127,-198],[201,-146],[-74,-343],[-1656,-537],[91,-249],[-208,-513],[208,-1054],[-162,-291],[1001,192],[-746,-94],[244,758],[-209,221],[-35,442],[973,711],[1846,-221],[-927,-687],[791,-664],[1783,-94],[1929,682],[546,-390],[690,99],[510,588],[465,23],[227,565],[800,99],[2756,-1205],[-136,-268],[1812,-513],[-357,-174],[1639,198],[800,-391],[1083,-908],[-355,-174],[-400,395],[-99,-367],[862,-221],[329,-786],[209,24],[-173,372],[619,-198],[136,-122],[-127,-245],[354,-221],[4004,-198],[108,297],[1965,489],[365,391],[3165,-193],[246,-174],[-1110,-99],[3949,-1421],[-1811,-268],[-973,-518],[-74,-438],[173,-122],[-1200,-395],[173,-170],[-428,-221],[-428,123],[274,197],[-138,170],[-945,-391],[-765,489],[-717,-512],[90,-151],[-354,-513],[-1120,320],[891,1078],[-681,75],[-465,-419],[346,-146],[-491,-146],[-73,-442],[201,47],[-37,-244],[-383,-198],[865,273],[791,-320],[-1401,-588],[820,0],[-420,-391],[102,-75],[426,221],[-54,442],[1009,414],[692,885],[1155,-762],[-100,-316],[-1673,-296],[63,-268],[-573,-320],[-1747,-292],[-536,123],[-292,390],[164,245],[-246,221],[-945,292],[-391,710],[681,75],[-1818,687],[-1492,-99],[171,-169],[-718,-517],[-610,319],[65,269],[426,-170],[-354,466],[-1302,-221],[865,-466],[-2802,588],[-1783,-296],[-136,122],[127,99],[-99,273],[-182,-395],[-646,174],[318,-466],[1055,-198],[209,123],[-201,146],[428,122],[247,-217],[-128,-150],[500,-221],[538,75],[-783,296],[973,217],[363,-391],[765,99],[1092,-489],[692,292],[573,-415],[-102,-174],[2331,0],[172,174],[-345,95],[609,221],[465,-367],[-1120,-612],[-1273,99],[1128,-395],[800,296],[655,-198],[292,396],[573,-320],[372,-857],[646,-122],[-237,-99],[138,-174],[400,395],[936,71],[-865,-659],[-2801,-983],[-173,122],[36,344],[1401,494],[-1009,122],[-182,-395],[-400,489],[-65,-169],[201,-297],[-246,-414],[-619,588],[-791,76],[91,-151],[-100,-221],[755,-221],[-382,-146],[564,-146],[-208,-169],[1009,-28],[-974,-269],[173,-268],[-426,-320],[-465,75],[309,-197],[-136,-466],[437,489],[609,-414],[-819,-687],[246,-174],[1274,198],[145,-391],[946,-197],[100,367],[-1911,640],[492,291],[191,466],[-1156,75],[1993,1003],[546,-99],[-64,174],[428,315],[1455,297],[728,588],[1046,-123],[-164,-197],[164,-438],[-272,-150],[309,-193],[-127,-344],[745,-343],[-164,-344],[547,-884],[754,-315],[-717,414],[527,442],[-1184,1223],[-72,442],[746,-489],[374,-856],[545,-297],[573,174],[-964,438],[490,249],[-499,612],[-2248,1346],[1301,710],[246,-122],[-101,-169],[1011,-123],[-1011,-466],[983,0],[-209,-174],[646,-221],[-63,174],[208,221],[428,24],[-26,367],[318,-24],[9,-367],[938,222],[-675,192],[573,367],[1628,-169],[-1954,268],[-320,320],[720,170],[-65,272],[975,612],[1563,-395],[356,-217],[-309,-343],[783,-245],[-966,-98],[246,-273],[655,197],[901,-513],[-1666,-174],[173,-169],[-891,-297],[2138,175],[318,-466],[-1438,-99],[1265,-24],[210,-221],[-165,-343],[201,-198],[-209,-315],[-1529,-99],[0,-395],[-873,198],[45,-367],[638,-292],[-683,-28],[-37,-490],[-864,221],[391,367],[-945,-390],[173,757],[-201,99],[272,297],[-644,23],[-173,-174],[454,-588],[-564,0],[382,-391],[-637,-244],[28,-367],[-1455,-297],[573,-122],[-65,-169],[-1018,0],[-318,-367],[672,-99],[-901,-908],[-618,197],[-63,-268],[199,-99],[-973,-809],[-873,198],[-191,560],[-1046,908],[-391,-320],[464,23],[537,-513],[518,-1054],[-1456,198],[-137,169],[383,198],[-501,710],[-435,-489],[-428,71],[782,-292],[-209,-268],[-874,489],[-510,0],[292,-197],[-437,-292],[-765,0],[-519,856],[-309,47],[102,273],[-1857,489],[-800,687],[-102,-75],[201,-292],[-1301,461],[-1018,-192],[-355,221],[-45,658],[-210,-23],[100,-856],[-182,-198],[-1855,-193],[-402,391],[-982,-99],[-246,122],[-91,541],[-927,635],[-928,1228],[-64,-272],[-392,221],[173,367],[-190,367],[-210,-466],[-391,320],[128,146],[-820,738],[93,146],[-611,904],[-1892,395],[-400,1077],[-173,-23],[54,-344],[-136,-122],[209,-122],[-36,-245],[-465,-122],[-426,513],[63,465],[-100,174],[601,95],[-2248,1595],[728,291],[2110,-880],[656,193],[317,-513],[-235,-244],[927,-635],[-854,-245],[1254,-442],[-63,-664],[474,687],[2220,99],[1346,588],[1600,-197],[173,174],[-1764,193],[128,51],[-56,344],[428,221],[2356,659],[-1009,221],[-1384,-687],[-1310,390],[-210,-268],[783,-245],[-199,-588],[91,-146],[-1192,-319],[-2801,489],[-247,221],[128,146],[-182,395],[-791,612],[-3094,1176],[-365,588],[-354,-169],[964,-885],[-1991,-513],[318,-174],[-465,-221],[-391,122],[382,297],[-199,99],[100,169],[-1129,0],[-828,419],[502,466],[-2620,-687],[-1347,99],[-802,291],[-335,664],[-565,193],[1847,1595],[947,197],[1528,1078],[318,-24],[9,-273],[1783,198],[1010,-612],[190,-663],[538,-123],[-865,-465],[2175,367],[-456,-687],[-9,-367],[837,884],[610,170],[-199,51],[136,560],[-510,-390],[-1637,99],[245,169],[-682,122],[-300,664],[-536,23],[-402,494],[-763,-197],[-510,489],[-509,0],[217,292],[-281,371],[601,193],[-720,123],[-463,-123],[281,-367],[-464,24],[747,-588],[-1738,-904],[-1238,99],[-1274,-494],[-1991,809],[218,542],[537,414],[1809,809],[-54,541],[465,414],[2620,0],[-283,367],[1228,320],[365,489],[173,-268],[-383,-197],[710,51],[-318,-663],[255,-193],[609,216],[-309,297],[173,169],[791,-122],[-73,-344],[-964,-832],[-327,-589],[100,-70],[1346,1468],[945,197],[-63,170],[465,320],[1237,0],[655,-687],[63,367],[-273,489],[1628,1595],[1883,-268]],[[412767,805027],[-138,-75],[64,174],[74,-99]],[[413093,805714],[1920,-955],[-1046,-122],[-145,390],[-1520,762],[791,-75]],[[417205,806105],[610,-123],[-200,-437],[273,-494],[-683,75],[65,-174],[-210,-217],[-1055,-197],[-2575,1298],[1665,76],[510,489],[1273,0],[327,-296]],[[385437,805422],[-182,-296],[-574,122],[356,664],[400,-490]],[[411664,805691],[-26,-76],[-209,24],[235,52]],[[409818,806105],[2393,-1445],[-1083,-122],[-300,564],[-1510,1078],[500,-75]],[[411301,805738],[-173,-24],[-26,75],[173,24],[26,-75]],[[387255,805516],[-426,273],[1146,292],[-720,-565]],[[391732,805714],[-136,169],[346,-94],[-210,-75]],[[378405,804905],[326,-344],[-527,-390],[456,0],[-683,-24],[-173,-174],[201,-193],[-1520,-1007],[-1156,24],[464,663],[984,391],[1154,1007],[-318,268],[792,-221]],[[402712,805493],[201,-541],[755,-612],[655,0],[655,-880],[765,-197],[73,296],[-1229,560],[1301,127],[683,-518],[-493,0],[210,-367],[1238,-98],[2647,-1003],[-710,0],[137,-174],[2793,-367],[-355,-221],[-2947,391],[-873,494],[-2148,292],[-619,588],[-1128,-292],[-837,292],[-800,-687],[-1383,0],[-718,320],[54,343],[-173,122],[0,-390],[-982,-296],[-510,-589],[-1264,1007],[718,71],[400,687],[756,221],[-91,245],[355,418],[1491,-197],[729,1077],[644,-122]],[[384819,804735],[473,292],[645,-221],[-937,-367],[-1156,122],[720,565],[318,-24],[-418,-442],[355,75]],[[401594,806792],[500,-857],[-828,-1007],[-1855,99],[63,-169],[-363,-687],[-1010,-711],[-1492,1370],[-2402,592],[83,461],[536,123],[2220,-193],[4183,1275],[365,-296]],[[405369,808043],[411,-762],[2946,-880],[1092,-1077],[728,-198],[282,-758],[-599,0],[1182,-687],[-2030,-418],[-1820,296],[-1091,687],[-364,584],[-910,395],[-209,-174],[310,-292],[-719,-221],[-828,414],[-264,762],[-1301,711],[-264,663],[110,391],[1163,197],[329,-296],[-100,466],[1555,418],[391,-221]],[[393952,806302],[245,-169],[-355,-518],[-973,518],[465,466],[618,-297]],[[395444,806006],[-283,75],[529,296],[-138,-174],[102,-169],[-210,-28]],[[409345,805912],[-63,70],[127,0],[-64,-70]],[[418870,805836],[-236,-98],[-145,442],[527,-198],[-146,-146]],[[402295,806227],[26,75],[65,-23],[-91,-52]],[[410391,805982],[-26,-70],[-210,23],[236,47]],[[410045,806034],[91,47],[-26,-75],[-65,28]],[[410283,806768],[1500,-268],[292,-588],[-3239,880],[1447,-24]],[[400503,806890],[-65,76],[128,0],[-63,-76]],[[416078,806890],[-464,170],[564,-94],[-100,-76]],[[407881,807013],[-201,47],[173,28],[28,-75]],[[381680,808777],[-246,-23],[82,465],[209,123],[109,-395],[-154,-170]],[[382672,809243],[-183,99],[246,-24],[-63,-75]],[[385437,808556],[-355,75],[392,221],[-137,-122],[100,-174]],[[384600,808655],[-101,23],[37,344],[201,-99],[-137,-268]],[[384281,808876],[91,47],[-27,-71],[-64,24]],[[415504,807112],[28,75],[62,-28],[-90,-47]],[[401895,807502],[26,75],[65,-23],[-91,-52]],[[417633,807554],[655,-297],[-91,-145],[309,-146],[-54,-344],[418,-296],[-3302,1251],[2065,-23]],[[400794,807187],[392,-75],[-601,-99],[209,174]],[[408627,808975],[646,-123],[245,-221],[-236,-146],[791,-517],[2512,-880],[2583,0],[318,-565],[-864,-517],[-1966,99],[-2583,1082],[-1747,-99],[-1928,880],[99,174],[-1083,710],[1421,292],[1792,-169]],[[418115,810127],[938,-371],[-1038,-292],[682,-23],[683,-565],[-2428,565],[-1120,757],[2283,-71]],[[402204,807893],[227,-24],[-391,-268],[164,292]],[[402431,808165],[-63,76],[126,0],[-63,-76]],[[403750,808288],[28,75],[63,-28],[-91,-47]],[[401785,807601],[28,75],[63,-28],[-91,-47]],[[400576,807577],[327,391],[246,-320],[-573,-71]],[[395909,809808],[363,-146],[-672,-396],[1727,198],[-173,169],[910,0],[74,-291],[508,489],[510,-198],[547,297],[1055,-297],[209,-216],[-19,-343],[465,-320],[2438,489],[1518,-663],[-3993,-24],[-9,-367],[-719,-122],[-400,-588],[-1710,-687],[-400,197],[-137,-174],[199,-94],[-172,-221],[-973,-24],[62,-273],[-545,99],[-363,490],[-1128,0],[-547,-391],[-873,489],[-2947,99],[-328,490],[1491,1373],[1275,0],[2219,1177],[538,-221]],[[403959,808363],[-64,71],[92,0],[-28,-71]],[[418917,810029],[-391,169],[972,-71],[-581,-98]],[[399193,810029],[0,193],[209,-123],[-209,-70]],[[400366,809855],[-365,244],[247,221],[209,-320],[-91,-145]],[[415277,809441],[-1118,268],[1291,-99],[-173,-169]],[[411201,809930],[-64,70],[127,0],[-63,-70]],[[412146,809633],[-536,273],[746,94],[-210,-367]],[[413158,809808],[-456,98],[1120,24],[-664,-122]],[[417752,810222],[-65,75],[128,0],[-63,-75]],[[385027,810687],[-27,-70],[-209,23],[236,47]],[[389594,810099],[-372,-70],[109,489],[263,-419]],[[415250,810396],[245,-76],[-108,-98],[-137,174]],[[418297,810518],[28,-75],[-601,0],[573,75]],[[410555,810640],[91,47],[-26,-70],[-65,23]],[[408936,810786],[-128,-99],[63,-268],[-1118,320],[792,268],[391,-221]],[[410146,811398],[2147,-489],[-1375,-123],[1148,-291],[-610,-273],[-1893,1176],[583,0]],[[385227,811031],[91,52],[-26,-76],[-65,24]],[[417825,811304],[1563,-494],[-391,-123],[65,-169],[-3048,-75],[856,99],[-420,244],[383,146],[-201,151],[283,221],[910,0]],[[409736,811083],[-491,-52],[65,174],[426,-122]],[[414258,811398],[1302,-71],[-1738,-616],[-1593,518],[1119,268],[-246,-268],[828,-24],[173,268],[-454,99],[1474,99],[-865,-273]],[[417642,811596],[-63,75],[636,94],[-573,-169]],[[303267,815614],[173,-170],[-819,344],[646,-174]],[[414403,815614],[465,-170],[-1619,344],[1154,-174]],[[301630,814437],[-319,367],[456,-98],[-137,-269]],[[381689,814734],[-63,70],[125,0],[-62,-70]],[[419125,815101],[73,-245],[-672,193],[171,273],[428,-221]],[[417752,814734],[36,193],[173,-123],[-209,-70]],[[381552,814955],[63,71],[37,-99],[-100,28]],[[308353,815101],[-27,-75],[-210,23],[28,75],[209,-23]],[[303057,815247],[346,51],[-136,-174],[-210,123]],[[308252,815322],[0,-99],[-244,24],[244,75]],[[416042,815322],[-547,-198],[-610,269],[1157,-71]],[[299346,816715],[90,51],[-26,-75],[-64,24]],[[415860,818065],[1345,-880],[-2210,-75],[1773,-122],[0,-297],[437,99],[428,-414],[-646,-565],[1056,292],[145,-193],[-136,-174],[564,-193],[-538,-419],[-718,222],[610,367],[-2620,-99],[-1710,588],[-1202,-292],[-1273,880],[-1847,419],[2938,-24],[-62,170],[936,23],[-63,174],[127,94],[-1365,-94],[4031,513]],[[298619,817209],[26,70],[65,-23],[-91,-47]],[[298509,817402],[91,51],[-27,-75],[-64,24]],[[414249,817943],[-27,-76],[-210,29],[237,47]],[[297227,817378],[-100,-70],[1300,-617],[146,-390],[-2321,809],[320,565],[655,-297]],[[297800,818432],[-236,-47],[26,71],[210,-24]],[[405125,818164],[-65,75],[91,0],[-26,-75]],[[403159,818362],[392,-273],[-1840,98],[1448,175]],[[406143,818263],[-1120,-273],[355,466],[901,-123],[-136,-70]],[[304914,813191],[91,47],[-28,-76],[-63,29]],[[302640,814315],[-28,-70],[-210,23],[28,71],[210,-24]],[[302039,814461],[28,75],[63,-23],[-28,-76],[-63,24]],[[302385,814414],[-28,-75],[-208,28],[236,47]],[[381825,814612],[-236,-52],[26,75],[210,-23]],[[416660,814047],[-37,-297],[-436,0],[-318,372],[791,-75]],[[305632,813948],[-63,75],[128,0],[-65,-75]],[[417343,814169],[-1439,146],[1193,122],[246,-268]],[[415168,814245],[210,-76],[-383,-197],[173,273]],[[415850,814169],[-200,47],[173,29],[27,-76]],[[305487,814245],[100,-76],[-828,-221],[-537,367],[1365,99],[-100,-169]],[[417242,815026],[-247,-222],[28,-268],[-1519,123],[828,465],[910,-98]],[[309017,813261],[1592,-1054],[-3366,984],[1774,70]],[[311091,812381],[-35,-197],[-173,23],[208,174]],[[399629,812673],[-546,-786],[-900,-315],[199,-245],[-463,-517],[-1057,0],[-653,-588],[-1530,98],[-610,-512],[-80,-367],[-1928,-198],[63,-169],[-718,-127],[-1202,-1078],[-1373,-315],[1300,23],[36,-489],[-1628,221],[128,94],[-65,174],[-2037,-1077],[-4148,-198],[426,-367],[-718,-23],[136,268],[-209,23],[-1818,-1077],[-437,99],[627,856],[491,146],[-54,343],[181,490],[746,150],[-309,245],[473,588],[746,245],[-454,197],[355,560],[800,-193],[-619,-395],[1274,99],[2693,-786],[1018,297],[802,785],[945,193],[-173,273],[828,1101],[1120,221],[-1083,-122],[-210,414],[502,762],[1346,292],[1274,-880],[800,0],[1483,612],[-63,169],[3775,715],[-601,95],[318,371],[910,-197],[1056,291],[-1165,-489]],[[402068,812871],[-102,-76],[3922,-1101],[473,-588],[1310,-395],[582,-584],[802,95],[173,174],[-275,291],[428,24],[2986,-1567],[4256,-292],[100,-367],[-573,-221],[-1600,391],[1055,-490],[1418,198],[1120,-762],[-2866,169],[-2292,786],[-173,-169],[1591,-320],[791,-565],[-2319,-221],[-2657,884],[-463,320],[273,193],[-247,269],[-1491,395],[-3276,-198],[-544,395],[-1492,-98],[-692,-494],[-1238,592],[-537,612],[383,193],[300,762],[610,123],[-136,169],[-692,-94],[-155,-664],[-282,-122],[-2693,-296],[-473,-391],[-900,221],[500,659],[763,-193],[547,292],[373,663],[1628,1398],[1784,0]],[[415240,812480],[-63,71],[128,0],[-65,-71]],[[407526,811986],[282,-23],[-128,-245],[246,-122],[937,-76],[-1518,-513],[354,269],[-1301,28],[99,169],[-317,414],[-792,28],[1300,170],[583,-391],[-209,123],[127,98],[-91,146],[428,-75]],[[412693,811887],[-828,-23],[309,-193],[-63,-273],[-1227,419],[681,268],[1128,-198]],[[409928,812282],[1010,-762],[-1375,367],[-318,471],[683,-76]],[[391250,812061],[-28,-75],[-208,28],[236,47]],[[415750,811887],[-2648,76],[2466,319],[245,-221],[-63,-174]],[[410873,812184],[0,-198],[-208,28],[208,170]],[[396564,812259],[-28,-75],[-210,23],[28,75],[210,-23]],[[407635,812673],[1446,-565],[-3775,174],[219,292],[2110,99]],[[418470,812993],[-1518,-320],[536,-169],[-938,-320],[-1228,418],[573,367],[2721,269],[-146,-245]],[[398319,813459],[-64,-174],[164,-292],[-173,-221],[-1191,-75],[1191,1152],[173,-221],[-100,-169]],[[414849,813972],[1011,-222],[-246,-315],[246,-174],[1518,-70],[-1665,-29],[-945,-682],[-1165,94],[391,-367],[-756,-122],[-1710,296],[-182,-296],[-1528,395],[-255,391],[-1883,221],[1083,268],[2328,-292],[2039,391],[800,687],[919,-174]],[[401311,817990],[893,-438],[-493,-588],[283,-174],[619,786],[3167,193],[290,-292],[1275,99],[253,-391],[1055,94],[2693,-781],[1010,-710],[-1291,193],[210,-268],[1809,-24],[-464,-367],[-1847,-122],[137,-174],[2948,395],[1592,-861],[-1702,-123],[-864,-512],[64,-175],[-1165,99],[0,-291],[-1637,94],[-365,494],[-545,0],[647,-372],[-1183,99],[2346,-490],[-3885,-23],[-581,292],[609,-560],[-1846,-221],[99,169],[-209,122],[-391,-122],[309,-99],[-281,-268],[-692,0],[-2793,1007],[892,193],[-138,174],[-1563,-198],[-873,-489],[-1129,99],[-28,268],[902,612],[2283,-24],[-2393,221],[-800,-390],[-65,367],[382,193],[-527,343],[-37,494],[1447,1148],[910,-390],[1338,23],[-565,198],[100,268],[-1637,99],[-1856,-1078],[-474,588],[283,316],[-201,99],[173,272],[474,193],[328,-390],[1382,1374],[683,-123],[-383,-197],[-9,-268],[500,221],[227,466],[300,-372]],[[319744,861710],[-128,47],[100,28],[28,-75]],[[307333,863376],[-127,51],[101,24],[26,-75]],[[307415,863155],[-62,75],[90,0],[-28,-75]],[[334745,862566],[100,-70],[-273,-99],[173,169]],[[308326,862962],[936,-76],[-1300,-221],[-501,367],[865,-70]],[[335218,862665],[-354,24],[164,244],[-238,297],[420,99],[8,-664]],[[309409,862985],[-128,47],[100,28],[28,-75]],[[333917,862444],[272,-47],[-417,-198],[145,245]],[[319679,863060],[-354,-221],[91,-343],[-383,-146],[573,-471],[-1018,-193],[-400,292],[218,588],[1446,565],[-173,-71]],[[309636,863060],[-100,71],[128,0],[-28,-71]],[[320734,863352],[65,-169],[-246,70],[181,99]],[[340567,864430],[-100,75],[128,0],[-28,-75]],[[336591,863865],[-208,-414],[-609,23],[536,1252],[355,-28],[-273,-193],[-45,-367],[244,-273]],[[340394,864848],[201,-197],[-355,-123],[-391,367],[391,320],[-99,-174],[253,-193]],[[337592,866514],[201,-296],[-683,-513],[-173,955],[655,-146]],[[339403,865018],[-27,75],[90,0],[-63,-75]],[[336892,864919],[365,99],[-538,-268],[173,169]],[[338684,866025],[819,-786],[-1191,-320],[136,273],[-601,343],[456,490],[-210,268],[591,-268]],[[307889,863940],[-100,76],[128,0],[-28,-76]],[[307370,864016],[-91,192],[273,0],[-182,-192]],[[307588,863376],[-235,98],[36,344],[199,-442]],[[307526,864331],[-102,75],[128,0],[-26,-75]],[[307662,864260],[-65,-23],[-26,70],[91,-47]],[[330378,865117],[63,-76],[-273,0],[210,76]],[[325248,861197],[-437,-99],[-36,198],[473,-99]],[[319707,861418],[-1182,-99],[63,269],[1119,-170]],[[335873,866980],[-64,75],[91,0],[-27,-75]],[[309417,867272],[355,-71],[-245,-221],[-793,367],[683,-75]],[[335445,867300],[346,-198],[-754,268],[408,-70]],[[310027,867008],[-100,-28],[-28,75],[128,-47]],[[308471,868156],[209,-75],[-527,-99],[173,466],[209,-123],[-64,-169]],[[308399,868843],[63,-174],[-236,0],[173,174]],[[308471,869036],[-355,174],[527,193],[-172,-367]],[[282771,935228],[-128,47],[100,28],[28,-75]],[[277567,950030],[-101,-23],[-26,70],[127,-47]],[[308390,869455],[-101,-24],[-28,71],[101,23],[28,-70]],[[309417,869723],[-864,-75],[464,273],[400,-198]],[[330633,866095],[28,-70],[-237,0],[209,70]],[[333435,866194],[-100,75],[128,0],[-28,-75]],[[334600,865507],[-101,-466],[173,-122],[464,122],[-91,151],[128,47],[-100,174],[72,391],[573,-466],[-273,-47],[-382,-932],[-818,-442],[-36,-344],[199,-390],[-219,-588],[-490,94],[-9,371],[-582,0],[-173,-174],[454,-390],[-1264,-617],[-465,273],[365,880],[564,297],[-1046,-269],[-410,-959],[-610,-24],[-391,122],[92,151],[-101,216],[-718,123],[-119,273],[137,169],[-455,343],[-10,367],[-618,-390],[-509,489],[-319,-418],[64,-367],[-581,489],[216,593],[1565,880],[1747,-198],[173,122],[-54,640],[318,221],[2402,0],[183,-296],[763,296],[9,-367],[283,-28]],[[308988,865808],[-107,66],[128,0],[-21,-66]],[[309391,865912],[-110,61],[100,28],[10,-89]],[[336137,866660],[601,-489],[-37,-344],[-719,-320],[-718,320],[164,391],[-56,442],[765,0]],[[308252,865413],[-545,-593],[-218,198],[763,1077],[610,-23],[-673,-391],[128,-99],[-65,-169]],[[334163,866392],[245,70],[-63,-169],[-182,99]],[[332017,866585],[281,-170],[-2102,-122],[-172,-367],[345,-198],[-892,0],[609,664],[1639,489],[292,-296]],[[332017,866881],[-28,75],[90,0],[-62,-75]],[[334991,867149],[-319,-268],[-764,296],[-546,-296],[-1228,122],[1883,466],[728,0],[246,-320]],[[219804,840527],[3295,673],[-318,-418],[91,-193],[-91,-151],[354,-221],[364,494],[73,-296],[1128,-490],[-646,-23],[173,-273],[1993,367],[-147,-537],[-344,-51],[-620,-1078],[19,-437],[-237,-99],[237,-52],[0,-442],[-464,-706],[501,-616],[-164,-2010],[1956,-2376],[1455,-197],[2984,-1567],[3458,-880],[2874,-1764],[1055,0],[5058,-1473],[1675,588],[427,-513],[-126,-640],[381,-734],[-236,-146],[499,-710],[975,-419],[381,-931],[1083,174],[691,-1275],[182,197],[1129,-687],[499,-418],[45,-466],[802,-99],[800,-682],[2491,291],[-45,490],[-1936,395],[-583,583],[-1892,786],[-391,320],[-46,367],[-1082,513],[-109,640],[755,710],[802,0],[4183,-1176],[1165,292],[2475,-193],[1819,-786],[3275,99],[6068,-2183],[-346,-94],[138,-174],[2000,-99],[4149,884],[2111,979],[4657,296],[391,-127],[-17,-338],[391,-419],[2039,-391],[1018,-785],[2002,-589],[545,-588],[1528,-291],[655,-495],[8224,-1957],[183,-489],[2729,-1863],[4684,-956],[-1654,683],[936,75],[973,-513],[-99,-273],[4606,-1764],[33,296],[-809,513],[381,296],[-136,565],[-982,193],[-1020,1077],[-108,-291],[-1018,193],[-74,494],[-910,-494],[-281,122],[99,273],[-691,-99],[-764,687],[-1893,99],[101,367],[-218,489],[-1256,1322],[500,763],[801,-687],[1310,-396],[1529,99],[1518,-1689],[119,-268],[-109,-489],[355,216],[-136,174],[181,292],[655,-193],[1192,612],[-173,268],[-1164,-490],[-401,589],[-100,-222],[100,-169],[-437,99],[-1455,1468],[-2138,320],[1664,169],[1929,-1077],[28,268],[-673,494],[1192,23],[691,711],[-1201,-320],[-2694,489],[-437,490],[-208,-123],[128,-94],[-65,-174],[-1746,391],[110,296],[354,-75],[-201,197],[28,565],[828,-221],[-2283,1590],[-1165,198],[100,174],[-646,414],[-63,-169],[345,-297],[-827,174],[-511,880],[-2027,1153],[1117,1298],[1057,0],[-64,367],[382,146],[-491,297],[173,268],[1019,-296],[281,-269],[-746,-291],[938,70],[281,-221],[-127,-489],[200,-193],[-101,-174],[1165,-198],[2802,-1760],[-618,-296],[1811,-169],[-1701,-320],[-802,588],[-828,-76],[1593,-809],[2728,-588],[610,-710],[0,-344],[-272,-292],[1009,-809],[173,122],[-63,269],[1055,98],[937,810],[836,1374],[-54,734],[173,221],[1228,23],[-199,687],[127,344],[-674,635],[-218,588],[36,442],[283,320],[-209,659],[964,1030],[-54,734],[781,542],[-55,734],[283,319],[437,-296],[-147,-588],[-391,-24],[201,-442],[-283,-513],[320,-513],[-128,-343],[236,0],[-91,146],[528,442],[-100,466],[182,588],[-109,391],[182,390],[-1191,616],[126,339],[-236,151],[36,244],[1302,-367],[136,-122],[-127,-442],[246,-320],[1892,-391],[291,-489],[945,-395],[355,122],[-828,955],[-1665,617],[128,145],[-928,636],[273,343],[-392,419],[-1846,-268],[136,169],[-99,565],[173,221],[945,94],[218,395],[692,-99],[765,786],[473,-99],[-828,-710],[126,-99],[-63,-466],[-692,292],[-281,-367],[245,-315],[436,99],[511,-687],[728,291],[327,490],[946,-94],[173,122],[37,536],[-1083,-466],[-828,175],[355,903],[946,-292],[82,565],[528,489],[-173,320],[-873,-593],[-729,395],[-1228,-174],[173,664],[-136,169],[127,99],[-345,151],[-91,536],[-720,-169],[-510,390],[183,297],[973,23],[255,292],[-99,174],[136,122],[-56,635],[128,99],[-1155,-856],[-173,122],[164,635],[-246,222],[-1092,-99],[-464,762],[974,216],[63,174],[-236,245],[128,146],[-1219,343],[272,640],[-683,711],[620,880],[1118,367],[-3439,1228],[573,564],[473,-687],[1010,316],[-245,465],[-719,222],[274,244],[-456,443],[528,588],[55,541],[172,122],[574,-221],[-127,-245],[454,-343],[-528,-391],[110,-348],[1220,-583],[-346,390],[126,344],[-208,221],[318,757],[-718,123],[-875,1077],[-608,28],[999,1224],[-818,541],[-90,734],[-346,588],[354,513],[973,-75],[147,395],[-73,442],[-456,438],[319,465],[1155,-809],[482,-856],[756,320],[-966,292],[-108,442],[528,395],[-1438,1026],[318,268],[547,-193],[209,315],[-601,494],[0,1520],[210,122],[437,-489],[1636,292],[228,663],[609,123],[210,414],[-454,588],[207,367],[1712,0],[537,-315],[-528,-99],[236,-297],[-128,-94],[102,-174],[-74,-296],[-946,-94],[-9,564],[-491,-99],[37,-738],[745,-344],[-564,-489],[100,-170],[-136,-465],[464,169],[900,-513],[-163,-292],[126,-150],[-562,-344],[0,-343],[609,174],[482,-856],[463,-123],[355,711],[-91,245],[1010,1002],[464,-221],[109,-245],[-163,-391],[454,-244],[-127,-344],[391,-419],[536,763],[-236,244],[55,541],[-500,-371],[9,371],[973,513],[319,-122],[-274,-343],[309,-542],[-17,-536],[637,99],[145,193],[-54,640],[309,734],[-90,146],[672,343],[-601,391],[528,98],[-491,198],[136,268],[-99,174],[864,-174],[219,391],[981,0],[-208,273],[273,145],[-100,269],[171,564],[-462,-466],[-173,269],[901,1105],[837,391],[573,-268],[-318,856],[-1120,122],[17,344],[-345,146],[127,296],[-91,146],[610,419],[655,-198],[28,-268],[-419,-395],[428,-316],[173,123],[-55,437],[208,123],[11,-560],[209,-221],[-138,-273],[465,-123],[-28,565],[674,245],[182,494],[-346,489],[37,344],[936,512],[-255,-291],[220,-198],[472,489],[-900,222],[208,268],[1738,-123],[0,-343],[-327,-588],[-527,-146],[-74,-541],[1583,249],[-272,-197],[-91,-734],[-273,-151],[355,-565],[136,320],[-127,99],[164,391],[-91,150],[173,316],[609,-24],[-455,-781],[246,-471],[2464,471],[111,-348],[-456,-438],[138,-466],[609,24],[145,296],[-54,438],[610,517],[608,-23],[-200,-494],[91,-344],[-272,-145],[173,-659]],[[335692,856591],[-683,-320],[246,-466],[1528,292],[1129,1374],[690,-198],[356,-560],[-1221,-343],[129,-151],[-274,-245],[91,-145],[-162,-292],[125,-99],[-162,-296],[346,-99],[-93,150],[274,146],[-90,146],[317,513],[982,-94],[65,-664],[-709,-687],[717,-710],[938,518],[-310,635],[310,541],[-55,437],[501,222],[-28,-466],[127,-99],[-164,-193],[355,-221],[-208,-856],[199,-198],[-417,-442],[-46,-1445],[-136,-122],[91,-245],[-164,-150],[136,-367],[354,122],[-54,640],[219,588],[1037,245],[255,931],[-819,588],[928,344],[218,588],[82,659],[-100,174],[128,47],[-93,150],[357,123],[244,-174],[-454,-880],[199,-245],[-54,-640],[309,-390],[-382,-52],[-72,-536],[128,-99],[-456,-588],[283,-320],[318,122],[-346,99],[283,268],[1126,198],[357,-419],[-465,-659],[-501,-23],[101,-273],[-210,-659],[210,-221],[-110,-297],[210,29],[181,390],[-91,146],[647,908],[436,-296],[-864,-810],[91,-145],[-173,-414],[99,-222],[-126,-98],[55,-541],[-310,-339],[200,-297],[-163,-489],[54,-541],[-127,-47],[91,-146],[-128,-52],[110,-442],[636,198],[-91,343],[346,541],[-91,438],[273,244],[82,466],[-355,273],[718,315],[356,-70],[-419,-245],[54,-541],[-127,-99],[91,-99],[-273,-244],[-37,-245],[238,-146],[-128,-99],[72,-343],[238,-99],[117,664],[938,-513],[-638,-885],[-35,-343],[171,-123],[210,24],[238,837],[599,833],[-199,193],[127,99],[-100,169],[690,-94],[255,-687],[729,99],[-100,122],[126,99],[-35,537],[-456,244],[128,344],[-236,51],[145,932],[283,216],[354,-23],[-419,-391],[-36,-343],[200,-146],[-19,-343],[711,-494],[-583,-1370],[-236,0],[454,-343],[-162,-344],[499,-414],[100,269],[-383,785],[274,146],[-127,146],[210,419],[2146,193],[355,-320],[-173,-367],[-646,-217],[136,-273],[692,0],[209,320],[-54,443],[454,-99],[74,-541],[-710,-635],[600,-1177],[-35,-343],[-275,-146],[201,-198],[-127,-98],[91,-146],[-236,-47],[162,-541],[-454,197],[128,94],[-201,198],[101,367],[-292,0],[27,-367],[-427,-221],[-1011,-24],[65,-564],[-173,-466],[938,-123],[99,-414],[-456,-687],[-35,-442],[208,-221],[-281,-221],[-37,-344],[137,-122],[1009,122],[-463,76],[-136,367],[1046,320],[-28,564],[856,734],[-246,367],[-400,-296],[-1057,197],[-244,419],[73,344],[355,315],[545,-489],[436,98],[355,513],[-199,250],[463,512],[428,-221],[-100,-268],[900,466],[-126,-99],[54,-442],[-128,-47],[-36,-541],[527,-443],[74,-536],[-128,-99],[136,-221],[465,24],[-56,442],[201,588],[-383,99],[355,315],[428,-122],[-164,-490],[136,-169],[720,122],[255,932],[-975,-174],[-973,762],[501,513],[545,-193],[437,292],[610,611],[237,640],[346,-51],[-201,197],[18,344],[-454,244],[317,367],[1338,-1199],[-127,-245],[210,-221],[-137,-174],[455,-47],[-165,-490],[91,-244],[-127,-52],[164,-438],[-236,-51],[199,-193],[-37,-250],[-754,-221],[-63,-268],[127,-99],[-564,-437],[454,-198],[-127,-99],[100,-466],[1011,221],[9,269],[-683,273],[819,536],[-91,146],[128,99],[-346,51],[354,857],[-209,320],[274,978],[-201,344],[746,99],[-454,-687],[99,-367],[610,122],[37,343],[-201,99],[309,438],[-54,541],[173,221],[681,-320],[-528,-292],[91,-244],[-162,-297],[136,-122],[910,390],[208,1299],[-91,151],[1011,804],[1382,297],[283,-221],[18,-932],[436,-489],[1438,-344],[-709,-588],[454,-442],[-819,-344],[855,-193],[74,-343],[-128,-52],[91,-146],[-127,-47],[-74,-734],[419,-249],[-127,-339],[201,-52],[-711,-687],[99,-169],[-136,-122],[56,-344],[-1329,-390],[309,489],[-91,146],[164,197],[-127,94],[272,52],[74,541],[-647,1003],[-244,-123],[199,-390],[-173,-367],[82,-372],[346,-146],[-63,-169],[-692,94],[-255,-292],[-145,292],[172,273],[-563,343],[54,537],[-683,320],[-209,-222],[56,-635],[-165,-146],[91,-150],[-164,-490],[1120,269],[173,-810],[-128,-146],[601,-244],[335,-565],[292,395],[1092,0],[-173,269],[865,122],[326,489],[355,-414],[-163,-244],[383,47],[-37,-344],[-929,-197],[1338,-24],[391,-320],[-36,-245],[-1118,76],[-320,-320],[-182,-490],[54,-244],[-235,-99],[683,-221],[-102,-123],[91,-145],[-865,-123],[-607,-513],[272,-640],[-1548,-1030],[456,-339],[-819,-541],[91,-146],[-164,-395],[274,-536],[-127,-146],[1327,-1176],[-318,-320],[-2293,291],[-573,-315],[181,-640],[683,-414],[-618,-588],[-210,24],[137,169],[-145,198],[-210,-123],[173,-564],[-318,-414],[128,-687],[-165,-490],[91,-150],[-464,-513],[-1164,197],[-983,-884],[1238,786],[1345,-490],[-136,560],[491,739],[-100,268],[156,1054],[1291,245],[36,442],[-527,442],[19,245],[-683,414],[3156,122],[182,640],[-1327,1125],[-74,343],[173,320],[-99,170],[454,541],[237,832],[818,344],[56,442],[309,245],[-28,466],[1083,-24],[-136,-470],[499,221],[-54,442],[128,99],[-182,489],[-456,245],[-9,663],[2175,-418],[-309,-1271],[108,-343],[746,-640],[19,-833],[281,367],[575,-565],[-201,297],[164,244],[-1401,1619],[528,1026],[-1403,786],[2758,-170],[619,489],[718,-174],[-1473,1177],[563,296],[-100,268],[173,320],[-91,146],[536,809],[1265,269],[110,-245],[-201,-438],[102,-174],[-173,-466],[162,-390],[-127,-99],[1000,-1618],[-635,-786],[-82,-461],[-610,70],[218,-343],[1911,-635],[-173,-565],[1847,-122],[145,-734],[-463,-711],[828,612],[-93,343],[164,198],[-573,513],[-1383,489],[-1382,1078],[729,1176],[717,-71],[-964,979],[128,198],[-128,832],[219,490],[209,122],[509,-687],[1446,-268],[-245,466],[-1046,216],[164,297],[-91,145],[273,151],[-54,438],[380,150],[-127,734],[309,344],[-54,437],[210,419],[-502,856],[538,711],[582,99],[328,-391],[-64,169],[1446,419],[400,-296],[2220,-94],[1193,-716],[-127,-145],[281,-513],[-281,-908],[63,-565],[246,320],[-91,146],[162,150],[11,560],[1191,-221],[-419,-292],[127,-734],[-326,-395],[-964,-437],[90,-151],[-127,-94],[382,-640],[-164,-245],[709,-390],[-1336,-1788],[573,-471],[-419,640],[1120,908],[499,-320],[273,-734],[456,-244],[71,-344],[-863,-221],[-1009,268],[199,-244],[-928,-932],[528,-687],[110,-833],[-1803,-931],[-71,-537],[90,-98],[-127,-99],[381,-687],[-709,-537],[-383,-738],[-355,-123],[-690,984],[-356,-123],[419,-494],[-127,-146],[564,-244],[182,-588],[-165,-193],[74,-541],[201,-198],[-655,-1567],[-1148,-1077],[320,-123],[372,659],[782,198],[37,-541],[-1001,-833],[856,-979],[145,-687],[-100,-169],[718,268],[-454,146],[-73,343],[127,99],[-856,734],[-71,442],[964,542],[-101,169],[174,1054],[-127,99],[162,244],[-54,344],[273,146],[110,687],[-91,244],[173,221],[-320,466],[1111,635],[-601,146],[246,419],[427,-75],[-91,150],[201,344],[-54,536],[181,1078],[1509,640],[-145,1519],[-309,344],[74,339],[2064,418],[755,612],[-610,-23],[-8,268],[-418,244],[-583,1083],[164,291],[-74,344],[-417,536],[72,348],[856,537],[-91,99],[127,197],[-36,537],[-210,221],[136,122],[-54,245],[973,23],[802,-489],[-610,663],[500,612],[836,0],[283,-122],[191,-664],[1346,-390],[2502,169],[-645,-757],[-501,-123],[564,-244],[-419,-344],[-335,-762],[1310,1769],[172,-122],[-136,-174],[145,-198],[865,122],[-37,640],[-456,146],[65,174],[1591,-127],[-527,-292],[319,-268],[-464,-419],[136,-268],[910,979],[1163,-193],[138,-122],[-101,-273],[437,99],[-137,-269],[720,-221],[-865,-663],[792,273]],[[394571,843652],[64,-372],[-356,-414],[-982,-198],[-145,198]],[[393152,842866],[137,169],[-355,320],[-683,24],[1256,687],[-210,75],[-1383,-489],[210,-174],[-318,-222],[-3312,-291],[-865,-1007],[355,-170],[-664,-1642],[-709,-343],[91,-344],[-828,-809],[-1628,-955],[1446,466],[1191,1002],[-54,245],[173,221],[791,320],[729,1275],[-346,146],[499,611],[1492,-94],[-836,490],[-610,-76],[354,466],[802,-292],[1309,584],[1565,-94],[136,-174],[-564,-292],[974,70],[247,-221],[-311,-390],[209,-170],[692,781],[292,-192],[1746,588],[392,-273],[-683,-711],[-910,297],[28,-367],[-247,-24]],[[394752,841887],[-82,367],[-318,24],[28,-268],[-601,-542],[573,-367],[-609,-512],[91,-250],[-1146,-734],[-37,-244],[236,-99],[-491,-588],[419,-344],[-36,-343],[-710,-438],[-263,-565],[-837,0],[171,-367],[-1654,-884],[1773,367],[-28,367],[938,419],[119,564],[709,443],[73,338],[-92,99],[274,245],[-54,343],[1009,617],[1092,0],[763,978],[1055,-197],[11,564],[208,24],[356,-221],[-246,-367],[982,395],[-208,-174],[2356,-612],[355,-367],[-793,-23],[-573,-466],[354,-419],[357,221],[-201,245],[318,221],[691,-99],[-8,-268],[-210,-320],[-873,-99],[-1228,-1002],[-182,-442],[1191,856],[320,-169],[-601,-494],[1410,273],[173,122],[-37,442],[-236,94],[281,123],[318,-123],[-126,-94],[55,-442],[-601,-442],[91,-245],[-173,-122],[-1957,-419],[173,-268],[-436,0],[-72,296],[-1273,-983],[-1276,197],[-1346,-489],[2256,99],[-1855,-1765],[-793,-320],[720,24],[582,489],[-137,-367],[310,-193],[-182,-296],[-1628,-221],[-465,-414],[201,-99],[-36,-245],[-1047,-418],[65,-170],[-456,-489],[1046,461],[1310,1374],[1347,99],[245,418],[-199,292],[108,541],[1338,24],[1310,1863],[1956,-809],[-973,-1054],[-938,-518],[173,-461],[765,292],[-609,75],[754,122],[1019,1078],[1601,390],[210,-70],[-274,-198],[3740,170],[1055,-391],[-474,-99],[683,-414],[-1119,-174],[1420,-99],[-502,-169],[1047,-612],[691,99],[210,-466],[-428,-710],[-1555,-1007],[236,-146],[-637,-640],[274,-536],[-646,-221],[-210,-320],[91,-146],[-610,-419],[-318,24],[137,371],[-545,0],[171,-174],[-563,-343],[-218,-537],[610,560],[545,-193],[326,-588],[356,123],[-309,291],[173,174],[800,-197],[119,1152],[491,542],[-164,437],[209,122],[610,-315],[54,-442],[638,-541],[-456,-442],[609,-123],[-1301,-955],[1228,565],[428,-367],[-2128,-537],[-473,-738],[564,-786],[-1193,-805],[-255,193],[-117,-466],[-527,-145],[209,-170],[-183,-197],[-2184,-979],[-908,99],[391,-372],[-574,-315],[-2620,-396],[-1237,-978],[-2575,-24],[2056,-197],[-465,-466],[-1928,0],[101,174],[-1046,216],[281,-367],[-1554,-611],[171,-170],[-208,-418],[-437,-99],[-1238,983]],[[391004,820027],[1238,99],[-428,268],[855,-52],[-72,344],[-1811,23],[28,-367],[-173,-122],[-800,296],[899,909],[-173,268],[-428,-123],[-117,-465],[-318,75],[208,-273],[-181,-198],[-545,99],[-1384,-781],[-947,-983],[-609,-24],[464,-169],[-246,-122],[128,-640],[-418,-344],[54,-437],[-173,-123],[-2656,0],[-255,-395],[-1929,-588],[-1892,296],[63,-273],[-564,-536],[210,-174],[-281,-315],[90,-151],[-1256,-1026],[0,-738],[201,-146],[-136,-170],[63,-465],[-491,-786],[746,99],[-54,442],[354,414],[982,-292],[-28,268],[493,245],[-65,174],[610,123],[-1473,-52],[564,-198],[-428,-268],[-974,518],[-72,437],[182,395],[1546,1224],[-309,442],[354,513],[1375,-513],[-309,-391],[99,-174],[-136,-169],[272,-343],[-235,-245],[1256,-442],[-56,-542],[237,-588],[-456,-832],[91,-146],[-162,-297],[171,-122],[283,122],[-164,297],[73,442],[527,343],[-200,193],[-35,541],[380,245],[-417,292],[-182,395],[35,344],[720,315],[800,-490],[-63,175],[273,94],[-238,98],[274,198],[-1774,122],[-72,-390],[-657,588],[28,-367],[-127,-99],[200,-296],[-455,197],[-72,344],[327,588],[2174,1002],[510,-193],[-28,268],[392,123],[946,0],[137,-174],[-383,-193],[428,-24],[973,612],[328,390],[-56,443],[757,611],[726,99],[2512,-786],[945,198],[0,297],[547,-99],[-63,268],[318,122],[3057,-489],[763,489],[3094,391],[317,-513],[-644,-762],[-1275,-391],[-463,-513],[236,-588],[-164,-442],[566,-146],[-275,-198],[275,-390],[43,-565],[-253,-687],[-1347,-291],[-728,-984],[-2502,174],[1838,-489],[-501,-663],[-800,-99],[-1129,588],[-218,296],[283,316],[-136,174],[-547,-391],[-1565,-198],[-863,-710],[463,-75],[-482,-664],[-392,372],[-482,-1252],[-382,-47],[311,-296],[-210,-466],[-1057,-390],[-1299,70],[63,-367],[-545,490],[499,28],[-164,291],[164,297],[-91,245],[1183,1373],[-1265,-861],[-681,123],[818,489],[-346,198],[283,174],[-400,489],[-573,-419],[54,-442],[-491,-47],[426,-565],[902,-221],[-355,-658],[-2548,-198],[-327,296],[-683,-273],[-72,344],[145,885],[891,338],[-309,198],[274,343],[-573,123],[171,-268],[-890,-344],[-9,-268],[499,216],[-564,-338],[93,-344],[-129,-52],[92,-146],[-164,-343],[17,-536],[-490,-151],[419,-391],[-164,-197],[90,-245],[-672,-343],[91,-344],[-510,-781],[-783,-442],[201,-198],[-127,-99],[90,-244],[-127,-47],[28,-367],[-2512,-99],[-318,-419],[309,-244],[-974,-217],[-900,-1007],[-54,-343],[-683,-414],[-1738,268],[1729,-391],[-1083,-663],[-326,0],[145,390],[-766,198],[-136,-174],[419,-146],[-136,-169],[100,-273],[-938,174],[-72,-297],[-2328,-978],[-1230,564],[783,-489],[-72,-442],[-564,-833],[54,-442],[-201,-588],[246,-909],[-136,-268],[309,-47],[-127,-150],[782,-1323],[74,-343],[-128,-193],[318,-127],[5385,786],[2365,-292],[247,-174],[-383,-292],[320,-122],[326,390],[1420,297],[1855,-588],[2839,-1671],[3020,0],[2402,-1566],[1009,-1595],[-380,-245],[527,-245],[273,-734],[309,-197],[-63,-316],[-620,-98],[-1055,390],[-173,-122],[56,-443],[-164,-192],[1046,-518],[1492,296],[901,-710],[-56,-344],[428,-710],[1638,-395],[245,-706],[-128,-348],[610,-904],[3266,-1397],[55,-541],[200,-245],[-172,-268],[118,-856],[582,-786],[1628,-513],[975,-809],[35,-640],[-163,-292],[281,-419],[-281,-1101],[91,-98],[-91,-636],[173,-320],[-173,-367],[1200,-2743],[1375,-616],[428,-513],[17,-833],[454,-442],[-17,-442],[164,-146],[-201,-833],[564,-635],[-235,-833],[326,-983],[3157,-1002],[401,-786],[537,-24],[-137,-367],[610,315],[-419,297],[63,169],[2111,588],[2402,1765],[-173,273],[636,931],[37,1026],[-619,1176],[-490,443],[-156,465],[173,367],[-527,245],[-55,442],[-200,146],[-55,1911],[-309,639],[-17,734],[-173,320],[173,466],[54,-541],[382,-343],[128,-734],[2127,-2499],[656,-1077],[19,-640],[564,-635],[145,-541],[-419,-537],[73,-931],[547,-786],[1436,-1031],[600,-1322],[1803,-1567],[-3195,1247],[283,664],[-719,414],[-318,-315],[-9,-664],[-2183,-99],[-173,-221],[54,-437],[-936,-518],[-3677,-193],[-427,-320],[27,-367],[-1083,-320],[-182,-489],[91,-146],[-273,-343],[54,-344],[-745,-390],[209,-320],[619,98],[719,-809],[-54,-343],[199,-297],[-382,-880],[311,-296],[-247,-217],[1419,-98],[765,781],[1855,-193],[873,682],[901,-513],[273,-1322],[856,-932],[17,-734],[165,-343],[-783,-1374],[419,-193],[-237,-739],[601,-588],[-638,-390],[501,-123],[937,565],[146,-489],[-127,-250],[346,-343],[-91,-146],[381,-1030],[-55,-438],[165,-151],[-165,-489],[165,-292],[-128,-98],[37,-542],[527,-931],[-136,-170],[245,-512],[-91,-589],[91,-150],[-128,-94],[711,-1129],[-238,-833],[573,-908],[1529,197],[1383,-687],[1375,-1298],[435,-786],[-91,-146],[164,-245],[37,-442],[-128,-193],[137,-419],[-173,-367],[246,-512],[-246,-175],[564,-536],[182,-296],[-91,-146],[272,-151],[47,-461],[-220,-296],[-400,785],[-244,-272],[927,-1125],[-236,-146],[310,-52],[71,-343],[-1991,-809],[437,-292],[1346,687],[-64,-565],[209,-23],[-64,268],[181,296],[830,513],[-82,-564],[-346,-198],[673,-536],[192,-861],[173,371],[-238,391],[346,47],[182,541],[-783,0],[536,320],[1275,-99],[-82,-565],[-428,-611],[292,-198],[463,762],[155,-465],[-354,-123],[309,-197],[-238,-99],[201,-146],[-164,-245],[91,-146],[-236,-51],[100,-367],[391,513],[-91,150],[683,217],[1083,1006],[-56,245],[136,122],[802,-98],[-101,-466],[382,-734],[-54,-442],[309,-47],[256,-490],[-128,-343],[383,-146],[-165,-442],[1038,-1031],[-73,-536],[-528,-443],[108,-734],[575,-710],[1081,-616],[19,-537],[219,-197],[754,-320],[1384,98],[1018,786],[391,-419],[-200,-635],[345,-442],[56,-1030],[282,-513],[836,-292],[2220,391],[1120,1101],[-19,639],[173,222],[-137,512],[100,565],[-290,1468],[655,786],[173,-565],[-383,-146],[-218,-640],[145,-489],[746,-635],[-281,-1054],[436,-687],[-317,-565],[1109,-1124],[17,-739],[309,-536],[-309,-1177],[91,-734],[-162,-296],[581,-1077],[1256,-833],[54,-443],[428,-414],[573,-122],[-318,-174],[1010,320],[-65,169],[3275,588],[474,589],[583,0],[718,-513],[128,-734],[272,-151],[-199,-536],[562,193],[-35,343],[-455,442],[164,443],[-1438,978],[1729,1619],[236,734],[1329,640],[-609,169],[1736,2179],[-162,249],[236,47],[54,932],[856,1030],[-55,245],[636,932],[-54,244],[318,414],[283,-169],[182,541],[-428,-273],[8,273],[491,245],[-126,437],[345,734],[-163,250],[381,734],[-91,145],[201,344],[-91,146],[164,244],[9,565],[5630,-4964]],[[464430,725957],[1743,-2334],[-622,-2564],[-2707,-3632],[1167,-3322],[372,-4117],[-27,-1670],[-2059,-3718],[753,-1882],[4971,-3980],[3787,-762],[5376,258],[4095,-1858],[2000,-3868],[-557,-4032],[-1073,-3251],[-1043,-1812],[-2618,-3025],[-365,-2913],[1095,-1204],[1656,-466],[2011,899],[779,-283],[686,-1981],[-810,-1486],[227,-1704],[2504,-1044],[5651,-297]],[[491422,669909],[-491,-2079],[-2774,-2052],[-2969,320],[-618,-3077]],[[484570,663021],[-1654,-1449]],[[482916,661572],[-2418,85],[-1574,-1247],[116,-1986],[-2605,-2282],[166,-1722],[-463,-3138],[-1114,-2485],[-725,-2865],[1623,-3552],[-1370,-1483],[-3090,758],[-2739,-673],[-3416,-2644],[-1932,-2033],[-2676,-230],[-3267,1717],[-903,2155],[-1109,1101],[-2761,-880],[-2745,-226],[-3680,687],[-3707,-3067],[-1442,-612],[-2089,259],[-1567,-367],[-2406,-1261],[-3905,-2894],[-1647,-475],[-3305,-2560],[-5233,-5547],[-2704,-2038],[-1920,-941],[-4853,-112],[-3135,1651],[-2377,1990],[-3036,621],[-3266,-409],[-3672,-2066],[-3600,-978],[-11716,353]],[[380654,622176],[-13149,-127],[-14414,1825]],[[353091,623874],[-3717,1934],[-3506,3167],[-2161,2597],[-1638,3166],[-2819,3016],[-1193,574],[-1812,76],[-545,-3858],[-171,-3675],[-1900,-2085],[-3088,-959],[-1501,-95],[-4009,-6093],[-2096,-1011],[-1745,2484],[-2354,1430],[-1558,-84],[-938,1825],[-2517,1605],[-1927,673],[-1997,4037],[-8384,3477],[-6669,997],[-3097,71],[-2886,668],[-2959,1891],[-2398,3322],[-3506,3209],[-2627,3280],[-1296,2682],[-1462,1345],[-2012,-550],[-1860,-1492],[-961,-1585],[-5932,-904],[-2400,-1915],[-5605,-3345],[-2577,-362],[-2391,734],[-1857,1463],[-354,2630]],[[248666,648214],[1357,1214],[2327,5604],[1345,2644],[1062,4056],[199,2527],[1867,4008],[-880,2438],[810,5698],[-962,5848],[-1950,1666],[-2019,2343],[587,4479],[5081,4705],[2114,2941],[767,3007],[12,2329],[8367,-673],[3650,607],[4147,1534],[3279,2230],[810,2550],[458,3745],[1918,1285],[70,1967],[-1398,141],[-560,1341],[405,1910],[2077,3185],[3112,2108],[3076,-150],[881,1684],[-716,3571],[543,7736],[1022,1331],[1518,499],[986,1068],[20,1680],[-793,2602],[-1719,1604],[-3438,1153],[-934,1322],[150,2865],[-2639,2221],[-3001,1459],[-440,2400],[518,2079],[-2052,2767],[-2622,1835],[-2873,616],[-1151,1732],[-2154,1458],[-3031,1191],[-987,2221],[1162,2324],[910,3802],[-2063,6479],[-3719,2315],[-2651,-532],[-1810,927],[309,1520],[-733,912]],[[297235,818973],[28,71],[63,-24],[-28,-70],[-63,23]],[[297227,819533],[26,-70],[-344,0],[318,70]],[[416697,819241],[-502,269],[318,23],[184,-292]],[[401303,819143],[283,-123],[-102,-268],[437,198],[246,-273],[-2529,395],[318,268],[1347,-197]],[[404104,818653],[-181,-291],[-1529,291],[1710,0]],[[411128,819830],[2330,-99],[-101,-170],[1582,-785],[-354,-414],[-3301,-617],[281,-169],[-5813,320],[1292,390],[290,344],[-1336,23],[1563,880],[683,-70],[-718,-711],[2219,1176],[1383,-98]],[[387848,818776],[-46,268],[-582,-193],[364,682],[2038,687],[1965,-880],[318,-517],[-864,-269],[173,-268],[-318,-122],[-1347,390],[-683,518],[101,169],[-319,-75],[600,-682],[-1400,292]],[[396090,819463],[-90,-99],[162,-292],[-381,-52],[210,-169],[-1092,-395],[-2066,517],[573,466],[1165,-198],[64,269],[-601,98],[828,419],[1164,0],[146,-197],[-82,-367]],[[300284,819241],[1228,-908],[-18,-536],[309,-541],[-92,-245],[319,-23],[137,-367],[-1110,-198],[1155,-122],[281,-320],[-35,-245],[-492,-292],[574,170],[1665,-1544],[-683,-23],[-2328,1275],[-329,-99],[-573,711],[201,146],[-218,296],[-2603,1811],[638,542],[-828,221],[655,390],[2147,-99]],[[419088,823382],[292,245],[-418,-344],[126,99]],[[412429,823090],[-99,-23],[-28,70],[99,24],[28,-71]],[[418398,824953],[-419,-296],[819,-292],[-1511,0],[573,857],[538,-269]],[[296827,819533],[-65,75],[128,0],[-63,-75]],[[416842,819533],[-364,198],[874,0],[-510,-198]],[[302540,819830],[-64,75],[127,0],[-63,-75]],[[249591,821302],[-27,71],[101,-71],[-74,0]],[[293124,821274],[601,-245],[-573,-23],[-502,466],[474,-198]],[[417596,821570],[-26,-75],[-101,24],[127,51]],[[410110,822380],[-28,70],[91,0],[-63,-70]],[[418043,822182],[27,-75],[-236,0],[209,75]],[[418078,822573],[-791,-170],[1074,-99],[-1582,0],[1401,344],[-102,-75]],[[297918,821203],[-64,71],[127,0],[-63,-71]],[[410218,821594],[391,-169],[-354,-222],[-828,466],[791,-75]],[[299237,821326],[28,70],[63,-23],[-28,-71],[-63,24]],[[294243,821495],[-209,24],[-110,442],[601,0],[-282,-466]],[[412220,821693],[536,-664],[-1628,466],[765,588],[327,-390]],[[410938,821815],[-456,146],[637,296],[-181,-442]],[[293807,820615],[136,-174],[-428,-414],[-428,122],[127,99],[-90,339],[346,52],[-65,169],[402,-193]],[[419607,820709],[138,-169],[-1520,-122],[618,390],[764,-99]],[[296498,819830],[247,-466],[-1083,-24],[-247,221],[238,146],[-346,47],[536,273],[655,-197]],[[415341,819707],[327,-343],[-465,-24],[-435,490],[254,197],[319,-320]],[[302830,818653],[-2801,1078],[-619,785],[182,292],[1528,0],[1092,-489],[281,-268],[-1401,-490],[828,-221],[874,292],[-208,-122],[208,-170],[-610,-174],[975,-315],[-329,-198]],[[391004,820027],[-245,24],[63,75],[182,-99]],[[409373,820197],[-610,-466],[-1191,23],[1046,861],[437,0],[318,-418]],[[389367,820319],[-136,174],[709,-99],[-573,-75]],[[392359,820540],[28,75],[65,-28],[-93,-47]],[[412220,820319],[719,-268],[-3331,0],[2612,268]],[[391406,820220],[0,99],[136,-24],[-136,-75]],[[416332,822671],[464,-122],[-454,-536],[673,-198],[-937,169],[-209,-465],[1191,174],[246,-367],[-274,-99],[320,-24],[499,466],[-782,292],[1519,-268],[-281,268],[318,23],[582,-390],[-619,-292],[1010,-174],[-865,-122],[-754,-612],[173,-174],[-1455,296],[-1310,-296],[-610,221],[355,174],[-792,123],[137,564],[1264,315],[-1364,-98],[218,541],[755,611],[982,0]],[[410036,820615],[-436,-197],[-364,291],[474,198],[326,-292]],[[414077,820808],[-729,0],[437,198],[292,-198]],[[298208,821984],[865,-611],[-91,-245],[309,-442],[-136,-268],[100,-269],[-828,-23],[-2428,1299],[1118,658],[482,-856],[574,-122],[172,169],[-792,320],[210,367],[-491,198],[936,-175]],[[419870,823038],[91,-244],[-817,343],[644,221],[138,-122],[-56,-198]],[[296572,822869],[-247,169],[383,0],[-136,-169]],[[305742,823067],[655,-396],[-983,-98],[-109,-490],[-428,419],[210,758],[655,-193]],[[402176,822869],[0,99],[136,-24],[-136,-75]],[[304505,823067],[-255,-297],[-218,198],[182,390],[463,-122],[-172,-169]],[[241113,826788],[-173,175],[346,-99],[-173,-76]],[[242049,826765],[-500,221],[474,198],[145,-297],[-119,-122]],[[242386,828948],[28,-565],[-492,-442],[-154,-564],[-1565,588],[-173,418],[1046,565],[1310,0]],[[409100,832256],[418,193],[-565,-438],[147,245]],[[409673,832670],[-100,75],[128,0],[-28,-75]],[[407816,833653],[28,-75],[-354,-24],[326,99]],[[311274,833653],[-65,71],[128,0],[-63,-71]],[[398656,833526],[91,-47],[-101,-23],[10,70]],[[311346,833258],[209,75],[-64,-268],[-145,193]],[[311201,833357],[36,197],[173,-122],[-209,-75]],[[408208,831616],[146,52],[-274,-250],[128,198]],[[408863,831766],[-200,95],[346,-146],[-146,51]],[[311164,833747],[-63,273],[236,-99],[-173,-174]],[[226475,834213],[-28,-70],[-209,23],[28,71],[209,-24]],[[395954,834237],[-64,75],[127,0],[-63,-75]],[[395807,834143],[-62,70],[127,0],[-65,-70]],[[311056,834143],[-65,70],[128,0],[-63,-70]],[[408581,834830],[-64,70],[92,0],[-28,-70]],[[407263,834359],[-210,-24],[-37,99],[247,-75]],[[396609,834335],[-573,76],[1401,786],[-547,-838],[-281,-24]],[[406716,835441],[-100,-28],[-28,75],[128,-47]],[[310883,834265],[91,47],[-28,-75],[-63,28]],[[245516,829437],[-574,269],[574,-76],[0,-193]],[[244942,829851],[28,76],[64,-24],[-28,-75],[-64,23]],[[246061,830026],[-290,-494],[-719,418],[235,99],[46,367],[728,-390]],[[314904,829903],[-28,-75],[-210,23],[28,76],[210,-24]],[[246608,830807],[573,-316],[108,-738],[-718,-24],[-546,1078],[583,0]],[[247881,830905],[428,-122],[-237,-442],[346,-292],[-1001,-296],[136,663],[-245,466],[573,23]],[[246926,830835],[-136,70],[108,99],[28,-169]],[[410118,831668],[-1455,-1083],[27,-268],[-1274,396],[364,489],[1783,687],[555,-221]],[[247289,823824],[-26,-174],[-173,28],[199,146]],[[247708,823580],[28,70],[63,-23],[-28,-71],[-63,24]],[[254140,823848],[246,-367],[-719,169],[36,297],[437,-99]],[[254868,823650],[-218,0],[508,99],[-290,-99]],[[262074,823848],[173,-268],[-346,0],[173,268]],[[293759,824121],[256,-250],[-1001,-146],[237,-98],[-28,-269],[-573,419],[683,560],[426,-216]],[[303595,823457],[208,-75],[-344,-292],[0,344],[136,23]],[[417834,823970],[199,-193],[-500,-616],[-719,28],[492,588],[-28,466],[556,-273]],[[253216,823848],[-304,174],[491,99],[-187,-273]],[[253150,824215],[-238,-47],[28,75],[210,-28]],[[303368,823923],[-28,-75],[-209,23],[28,76],[209,-24]],[[301367,824069],[-238,146],[383,0],[-145,-146]],[[291176,824803],[473,-932],[-354,-221],[-1092,983],[145,292],[828,-122]],[[293560,824365],[91,47],[-28,-75],[-63,28]],[[292942,824365],[91,47],[-28,-75],[-63,28]],[[292860,824436],[-65,75],[128,0],[-63,-75]],[[261637,824436],[-837,-292],[-756,367],[1301,320],[292,-395]],[[297199,824657],[28,75],[63,-28],[-91,-47]],[[417015,825490],[218,-146],[-318,71],[-720,-904],[965,489],[-491,-588],[91,-146],[-128,-98],[201,-146],[-73,-442],[-1365,0],[792,367],[181,390],[-1046,-560],[437,927],[346,52],[-55,244],[182,292],[783,198]],[[406616,824831],[545,0],[-644,-273],[99,273]],[[296498,824633],[547,-98],[-300,-758],[-638,-249],[-108,-292],[91,-146],[-283,-320],[-355,24],[19,541],[-237,146],[36,442],[800,880],[428,-170]],[[412730,829240],[499,-221],[-782,-193],[2676,-1572],[-573,123],[-728,-687],[1673,197],[720,-419],[-638,-832],[865,75],[-1192,-419],[273,-437],[-474,-1078],[-499,-517],[-610,-24],[599,-146],[-936,-809],[-1919,122],[391,664],[1083,-76],[-538,367],[1228,-75],[-1328,198],[-73,343],[1001,786],[-137,221],[-581,-494],[-219,296],[-501,-512],[201,-99],[-272,-198],[199,-343],[-965,-443],[310,-192],[-208,-372],[-1129,-391],[-101,174],[184,292],[344,-47],[-310,193],[165,442],[-210,24],[-173,-123],[56,-442],[-274,-146],[92,-146],[-127,-98],[171,-123],[-2873,-1077],[-65,-170],[493,0],[-1803,-1030],[893,-489],[-428,-273],[-802,0],[-182,296],[-2765,-197],[-1710,687],[-1965,-198],[-1128,-489],[-1410,221],[3338,2620],[3057,99],[0,-489],[691,390],[1492,-291],[-655,489],[-1701,75],[901,711],[945,-99],[-573,268],[1193,513],[1129,983],[618,-390],[1055,781],[2037,-292],[1310,391],[-1600,-198],[-692,198],[-363,489],[-610,-122],[618,1176],[673,344],[382,734],[1120,1105],[727,490],[1420,-99]],[[416686,825786],[-26,-75],[-65,23],[91,52]],[[417170,825810],[26,-76],[-127,0],[101,76]],[[415642,825123],[26,-75],[-236,0],[210,75]],[[413930,828454],[64,-71],[-237,0],[173,71]],[[315386,828553],[-65,75],[238,-150],[-173,75]],[[409818,829042],[28,-70],[-238,0],[210,70]],[[245562,828186],[828,-122],[190,-565],[1120,-809],[1346,-292],[-910,-1078],[-428,71],[219,-1026],[636,-640],[-573,-268],[64,170],[-237,51],[-18,344],[-1109,635],[-255,786],[236,442],[-355,706],[247,273],[-383,146],[-155,856],[-463,-513],[236,-198],[0,-343],[-537,-221],[-1673,99],[-901,517],[646,758],[2229,221]],[[408436,825024],[-101,75],[128,0],[-27,-75]],[[260764,825513],[-1019,-781],[-946,292],[1455,391],[181,494],[357,-24],[-138,-273],[110,-99]],[[294388,826591],[482,-758],[710,-442],[-37,-932],[-573,-611],[-400,0],[-646,611],[127,99],[9,664],[-610,-222],[238,-197],[-128,-99],[100,-169],[-582,-99],[109,197],[-245,123],[100,169],[-465,-70],[529,489],[-237,390],[145,245],[492,52],[-346,390],[145,344],[828,122],[-64,-169],[319,-127]],[[297326,825490],[-28,-75],[-207,28],[235,47]],[[298837,824953],[91,47],[-28,-75],[-63,28]],[[296053,824855],[-91,244],[236,-99],[-145,-145]],[[298837,825146],[26,76],[65,-24],[-91,-52]],[[408108,826591],[-500,-706],[-118,-565],[-355,612],[91,489],[-91,146],[318,320],[655,-296]],[[303440,825443],[-1001,-297],[720,664],[281,-367]],[[259125,825711],[646,75],[-854,-249],[208,174]],[[259999,825810],[172,-76],[-380,-98],[208,174]],[[298109,825636],[173,273],[719,-24],[-892,-249]],[[297408,826887],[-754,-809],[63,-169],[-692,192],[402,396],[354,-174],[-90,541],[172,122],[545,-99]],[[301849,826788],[936,-320],[-164,-437],[237,-198],[-609,-513],[-1455,687],[-357,612],[793,466],[619,-297]],[[302549,826619],[91,47],[-28,-75],[-63,28]],[[300060,826925],[-150,-504],[-355,-122],[-499,221],[-219,541],[936,217],[287,-353]],[[409628,828478],[-65,-123],[-72,99],[137,24]],[[406361,828261],[-510,193],[584,588],[-65,-564],[100,-123],[-109,-94]],[[314221,827866],[28,-71],[-102,-23],[74,94]],[[409710,829828],[536,-75],[-646,-513],[-400,0],[-219,489],[329,297],[400,-198]],[[251803,830637],[2884,-23],[244,-123],[-63,-273],[1165,-94],[217,-494],[655,198],[-363,-391],[-1192,-174],[173,-315],[1784,489],[281,-272],[-1764,-687],[2209,470],[902,-1007],[0,-541],[-128,-94],[746,245],[-91,-151],[564,-734],[9,-466],[-1528,-588],[-718,174],[127,-343],[-382,-99],[601,-640],[0,-339],[-238,-51],[238,-245],[-493,-146],[128,-245],[-173,-122],[-2329,292],[2220,395],[-2183,-198],[-2802,687],[-3422,-687],[-499,320],[-156,466],[137,169],[-126,99],[746,438],[471,1129],[-391,518],[-1782,682],[-436,489],[499,617],[128,536],[1111,442],[-93,245],[391,710],[402,-291],[253,291],[573,-122],[119,-268],[-99,-565],[345,-442],[-64,-856],[319,513],[18,541],[346,47],[-601,197],[136,174],[-136,170],[237,47],[-237,343],[828,221],[283,-268]],[[226010,836688],[-99,75],[127,0],[-28,-75]],[[399437,836467],[-236,-47],[28,75],[208,-28]],[[401084,838452],[-36,-98],[-463,28],[499,70]],[[400730,837695],[28,75],[63,-28],[-91,-47]],[[400620,837794],[28,70],[64,-23],[-28,-71],[-64,24]],[[400403,838038],[91,-145],[-274,-99],[183,244]],[[310399,838452],[-100,-367],[201,-489],[-237,0],[-182,1129],[318,-273]],[[400939,837276],[28,-70],[-101,-29],[73,99]],[[310764,836594],[136,-75],[-354,169],[108,296],[110,-390]],[[310472,836984],[-244,466],[346,-197],[-102,-269]],[[226957,837276],[-28,75],[91,0],[-63,-75]],[[396836,840636],[26,75],[65,-28],[-91,-47]],[[309826,839949],[28,75],[65,-28],[-93,-47]],[[309744,840024],[-63,71],[128,0],[-65,-71]],[[224800,840048],[-91,0],[0,145],[91,0],[0,-145]],[[223645,840805],[-99,75],[99,24],[0,-99]],[[395126,840391],[-227,-367],[-1020,-99],[510,588],[865,76],[-128,-198]],[[224955,840805],[-36,198],[136,-24],[-100,-174]],[[224955,841591],[63,-466],[-346,-198],[1148,-687],[-720,-122],[-536,419],[91,245],[-136,122],[-210,-122],[65,-269],[-437,99],[100,170],[-799,484],[1545,555],[172,-230]],[[396862,842668],[357,-564],[-1038,-193],[355,658],[326,99]],[[393152,842866],[-73,0],[-28,70],[101,-70]],[[308699,843529],[245,-75],[-108,-99],[-137,174]],[[395552,843059],[-581,0],[328,296],[253,-296]],[[365786,843355],[428,76],[-101,-466],[-463,23],[136,367]],[[395509,844019],[-28,-76],[-210,24],[28,75],[210,-23]],[[394571,843652],[0,94],[136,-24],[-136,-70]],[[310619,842377],[0,98],[136,-28],[-136,-70]],[[389177,842057],[-93,98],[346,0],[-127,-98],[101,-170],[-227,170]],[[395526,841125],[26,75],[65,-28],[-91,-47]],[[373647,841101],[-255,-98],[-355,465],[865,-174],[-255,-193]],[[395262,841591],[0,-198],[-209,28],[209,170]],[[394579,841516],[91,51],[-26,-75],[-65,24]],[[309536,841421],[309,-639],[-36,-542],[-236,99],[17,344],[-201,343],[37,640],[238,-99],[-128,-146]],[[395117,840904],[-391,75],[599,0],[-208,-75]],[[309318,841713],[26,75],[65,-23],[-91,-52]],[[309318,841911],[35,343],[237,0],[-37,-442],[-235,99]],[[394752,841887],[-270,-183],[-121,155],[391,28]],[[227130,839314],[-136,23],[72,99],[64,-122]],[[400174,839436],[65,-75],[-101,-24],[36,99]],[[393479,839436],[-437,-198],[-99,268],[536,-70]],[[308572,845341],[-136,75],[108,94],[28,-169]],[[393297,845416],[-28,71],[91,0],[-63,-71]],[[392934,845317],[281,71],[-646,-170],[365,99]],[[308444,845143],[27,75],[64,-23],[-91,-52]],[[308629,845218],[-40,71],[91,0],[-51,-71]],[[310836,845218],[-437,-98],[-171,268],[354,122],[254,-292]],[[385947,847962],[26,-269],[-527,-734],[64,-273],[-838,0],[-136,123],[164,197],[-136,269],[-355,-222],[63,-169],[-1455,391],[873,494],[582,0],[9,-273],[319,-123],[290,490],[1057,99]],[[308399,845609],[-65,75],[128,0],[-63,-75]],[[391587,845905],[63,-75],[-272,-99],[209,174]],[[384609,846418],[26,76],[65,-24],[-91,-52]],[[387793,847938],[-309,-442],[791,367],[1747,-687],[692,99],[244,-316],[-99,-174],[1120,-564],[-2212,-513],[-1492,197],[100,269],[-465,122],[65,-174],[-236,-94],[346,-198],[-1411,-221],[-500,320],[-482,955],[873,1176],[1228,-122]],[[308581,848747],[-37,-98],[-73,98],[36,99],[74,-99]],[[353196,846197],[-510,-390],[-392,465],[1038,99],[-136,-174]],[[309964,847275],[281,-269],[-573,-414],[-1091,94],[-173,-122],[28,-757],[-283,611],[127,146],[-236,151],[137,169],[-74,489],[355,-122],[9,-268],[356,23],[-175,367],[1312,-98]],[[374784,847548],[-191,-372],[208,-315],[-99,-367],[-1419,489],[800,687],[865,70],[-164,-192]],[[308326,847373],[-100,76],[127,0],[-27,-76]],[[308181,847472],[-65,76],[91,0],[-26,-76]],[[380742,847571],[-26,75],[90,0],[-64,-75]],[[308535,848183],[-182,-490],[-237,0],[309,589],[-91,244],[346,-99],[-145,-244]],[[356735,852987],[26,70],[64,-23],[-90,-47]],[[356687,853255],[0,-198],[-216,99],[216,99]],[[355998,853843],[391,-367],[-247,-221],[-473,489],[46,-466],[237,-94],[-1483,-1303],[-356,28],[492,781],[-164,739],[219,588],[1338,-174]],[[353522,851881],[-62,75],[127,0],[-65,-75]],[[309573,852690],[26,76],[65,-24],[-91,-52]],[[308989,852154],[564,489],[-62,-466],[-502,-23]],[[309527,852963],[0,-197],[-209,23],[209,174]],[[352067,852963],[63,-273],[-181,-390],[-236,0],[199,588],[-164,640],[1074,390],[-210,-367],[-609,-122],[64,-466]],[[345917,852864],[182,0],[-392,-174],[210,174]],[[343224,853744],[-63,273],[236,-99],[-173,-174]],[[346572,853942],[-328,-292],[-355,461],[501,127],[182,-296]],[[308689,849335],[-281,269],[345,-193],[-64,-76]],[[347445,850611],[-328,0],[-208,-466],[599,-395],[-1046,-316],[0,-494],[-281,320],[437,1520],[609,122],[218,-291]],[[354004,851076],[-190,-273],[281,-1740],[-527,-47],[-145,-292],[54,-442],[-164,-198],[391,-414],[837,193],[138,-170],[-164,-390],[244,-320],[355,122],[228,565],[318,-273],[-637,-833],[101,-169],[-983,-99],[-137,221],[238,786],[-110,245],[-755,-273],[-356,418],[-145,880],[128,151],[-282,611],[137,269],[-865,-565],[-182,296],[82,565],[1773,903],[264,763],[274,99],[-201,-589]],[[351121,850413],[-145,-391],[-610,-75],[355,664],[400,-198]],[[308881,850488],[2129,-244],[-574,-617],[-764,395],[-1055,-395],[-173,221],[163,588],[-126,151],[182,391],[235,0],[-136,-175],[210,-216],[-91,-99]],[[345818,851420],[199,-151],[-137,-169],[100,-268],[-528,-198],[-108,1223],[491,99],[-17,-536]],[[312329,852276],[281,-174],[-646,-122],[-363,-588],[-1338,221],[974,762],[1092,-99]],[[308872,843943],[63,-268],[-236,0],[173,268]],[[369825,844630],[-573,-517],[309,-490],[-128,-94],[93,-150],[-164,-344],[91,-146],[-173,-1002],[655,-687],[-2512,-99],[-727,1276],[800,1077],[-655,588],[1892,193],[264,664],[283,122],[545,-391]],[[367306,844113],[-238,-47],[28,75],[210,-28]],[[308726,844141],[101,-174],[-356,268],[73,297],[318,-222],[-136,-169]],[[310217,844141],[-1118,-174],[318,466],[800,-292]],[[365922,844165],[-317,-24],[-137,367],[454,-343]],[[365931,844433],[-63,75],[128,0],[-65,-75]],[[354322,844433],[-62,174],[90,0],[-28,-174]],[[390094,845021],[-100,174],[238,-99],[-138,-75]],[[373755,844729],[464,-762],[-1701,-221],[136,221],[-164,395],[65,367],[1200,0]],[[308643,844753],[-127,47],[101,122],[26,-169]],[[308471,844922],[-63,75],[127,0],[-64,-75]],[[226010,835709],[63,-169],[-235,-99],[172,268]],[[226192,836100],[-136,-169],[0,244],[136,-75]],[[402831,835808],[-173,170],[346,-95],[-173,-75]],[[310982,835808],[182,-1077],[-73,-396],[-318,320],[136,175],[-136,1444],[237,-99],[-28,-367]],[[399738,836199],[428,75],[-638,-146],[210,71]],[[404660,836566],[127,0],[37,-438],[-1401,-99],[391,659],[846,-122]],[[399184,836373],[-28,-75],[-210,23],[28,75],[210,-23]],[[403413,836787],[-472,-489],[-218,296],[-365,-198],[173,-367],[-318,-221],[-1338,24],[237,687],[-91,146],[282,122],[2110,0]],[[313602,857960],[-64,75],[91,0],[-27,-75]],[[320434,858280],[-128,47],[102,28],[26,-75]],[[314221,857668],[-145,-296],[-729,197],[729,391],[209,-122],[-64,-170]],[[320916,857960],[101,-268],[-637,99],[64,367],[472,-198]],[[314030,858082],[-209,-122],[-147,395],[337,659],[238,0],[-456,-781],[237,-151]],[[333117,858671],[91,-99],[-173,-217],[-865,123],[610,658],[337,-465]],[[320553,858746],[-63,70],[126,0],[-63,-70]],[[318306,858868],[27,71],[64,-24],[-91,-47]],[[332380,860609],[-363,94],[108,99],[255,-193]],[[330851,859823],[27,-75],[-273,0],[246,75]],[[325838,860091],[-372,-169],[-146,292],[646,-24],[-128,-99]],[[330596,859922],[-99,71],[127,0],[-28,-71]],[[328113,859602],[-537,-663],[-145,296],[137,268],[-201,396],[499,221],[11,-372],[236,-146]],[[332307,860313],[-63,75],[127,0],[-64,-75]],[[325430,860411],[-65,76],[91,0],[-26,-76]],[[331433,860703],[9,-659],[311,-390],[-720,70],[-209,711],[209,466],[400,-198]],[[327421,860435],[-828,-315],[-473,193],[983,390],[318,-268]],[[309781,854629],[-63,70],[127,0],[-64,-70]],[[324383,854850],[100,70],[0,-98],[-100,28]],[[310027,855142],[-100,-24],[-28,75],[100,24],[28,-75]],[[310172,855339],[-128,47],[102,29],[26,-76]],[[314221,855631],[-800,-414],[-119,466],[-236,99],[1291,94],[-136,-245]],[[310472,855904],[137,-75],[-273,-99],[136,174]],[[310299,855339],[-108,146],[236,-99],[-128,-47]],[[310836,856097],[-63,75],[91,0],[-28,-75]],[[310582,856097],[-64,75],[91,0],[-27,-75]],[[310727,856196],[-63,75],[91,0],[-28,-75]],[[310909,856492],[136,-75],[-272,-99],[136,174]],[[309817,854139],[65,-564],[-529,-391],[138,170],[-65,564],[292,588],[235,-98],[-136,-269]],[[310036,854530],[-63,75],[127,0],[-64,-75]],[[312883,855095],[-545,-297],[28,-659],[-474,-197],[-255,296],[619,979],[754,-24],[-127,-98]],[[320408,856784],[253,-588],[210,23],[-91,344],[173,122],[473,-193],[-327,-494],[-356,75],[-35,-244],[491,-391],[-273,-146],[91,-150],[-164,-490],[128,-99],[-601,-635],[236,-296],[-35,-438],[-1012,-127],[28,-461],[-573,-616],[-546,-292],[-318,221],[419,687],[363,1271],[-199,296],[-147,1129],[610,217],[501,-414],[-711,-1031],[247,-320],[618,198],[173,221],[-63,757],[208,711],[-126,99],[100,955],[-100,367],[491,0],[-136,-268]],[[335692,856591],[136,-75],[-136,-24],[0,99]],[[311337,856859],[-28,-174],[-108,99],[136,75]],[[336928,857273],[-328,-489],[-355,23],[247,762],[436,-296]],[[311564,856981],[-63,71],[91,0],[-28,-71]],[[311737,856906],[-128,52],[102,23],[26,-75]],[[311819,856981],[-63,71],[91,0],[-28,-71]],[[315540,857104],[90,-99],[-428,-320],[247,-169],[-428,-222],[-437,0],[-244,419],[426,560],[774,-169]],[[315885,856859],[-62,-174],[-74,99],[136,75]],[[313447,857202],[-128,48],[102,23],[26,-71]],[[317014,858035],[547,-1129],[-1704,955],[184,395],[973,-221]],[[320734,859136],[0,-291],[-609,70],[-264,-757],[-218,489],[-355,-122],[-37,-443],[856,-390],[-1292,-52],[201,-292],[-20,-442],[346,-438],[-318,-371],[-683,616],[275,391],[-201,197],[-9,461],[-355,-23],[91,-344],[-181,-390],[-238,99],[54,536],[-199,541],[355,664],[946,-99],[945,786],[837,0],[-100,-175],[173,-221]],[[323346,861221],[-419,-297],[1156,372],[791,-471],[-672,-244],[-37,-339],[454,-249],[-173,-560],[100,-174],[-781,-245],[-147,-245],[238,-197],[-182,-193],[-747,193],[246,273],[-465,-123],[-9,-367],[573,-122],[-417,-395],[72,-734],[427,-419],[1529,983],[-246,-320],[92,-146],[-173,-418],[210,-367],[-529,-443],[200,-291],[-127,-99],[65,-169],[-1047,414],[236,197],[-91,146],[100,221],[-463,-122],[-73,-734],[345,-151],[-36,-343],[-964,-635],[819,-589],[-173,-268],[-1338,316],[-219,442],[820,541],[36,343],[-127,99],[162,146],[-91,438],[128,98],[-454,443],[272,390],[-99,174],[181,391],[-108,390],[63,565],[-318,221],[-765,-489],[-463,268],[418,442],[-55,734],[210,419],[945,-99],[538,-466],[-218,542],[-1083,512],[99,123],[-91,146],[1010,710],[865,-169]],[[456004,291272],[545,2254],[6,5208],[-2092,2094],[-135,1078],[954,2715],[255,2399],[-251,1012],[-1618,1642],[1031,2668],[-365,847],[-1272,1181],[-508,2028],[-243,1811],[-823,1134]],[[451488,319343],[2116,1802],[2765,108],[2167,-1181],[2458,-273],[2456,1341],[2162,3769],[1066,1416],[3334,2165]],[[470012,328490],[4311,-1148],[1368,-1892],[-519,-2202],[-1151,-2079],[1129,-2936],[-591,-2155],[660,-861],[2348,-814],[1102,-3266],[580,-4169],[414,-4780],[2121,-687],[756,-2804],[781,-1096],[1844,301],[1099,1044],[685,3289],[2400,-3439],[4321,211],[1700,-1491],[1291,277],[1579,-301],[2857,-1519],[875,-2489],[1564,-1224],[777,-1360],[-98,-5208],[2514,-4894],[-107,-3801]],[[506622,276997],[-2276,-1699],[-6620,-466],[-4669,-1501],[-4634,-3303],[-1633,927],[-5085,-1999]],[[369135,621969],[11519,207]],[[482916,661572],[765,673]],[[483681,662245],[6730,-13895],[-2112,-84358],[-16901,-57248],[-13174,-24099],[-2007,-2969]],[[456217,479676],[-619,941]],[[455598,480617],[-2110,1505],[-2704,193],[-3050,762],[-770,1087],[81,2056],[-2935,1732],[-994,1873],[-162,2188],[-986,1242],[-2239,1143],[-3637,2494],[-3301,4056],[-2990,5867],[-346,4545],[-2377,4155],[-3174,2456],[-4142,-1191],[-1329,1040],[-2805,541],[-5820,-395],[-3555,362],[-4985,3661],[-2470,5],[-2760,-617],[-2538,-3298],[-2166,-1317],[-924,1458],[-325,2767],[-1277,1717],[-5406,2489],[-3986,-654]],[[379416,524539],[-1715,2729],[-1592,2621]],[[376109,529889],[-534,2978],[-210,4230],[1438,10973],[-825,2268],[-223,1538],[1958,9302],[-65,4348],[-529,3566],[-1825,1487],[-7993,2108],[419,5430],[-1069,2131],[-54,1082],[250,2165],[1837,1590],[1570,2019],[797,1919],[-70,1539],[-159,762],[-433,461],[-4098,2061],[-386,2306],[2222,6497],[1467,2367],[2121,1393],[2094,103],[80,2343],[425,1200],[1322,1158],[585,1792],[-852,1525],[-1544,437],[-4690,7002]],[[406026,306296],[-8168,-1901],[-4830,927],[-3584,1788],[-1223,-814],[-1392,-2005],[-751,-2442],[-40,-1858],[1350,-1087],[481,-1360],[-675,-1515],[-1416,-249],[-1925,-2725],[-1752,-1486],[-2147,1002],[-3198,-2414],[-977,-2315],[1157,-2978],[-530,-1181],[-1023,-871],[-1623,-235],[-2016,692],[-4475,-946],[-1818,28],[-1190,974],[-3675,-1110],[-1450,371],[-256,2442],[-1492,843],[-1364,-127],[-888,-1003],[-1123,-4093],[-1491,-386],[-741,-3199],[-596,-923],[-2284,509],[-732,-862],[-909,-2437],[-1551,137],[-576,-1205],[1198,-1538],[-503,-1059],[-1817,-908],[-1544,-99],[-2050,1769],[-1296,362],[-605,-1279],[-347,-1323],[-818,-861],[-1698,325],[-351,1162],[-2959,165],[-742,-1581]],[[331601,267417],[-501,1727]],[[331100,269144],[-1415,809],[-1957,1783],[-1006,2005],[-347,1647],[-2011,136],[-1179,776],[168,1177],[-435,611],[-793,-348],[-1066,626],[-1130,1604],[-14,1351],[358,2569],[-395,4305],[-3498,2320],[-568,1068],[496,3176],[-1313,955],[-1511,56],[-1737,-1722],[-1196,5],[-1895,-2014],[-2116,-348],[-3011,974],[-1342,-75]],[[302187,292590],[329,4540],[-194,1689],[-943,1035],[-563,1497],[1721,498],[1586,1045],[24,1905],[-1678,3590],[-645,2824],[-1326,2178],[-2403,2150],[-1740,-103],[-1502,508],[-1333,1722],[-1053,2183],[-407,2127],[14,2084]],[[292074,324062],[875,1369],[985,2838],[1183,2489],[1563,2371],[1616,1054],[1640,193],[1135,-1110],[358,-1492],[1476,391],[2372,4248],[3552,2621],[2075,80],[1401,-433],[918,-1345],[-235,-1332],[883,372],[1244,1468],[1841,1331],[2266,1012],[2342,-198],[1794,-762],[1205,-950],[598,-1666],[1255,-28],[2383,2103],[818,-913],[1386,-640],[2442,-315],[1593,433],[2718,3472],[1592,1605],[1699,1505],[1766,795],[1415,193],[1464,-512],[3144,-2268],[2033,160],[1165,2112],[758,2042],[-1577,4202],[-150,2301],[1043,2404],[1014,1515],[577,2814]],[[353699,359591],[9804,1538],[6400,2560],[4526,908],[3686,1548],[2284,3298],[472,2014],[922,960],[2296,-56],[2248,-640],[2973,-1887],[1289,-6281]],[[390599,363553],[50,-3572],[208,-2912],[461,-2541],[1576,-3350],[3036,-3430],[3600,-3148],[4091,-4117],[-264,-2122],[-681,-1341],[-2965,-1501],[-1645,-3223],[-4905,-569],[-1168,-1360],[-769,-1430],[547,-2268],[3210,-1844],[664,-1224],[2968,-1967],[1767,800],[3506,730]],[[403886,323164],[103,-2278],[479,-2061],[2433,-3844],[145,-1933],[-554,-2052],[-795,-1600],[-152,-1811],[481,-1289]],[[394228,257880],[-5069,2893],[-3830,62],[-7227,-1492],[-1257,-5],[-418,1092],[-1488,-19],[-4082,-1736],[-4390,-1318],[-1596,-978],[-1120,-1774],[-1774,198],[-294,1378],[-781,584],[-1081,-711],[-1331,-2211],[-2318,-3016],[-2723,-781],[-1156,-1083],[-1027,-2150],[171,-4968],[-56,-2325],[-1305,-1143],[-2119,-1191],[-1539,960],[-2014,4668],[-2980,1529],[-2152,2593],[1132,3726],[372,1986],[-508,1557],[-892,1204],[-3071,913],[-1074,1558],[124,2644],[-2280,2992],[-1051,2395]],[[332024,265911],[-423,1506]],[[406026,306296],[2265,1049],[606,-344],[-24,-1609],[-833,-1712],[-1062,-1393],[-185,-729],[1009,-1083],[2944,880]],[[410746,301355],[1933,-409],[3581,-1369]],[[416260,299577],[2367,-1760],[1231,-1797],[1647,-1675]],[[421505,294345],[292,-1158],[-1382,-3660],[-113,-2264],[859,-2470],[1127,-2258],[2915,-1106],[1403,-2809],[1348,19],[1821,-1346],[2328,-2272],[1396,-3346],[345,-7185],[-641,-2451],[435,-4239],[159,-5661],[-236,-1157],[-882,-1501],[-574,-1647]],[[455598,480617],[1497,-2273]],[[457095,478344],[-152,-2075],[-2417,-3632],[-1364,-1586],[-708,-2950],[529,-2588],[2133,-522],[2290,-2296],[1162,-3957],[2134,-3172],[771,-3072],[595,-3256],[1569,-3868],[4253,-6770],[456,-2899],[-804,-2644],[-1089,-1802],[-154,-2061],[669,-1637],[864,-1271],[4359,-607],[2513,-2117],[833,-1364]],[[475537,422198],[159,-2922],[374,-2193],[1410,-1619],[414,-1689],[-2179,-6027],[360,-889],[-421,-1421],[-1993,-1671],[-885,-2150],[157,-4644],[-2798,-5190],[-1593,-2093],[-1171,-2061],[-118,-1958]],[[467253,385671],[-5183,-155],[-6236,-1073],[-3037,-1044],[-3501,-400],[-2400,696],[-9254,4625],[-2681,-1021],[-4098,-5617],[-1240,-805]],[[429623,380877],[-1276,1463],[-1755,974],[-2618,-1261],[-3857,-4550],[-2280,499],[-1851,2263],[-3066,960],[-3925,518],[-2784,-2560],[-2266,-3712],[-1535,-3176],[-2260,-3477],[-3707,-8583],[-1521,-635],[-1338,767],[-1155,2833],[-1008,541],[-822,-188]],[[353699,359591],[-4853,536],[-5860,1581],[-6465,2541],[-5294,2555],[-5022,3072],[-4555,3426],[-1976,5378],[-2014,1599],[-1661,3967],[342,4903],[1396,2056],[1813,6079],[1988,2941],[3815,1590],[3029,2385],[1938,2278],[1574,4074],[5759,3129],[2537,3971],[2256,4880],[1443,1910],[-1537,2018],[-2321,2047],[-481,2409],[474,1755],[-1258,2842],[-4692,4211],[-866,1520],[110,1779]],[[333318,443023],[4473,2263],[1661,1562],[46,2225],[-835,1003],[-184,2503],[580,1806],[1917,-103],[435,2837],[1112,2536],[2412,2386],[2065,701],[3099,-80],[3450,993],[2964,2310],[2562,1383],[2647,414],[3009,1308],[1319,1435],[1158,2334],[1619,1110],[2788,57],[2905,3613],[105,2734],[1034,1144],[2753,254],[1191,3533],[176,2240],[-1166,1938],[-114,1497],[845,1096],[2717,-480],[1121,1016],[512,875],[-1520,2249],[-1502,1398],[-3663,-1374],[-1504,880],[-1383,1934],[-879,2860],[-72,4301],[483,4145],[873,2903],[1588,1652],[2188,1374],[1377,2258],[1079,3835],[-1343,2658]],[[199247,219641],[-924,1379],[-1770,489],[-789,649],[-218,2470],[-2100,593],[-442,1581],[-1350,1567],[-1864,28],[-1570,-466],[-718,1708],[-1967,52],[-86,1553],[-1849,1270],[-1296,-339],[-1620,367],[126,1788],[-1808,1163],[-346,889],[-1346,-28],[-4734,-3708],[-1881,-9],[-1253,1411],[-868,-2263],[-1612,-2522],[-376,-1802],[-255,-3181],[-1341,-3171],[-1370,-1035],[-3423,165],[-3066,-5896],[121,-1816],[709,-762],[-363,-2372],[-1890,-503],[-3495,-3873],[-1462,-2757],[26,-2781],[-1253,-649],[-1240,824],[-926,-1045],[180,-2000],[-1656,-193],[-856,-1717],[-59,-1891],[-1134,-603],[-770,344],[-1970,-2673],[-694,-3755],[-2463,-2630],[37,-2348],[898,-2456],[-363,-2456],[-1883,-2790],[-1623,-1647],[-1946,301],[-1790,-1002],[-1288,-1223],[-1079,325],[-898,-725],[-213,-1068],[-945,-969],[-295,-2391],[-844,-823],[-1067,400],[-819,1463],[-34,2607],[-1229,-1336],[-131,-2343],[283,-3275],[-154,-3252],[-1198,-1171],[-1235,52],[29,1896],[-686,2941],[86,2314],[674,1737],[-461,4611],[1785,2715],[2187,1439],[35,4014],[-2175,-579],[-1373,560],[-2355,-1454],[-263,1143],[711,2635],[321,2555],[-1102,1652],[-358,1684],[-2523,-3882],[-496,-1825],[-1663,-3270],[-4908,-1699],[-768,-1764],[-958,-767],[-1240,583],[-290,1318],[-1121,734],[-1127,-5],[-2190,-1148],[-828,-2014],[-1454,193],[-1042,1910],[-2166,-908],[-1174,857],[-1747,371],[-1689,-202],[-1130,-2000],[-1223,-5688],[-1467,-2193],[-1740,-197],[-2108,-1807],[-1574,-546],[-5006,998],[-1499,-1261],[-684,136],[101,2131],[-882,2188],[-1902,-1185],[-780,1054],[266,1110],[-56,2461],[-861,2225],[-1258,1308],[-503,2927],[-674,894],[-1216,-292],[-1437,1595],[311,2433],[1173,1717],[-1014,1082],[457,2367],[3020,4898],[654,3181],[-517,1510],[-250,1374],[503,1623],[992,1534],[1906,3807],[26,3209],[1057,2503],[1006,1783],[-1267,3618],[1068,6183],[587,1435],[841,1040],[0,2310],[628,1426],[1650,1486],[-333,2334],[92,1054],[1864,2127],[250,2047],[1631,974],[96,1392],[-1362,1374],[220,1327],[3254,743],[1059,3261],[-896,2226],[2202,4705],[1885,2752],[-80,2282],[248,791]],[[87119,259475],[4768,-1784],[1053,128],[2659,1985],[1156,-1967],[1244,-861],[2161,-466],[1668,673],[653,1111],[2400,-2249],[4784,-1285],[2387,922],[3124,-592],[5230,-283],[2498,1431],[1045,3114],[174,2377],[1048,2291],[3792,2310],[177,993],[2283,5091],[1486,2305],[5917,4249],[527,3491],[1448,3605],[1684,3152],[1562,1713],[2115,1049],[1974,-649],[1937,-2504],[2878,-1246],[1377,1016],[2802,5552],[2351,3251],[1582,2899],[917,2771]],[[161980,303068],[709,-758],[-440,-4597],[877,-1585],[2357,-231],[1021,-3063],[-400,-6474],[917,-1694],[675,631],[623,2338],[482,165],[965,-1186],[1717,-282],[1254,2150],[459,2517],[1181,1261],[1175,2781],[1885,1313],[2412,-1497],[1038,1036],[1251,-29],[704,-729],[-7,-2000],[899,-56],[1644,2028],[1326,1073],[1126,-1040],[154,-2136],[500,-979],[927,583],[1001,1737],[900,-1628],[-346,-1770],[2187,-1510],[1104,-1261],[-11,-1868],[-314,-1256],[960,-913],[1234,47],[579,645],[1223,395],[674,-1651],[-716,-2217],[426,-837],[2617,734],[536,-1092],[-442,-1035],[376,-866],[2503,-988],[1378,-1454],[1064,-2578],[342,-3567],[37,-3251],[571,-3293],[3141,-7180],[568,-3129]],[[211003,252822],[-140,-2009],[-3275,-6075],[-1723,-2705],[-393,-7096],[-1311,-2187],[-3513,-3120],[-963,-2221],[-438,-7768]],[[421505,294345],[619,3510],[863,2672],[1278,2000],[2736,3289],[976,2371],[-461,2343],[-45,2616],[310,1553],[2357,3995],[108,2004],[-492,2230],[-1592,1379]],[[428162,324307],[1005,1242],[1170,555],[3006,-640],[3797,142],[1863,2587],[1247,843],[1051,-217],[566,-1101],[280,-2578],[606,-1035],[2007,-2184],[3801,-846],[2927,-1732]],[[87119,259475],[297,941],[284,2851],[-611,1318],[-1322,512],[-2977,-578],[-2075,1929],[-550,2795],[-1750,2032],[-1578,-903],[-1156,513],[-812,2108],[511,4644],[-57,2611],[276,3190],[-3997,8046],[-911,5185],[413,2654],[898,2357],[1541,2456],[3387,2164],[-210,2598],[1461,3698],[-1007,3976],[233,1364],[520,207],[-658,2075],[-853,1642],[505,1318],[-716,724],[-3336,-611],[-1840,489],[-1271,-593],[-767,-1143],[-472,1313],[-1257,1317],[-905,2155],[-7,3957],[1305,1444],[70,1817],[1301,1143],[129,1341],[514,2254],[871,1599],[1109,622],[1007,1279],[173,1459],[-766,1581],[-1799,2009],[-746,2381],[-171,2498],[308,2508],[-834,5293],[-377,4409],[-174,4211],[-2205,-828],[-477,2042],[-1570,1849],[-409,2677],[-1137,2080],[-2002,-612],[-1573,0],[-4542,2744],[-2779,-123],[-2166,-1124],[-1990,-556],[-707,2033],[758,2202],[963,1525],[1104,2451],[12,3134],[1250,367],[2215,-471],[3611,682],[1530,1821],[-72,1694],[-967,800],[796,4178],[-1174,1995],[-2889,579],[-733,1830],[-795,4127],[753,752],[173,2000],[-1274,1228],[278,1896],[-416,1313],[-936,311],[-2045,-2414],[-2453,1218],[-1920,-1279],[-220,-1732],[-2166,5],[-1390,1741],[-1942,955],[-2114,1618],[-1803,320],[-1280,-1294],[-2431,15],[-561,4239],[-4598,485],[-995,2526],[-3101,-273],[-815,1812],[-172,2813],[-662,894],[-1486,-992],[288,-1835],[-793,-1031],[-4587,-649],[-2517,-1322],[-1093,1618],[754,1553],[-272,2174],[-2346,757],[-1121,-1948],[-1118,-743],[-968,1040],[-222,1995],[-1223,1237],[764,1125],[-760,3769],[2482,-113],[620,1138],[-692,2264],[593,1745],[1259,2066],[-603,1868],[591,2263],[929,212],[1060,-1915],[1897,748],[-1740,1642],[-17,2070],[-1338,1299],[-164,2338],[695,1398],[2122,216],[603,2089],[1944,748],[1817,3388],[1935,5],[-1420,2743],[496,1759],[996,2094],[1876,1525],[2007,338],[1456,-724],[614,4164],[1807,1092],[1195,1378],[-657,1026],[-2677,-42],[-1420,1585],[-1352,3087],[-3462,2230],[-345,2282],[425,3548],[335,8092],[-293,3275],[-929,2781],[-2814,2362],[-1791,823],[241,11523],[1593,2094],[320,1167]],[[13726,517298],[4646,362],[702,-1529],[5421,2597],[1594,137],[2309,-1012],[1826,1054],[2356,607],[3034,-381],[849,-1769],[1609,1793],[2688,-1553],[2049,1863],[3128,4578],[1199,3383],[2136,1722],[2688,-381],[1506,457],[1534,1223],[2288,-941],[592,-2146],[-597,-1562],[-1283,-866],[-2276,-823],[-1308,-1430],[835,-1181],[1745,-10],[7487,2108],[3193,-696],[1023,-1873],[-576,-2592],[-3144,-1332],[1112,-2047],[2662,-1237],[-153,-2132],[-1316,-2874],[-2690,-3892],[608,-2235],[2907,-583],[1471,-1284],[920,597],[573,2588],[1530,1675],[4156,2705],[3497,1544],[2214,4145],[1021,405],[1264,-1407],[2825,1538],[3771,2678],[10194,5043],[7165,4165],[4168,809],[5635,-701],[3663,-2000],[2594,-2983],[2148,-725],[1099,-2569],[4833,-3891],[3684,-2244],[1708,-2927],[341,-2555],[-236,-3561],[171,-4395],[980,-4343],[2475,-4451],[-517,-1760],[-1811,-781],[-1597,344],[-1752,2070],[-1154,198],[-2172,-1713],[-12976,-13890],[-535,-2098],[1531,-1906],[2681,-367],[3128,-1675],[722,-2446],[1414,-1854],[65,-1007],[-662,-1600],[-2112,-1506],[-1126,-2150],[272,-3519],[1046,-2376],[1831,-429],[1700,725],[2263,-1214],[1466,-4427],[2905,-6437],[2400,-1873],[2803,-630],[2640,179],[5484,-2094],[1022,-1548],[409,-2790],[162,-3901],[902,-2607]],[[150405,424879],[2349,-1500]],[[152754,423379],[894,-1675],[-459,-6056],[339,-6333]],[[153528,409315],[-456,-3962]],[[153072,405353],[-2456,-1778],[-1088,-2160],[-1282,-678],[-2182,485],[-1448,734],[-1911,-499],[-1132,-1543],[203,-2687],[2173,-2460],[1477,-2212],[570,-3035],[-1455,-5128],[468,-3440],[962,-4338],[2208,-3693],[8103,-8145],[512,-2597],[-1261,-1920],[-2246,-1190],[-1487,-226],[-1649,1538],[-1009,212],[-1478,-922],[-2355,1877],[-3126,-696],[302,-2447],[788,-663],[1504,103],[1776,-1477],[973,-2315],[-129,-2983],[1605,-2997],[1880,-2423],[17,-1299],[-781,-2216],[1614,-3261],[2007,-1040],[683,-781],[-512,-3496],[75,-3039],[1620,-4315],[1685,-2136],[1195,-1012],[1726,-682],[1871,-4964],[2131,-1887],[-1511,-2522],[-348,-1722],[-304,-3119],[147,-2851],[-217,-2240]],[[146221,329031],[164,475],[-272,866],[-725,183],[-484,-701],[5,-795],[1312,-28]],[[748397,424767],[-3591,-4701],[-1999,-1209],[642,-3750],[1451,-3049],[1460,-1313],[849,-1265],[-2279,-3722],[-1735,-3595],[-735,-2404],[216,-2870],[-1741,-702],[-730,687],[-2325,-51],[638,1708],[-635,978],[-1283,678],[-1026,1091],[695,1313],[530,2663],[-1048,1280],[-3073,-2362],[-1797,616],[-519,-2827],[-1949,150],[-1958,2268],[-2317,2103],[-1575,932],[-5364,-988],[-2926,1656],[-1024,-946]],[[713249,407136],[-4064,3543],[-1447,3120],[-2103,2527],[-2795,2333],[-3055,1741],[-2225,687],[-2313,1303],[-1600,1840],[-2298,1600],[-2442,89],[-2196,1426],[-1335,329],[-2185,-531],[-1444,635],[1341,3449],[521,2343],[9,1995],[-952,2028],[-4341,4780],[-3212,1558],[10,1929],[-566,1510],[-4103,2023],[-5272,1755],[-4075,4451],[-2498,965],[-4363,325],[-2667,3472],[-1972,659],[-1979,-452],[-3630,1252],[-6285,3942],[-2646,1003],[-1338,-574],[-1600,160],[-2912,2766],[-9514,2518],[-1127,3265],[-1785,1360],[-3275,-1680],[-2589,-899],[-2971,-357]],[[607956,473324],[-3481,3477],[-533,1745],[1500,1939],[1433,1214],[1235,1877],[558,1920],[-2185,640],[-2375,2428],[-1558,2070]],[[602550,490634],[457,1063],[652,3299],[-1838,2634],[-5926,5002],[-456,2696],[913,2489],[2638,2136],[5423,3539],[1789,414],[1967,-391],[1539,1214],[1111,3759],[-39,1327],[-1146,626],[-2621,188],[-935,1812],[-3348,2042],[-1256,1463],[-1843,4766],[-1384,1026],[-3706,334],[-1597,1421],[-779,5119],[-2124,3520],[-5259,2004],[-2011,1868],[-842,2870],[537,2146],[2752,4187],[-6,2720],[-1614,3279]],[[583598,561206],[-3003,4094]],[[580595,565300],[4058,884],[4200,-1077],[2444,400],[2409,988],[3448,3717],[1845,2546],[4021,3373],[2597,1360],[2482,710],[2080,1454],[1979,537],[1866,-678],[1991,-1863],[1628,-522],[5127,-419]],[[710192,552685],[1551,-381],[752,-531]],[[737288,557838],[2250,691],[1708,-1294],[894,-2206],[1843,-2212],[2459,-922],[2083,94],[600,-1619],[-424,-3401],[-954,-2527],[-2073,-2974],[-496,-2028],[756,-2051],[1202,-24],[1815,824],[1380,37],[943,-1326],[-1013,-1958],[-30,-2122],[1013,-2470],[641,-3157],[-1245,-2301],[-9286,-5477],[-3114,-3105],[-8306,-11175],[-2136,-4983],[-550,-2677],[1874,-2903],[2968,-1458],[604,-2075],[353,-1962],[2091,-2123],[3626,-5166],[4299,-3872],[1935,-273],[1771,-800],[805,-1346],[-2073,-2536],[934,-1355],[2858,-395],[1094,-1407],[-156,-3204],[412,-1717],[2191,-2386],[1911,-2635],[1422,-3129],[-14,-1642],[1198,-1717],[1343,-1064],[395,-1312],[-1747,-824],[-1324,-1124],[-800,-2230],[-341,-1939],[-1552,-1750],[-2977,-1233],[-943,-1844],[-320,-2010],[-185,-2997],[-1163,-3317],[-1226,-2112],[-671,-1765],[765,-1393],[1160,-828],[632,-865]],[[429623,380877],[10,-654],[-480,-532],[-1022,-226],[-1471,-1002],[-1486,-2583],[-448,-2550],[750,-3120],[987,-1858],[615,-2117],[-170,-2052],[-562,-2569],[115,-2160],[1350,-1740],[2416,-5802],[-397,-3548],[-548,-2663],[980,-1543],[3747,-423],[113,-1934],[-826,-2132],[-2531,-4766],[-1291,-3256],[-865,-3185],[-356,-1986],[-91,-2169]],[[428162,324307],[-1939,263],[-1486,-437]],[[424737,324133],[-1789,-1816],[-1755,-2315],[-2311,-1384],[-2491,113],[-3486,2386],[-5670,2527],[-3349,-480]],[[293466,55135],[942,2211],[1042,748],[1129,1520],[223,795],[-452,5049],[1458,5402],[-309,1199],[-926,739],[-536,1087],[545,1360],[-241,1392],[-1037,19],[-598,932],[58,1562],[602,2602],[1609,2381],[536,-678],[1160,-668],[1901,546],[863,1204],[663,2391],[1882,3420],[99,1995],[-847,701],[-887,-508],[-723,-1275],[-1286,325],[-103,1962],[2080,6498],[1412,3702],[1732,6362],[1097,2268],[82,1505],[589,2202],[2058,1652],[611,-762],[1193,2404],[391,1939],[-440,1449],[-1998,89],[-1551,546],[-1689,2197]],[[305800,125599],[-982,123]],[[419472,73443],[2688,-259],[4371,-1087]],[[452603,77531],[1380,-2206],[3750,-7533],[1801,-4395],[789,-2428],[-349,-1966],[-2416,-2508],[218,-3360],[-433,-2004],[1337,-3482],[-662,-1731],[-1403,-593],[-715,1021],[-225,1816],[-709,677],[-866,-1289],[-531,-1929],[-1129,-367],[-664,1558],[-765,809],[-1385,-715],[-1441,-3238],[-433,-8238],[-1722,-4959],[-1454,-3468],[-922,-3473],[297,-2009],[-816,-1712],[156,-2823],[1457,-3412],[-411,-2206],[428,-1944],[-2540,2268],[-2036,1130],[-4671,-1172],[-1536,-80],[-1104,376],[-1400,-2009],[-2067,1026],[-1699,-1120],[-1181,2334],[-1141,296],[-1006,-1148],[-3266,1327],[-1111,-979],[-1833,579],[-1254,-1454],[-1612,565],[-1036,-1562],[-1486,277],[-2095,-1684],[565,-1153],[840,-1016],[471,-2470],[-1367,-2616],[-1365,-1139],[-1703,1045],[-1690,-772],[-1466,1012],[-634,1340],[-1029,-244],[-1343,357],[-833,998],[-355,1426],[-964,517],[-1406,1901],[-1593,1313],[-1740,649],[-1060,-1317],[-1979,663],[-687,-1101],[-1133,-146],[-797,2085],[-885,588],[-1431,-330],[-676,-1199],[-849,-3021],[-3163,-1125],[-1338,3270],[-203,1492],[-4442,193],[-2058,-1078],[-5,-1025],[-1202,-2231],[-2092,349],[-1368,865],[30,777],[-618,672],[-724,-155],[-1402,-2103],[-1169,-1134],[-1149,-263],[-2140,1425],[-1986,-536],[-1541,579],[-335,1604],[260,1793],[-243,1548],[-2995,2437],[-2000,701],[-2856,-1247],[-2067,3416],[-1682,1746],[-4587,484],[-1264,-1712],[-1240,-151],[-1999,377],[-578,1491],[-1897,405],[-106,1397],[-1003,301],[-2175,-550],[-1278,1374],[-800,5472],[-2678,2658],[-954,2513],[-429,1891],[-890,541],[-310,1736],[-821,2292],[-1443,2997],[-2257,2155],[-2131,334],[-5020,-734],[-2901,1228],[-3298,2287],[-2596,5006],[-807,419],[-702,-1412],[-285,-2131],[-1389,-1285],[-1634,156],[-837,795],[-2767,5048],[-2552,2019]],[[643836,834166],[-128,47],[101,24],[27,-71]],[[643963,834166],[-73,146],[201,-99],[-128,-47]],[[637549,835319],[-182,0],[-99,169],[281,-169]],[[624885,839041],[-63,75],[91,0],[-28,-75]],[[663523,841323],[-100,-29],[-27,76],[127,-47]],[[663631,841516],[-99,-24],[-26,75],[99,24],[26,-75]],[[665060,841887],[-63,71],[91,0],[-28,-71]],[[663960,841911],[-100,-24],[-28,71],[100,23],[28,-70]],[[664087,842400],[1109,-296],[-317,75],[-191,-565],[-610,-414],[-427,123],[354,465],[755,222],[-1219,291],[391,565],[155,-466]],[[663631,842546],[-26,-71],[-99,24],[26,70],[99,-23]],[[663532,842866],[-63,70],[91,0],[-28,-70]],[[661713,849434],[-64,71],[91,0],[-27,-71]],[[638532,865902],[2839,-1863],[255,-489],[4183,-786],[2294,-1374],[2920,-3308],[2975,-1886],[1520,-1591],[-502,-367],[837,94],[1710,-978],[1993,-1689],[1619,-2108],[601,-245],[-164,-151],[601,-734],[-91,-244],[236,-443],[-346,-192],[238,-297],[-128,-292],[128,-244],[-310,-99],[610,70],[245,-122],[-236,-193],[63,-273],[691,99],[610,-414],[-346,-245],[746,-639],[255,-979],[37,-245],[-318,-320],[-646,174],[309,-296],[-100,-268],[-609,70],[127,-244],[-346,-443],[128,-244],[-346,-932],[127,-390],[-127,-99],[0,-537],[309,-541],[-54,-1910],[162,-99],[-162,-99],[199,-47],[128,-1030],[164,-146],[-91,-245],[417,-1030],[-54,-245],[1219,-1472],[-938,-217],[-216,292],[-1057,0],[-2147,-1176],[-1600,-391],[-6623,1369],[-2657,984],[-4877,-396],[-2000,1275],[-4185,297],[-10917,2545],[-2365,1177],[-984,98],[136,175],[-1373,903],[-655,0],[-181,395],[-910,489],[-1930,589],[-1092,879],[-2473,687],[-4222,99],[-2584,-588],[-1565,-687],[-655,-786],[-800,-390],[-5387,-1567],[-690,0],[281,268],[-536,24],[-464,517],[54,443],[-528,734],[128,145],[-820,932],[711,489],[55,443],[345,146],[-62,174],[726,193],[2839,-193],[3203,583],[2037,-292],[4140,2866],[2475,2846],[-93,146],[529,537],[509,1082],[-91,146],[1111,146],[-746,343],[417,833],[-17,541],[417,635],[74,442],[-201,99],[274,245],[-56,442],[219,490],[1446,809],[728,-593],[-45,470],[-491,292],[1438,833],[-456,146],[601,494],[-755,216],[-720,-611],[428,-758],[-508,292],[-147,-588],[-1373,-170],[346,490],[-201,146],[783,1322],[-91,343],[164,52],[-91,146],[219,687],[426,611],[575,123],[-238,343],[638,442],[344,735],[966,635],[-91,343],[244,221],[1529,588],[1128,-588],[136,-169],[-272,0],[718,-518],[1165,99],[4258,1962],[4112,1177],[4585,98]],[[625650,862863],[-64,70],[90,0],[-26,-70]],[[645072,863183],[-99,-28],[-27,75],[126,-47]],[[626496,863230],[-510,-47],[674,437],[-164,-390]],[[661230,850145],[-100,-28],[-26,75],[126,-47]],[[649705,910893],[26,-75],[-273,0],[247,75]],[[650349,911900],[-99,-28],[-28,75],[127,-47]],[[666283,914111],[-21,-80],[-101,24],[122,56]],[[666872,914544],[-102,-23],[-26,75],[128,-52]],[[671029,918539],[63,-71],[-199,-99],[136,170]],[[647474,924839],[-128,47],[102,24],[26,-71]],[[646092,926603],[-99,-28],[-28,75],[127,-47]],[[645809,927460],[28,-76],[-272,0],[244,76]],[[645338,927559],[-65,70],[91,0],[-26,-70]],[[645729,929149],[-101,-24],[-27,76],[128,-52]],[[686996,931699],[-102,-23],[-26,75],[128,-52]],[[686522,932090],[-101,-24],[-26,75],[127,-51]],[[686012,933073],[-99,-24],[-28,71],[99,24],[28,-71]],[[686812,939147],[-127,52],[101,24],[26,-76]],[[655663,946892],[-100,-24],[-28,76],[100,23],[28,-75]],[[767899,904522],[74,198],[499,-28],[-573,-170]],[[768909,905035],[-128,52],[102,23],[26,-75]],[[769064,905209],[137,-174],[-201,99],[64,75]],[[768409,905308],[-73,-494],[-499,419],[572,75]],[[769356,905110],[-64,76],[90,0],[-26,-76]],[[768909,905233],[-128,51],[102,24],[26,-75]],[[772258,906018],[-100,-28],[-28,75],[128,-47]],[[771793,906089],[-136,75],[382,0],[-246,-75]],[[772621,906705],[-100,-28],[-28,75],[128,-47]],[[789007,911091],[63,-76],[-201,-99],[138,175]],[[788996,916210],[-127,51],[101,24],[26,-75]],[[791362,920327],[-100,-24],[-26,76],[99,23],[27,-75]],[[748306,906465],[-21,-80],[-99,24],[120,56]],[[744418,907388],[-100,-24],[-26,75],[100,24],[26,-75]],[[744100,907660],[173,-75],[-236,0],[63,75]],[[715061,924420],[-63,76],[90,0],[-27,-76]],[[786904,922190],[674,52],[-318,-273],[-356,221]],[[787769,922458],[209,75],[-346,-145],[137,70]],[[789297,923634],[65,-70],[-201,-99],[136,169]],[[811012,924350],[-99,-29],[-26,76],[125,-47]],[[713815,924444],[-101,-24],[-26,76],[127,-52]],[[715826,945104],[1236,-979],[2002,-884],[119,-565],[964,-1026],[-37,-931],[-272,-146],[91,-348],[-1656,-833],[162,-193],[-127,-198],[127,-192],[-127,-198],[36,-1030],[1475,-1520],[-54,-344],[235,-244],[-199,-292],[145,-442],[1083,-1007],[1965,-880],[3820,-395],[2912,1472],[1965,-489],[65,169],[-501,123],[-500,611],[100,565],[828,-71],[-565,193],[100,273],[-2729,-1275],[-391,24],[-291,640],[1519,705],[701,960],[573,221],[536,-221],[-163,-343],[199,-52],[-127,-245],[173,-221],[246,28],[-272,193],[99,174],[800,-588],[984,292],[-1020,99],[-27,268],[491,296],[-609,123],[-292,-297],[-100,174],[273,193],[-1364,687],[754,419],[1092,0],[1092,-588],[1710,1176],[3567,-786],[1201,-879],[2547,-687],[5859,687],[3566,-1374],[392,-513],[-74,-932],[-927,-245],[-74,-150],[420,-193],[-710,-932],[200,-98],[-165,-391],[74,-541],[709,-932],[-346,-98],[274,-245],[-538,-711],[-2146,-193],[-437,-592],[-727,197],[-391,-513],[273,-197],[-100,-170],[-2257,-197],[-800,-292],[-510,-593],[-246,127],[-37,344],[674,1171],[-538,123],[102,273],[-219,291],[-674,344],[528,442],[-573,320],[-117,-955],[-346,-297],[636,-442],[-273,-390],[419,-198],[-146,-245],[-1001,-146],[391,-268],[-692,391],[-1381,-588],[3020,0],[173,-269],[-201,-296],[319,-221],[1127,786],[501,-123],[145,-197],[-127,-193],[101,-174],[508,0],[-317,122],[272,395],[-127,438],[345,52],[-199,145],[1883,24],[-101,268],[274,198],[-346,296],[463,123],[1157,-222],[-456,-489],[283,-273],[363,0],[365,494],[910,-296],[363,390],[1565,-978],[1200,-297],[1639,297],[391,-320],[-419,-193],[173,-174],[754,221],[74,146],[-273,197],[245,320],[2257,-197],[246,174],[-601,489],[2028,612],[1783,-99],[-499,268],[391,518],[1164,390],[2911,588],[6287,-1595],[-419,-390],[64,-170],[1310,193],[3894,-682],[2183,94],[364,-489],[473,99],[246,-123],[-173,-174],[1055,-489],[865,-1299],[-1146,-588],[273,-245],[-320,-320],[473,0],[292,396],[728,-99],[81,-367],[464,-24],[156,-465],[499,-320],[1674,-786],[1411,-221],[-1009,-268],[-210,-222],[99,-169],[2584,489],[147,391],[1664,1007],[-674,635],[1083,616],[1820,94],[1128,-588],[137,-466],[-2456,-2009],[162,-343],[-964,-1026],[638,99],[-201,-99],[-54,-442],[-1511,-833],[-72,-146],[236,-197],[-1109,-1421],[235,-198],[-199,-343],[710,-880],[-201,-52],[-54,-833],[-310,-343],[201,-146],[-346,-47],[199,-344],[-382,-442],[127,-245],[-164,-343],[19,-734],[-490,-297],[354,-512],[647,-123],[-201,-99],[201,-98],[-173,-269],[-692,490],[-1928,-99],[-947,-687],[-2257,-588],[-5059,-781],[-908,-687],[-1528,-198],[-729,-588],[-1673,-193],[-1375,-710],[355,-664],[-1710,292],[-391,-122],[-117,-367],[-1347,197],[-1494,-489],[-3528,-297],[-692,-390],[-3638,0],[-1675,588],[-1710,-99],[-219,297],[-246,-29],[246,-268],[-1055,0],[-5677,1567],[-546,-292],[-1382,292],[-2839,1078],[100,272],[-1801,1323],[-147,197],[56,344],[-419,146],[54,343],[-691,786],[-1373,903],[-837,984],[-610,23],[-218,292],[54,343],[-1446,1595],[-1602,687],[-3602,292],[-4367,1176],[-181,391],[-1228,517],[-74,146],[200,99],[-491,245],[-336,658],[-3093,1671],[-1747,1369],[-2148,588],[-1092,885],[-1600,588],[-2365,489],[-2365,1962],[-220,-99],[101,269],[-1111,1030],[101,367],[1819,588],[546,786],[1083,122],[-637,490],[19,343],[-348,687],[283,414],[1228,367],[-1364,52],[-218,292],[127,244],[-201,52],[91,245],[-199,47],[54,343],[-346,245],[20,739],[-275,145],[201,146],[-201,47],[91,245],[-127,198],[354,517],[538,-75],[-637,292],[473,738],[1548,932],[181,489],[-55,344],[274,146],[-91,145],[327,885],[1182,-442],[-136,367],[-582,0],[-173,414],[128,395],[-91,146],[417,588],[-717,320],[-173,466],[854,390],[-863,123],[171,564],[-199,99],[672,734],[83,565],[655,489],[765,0]],[[710830,926114],[-100,-28],[-28,75],[128,-47]],[[710612,926406],[-128,47],[101,28],[27,-75]],[[745693,927093],[-127,47],[99,28],[28,-75]],[[749204,928415],[-400,198],[964,0],[-564,-198]],[[709157,928660],[-100,-24],[-28,75],[100,24],[28,-75]],[[743045,928834],[28,-76],[-274,0],[246,76]],[[709120,928857],[-128,47],[100,28],[28,-75]],[[711303,929737],[-99,-23],[-28,75],[99,23],[28,-75]],[[751152,931600],[-102,-23],[-26,75],[128,-52]],[[751952,936113],[-100,-29],[-28,76],[128,-47]],[[623212,839925],[173,-75],[-238,0],[65,75]],[[622265,840217],[-63,75],[91,0],[-28,-75]],[[621874,840683],[164,-146],[-128,-99],[-36,245]],[[619063,860609],[-64,71],[91,0],[-27,-71]],[[606836,844532],[63,-76],[-236,0],[173,76]],[[612221,866881],[-536,-174],[136,273],[400,-99]],[[608838,866881],[-65,75],[91,0],[-26,-75]],[[613495,867272],[-63,75],[91,0],[-28,-75]],[[615269,867888],[-99,-28],[-28,75],[127,-47]],[[617353,883057],[2000,-593],[1375,-1101],[765,-1665],[72,-391],[-165,-640],[238,-291],[-164,-52],[-746,-2009],[-528,-537],[255,-639],[310,-48],[-128,-343],[164,-146],[-19,-640],[164,-635],[-181,-932],[-165,-51],[91,-146],[-236,-734],[55,-442],[-891,-932],[91,-146],[-147,-296],[-573,-316],[-1602,-98],[-1963,-1276],[-1457,-291],[-108,291],[-902,-512],[273,-245],[-428,-320],[-355,24],[138,465],[-583,0],[-573,-315],[164,-249],[-246,-221],[-873,296],[-37,-296],[-508,-95],[-1375,810],[-582,978],[91,245],[-201,344],[19,442],[-600,833],[54,244],[-1401,1125],[419,343],[-601,344],[-255,588],[91,245],[-309,442],[-109,588],[91,245],[-201,51],[165,391],[-128,343],[164,48],[-127,541],[164,98],[-128,292],[273,541],[-273,245],[310,343],[90,1026],[200,151],[-200,94],[165,150],[-165,146],[-36,245],[164,99],[-164,489],[800,1374],[873,687],[3813,1200],[6332,197]],[[605853,908738],[-63,71],[91,0],[-28,-71]],[[605152,908959],[-99,-28],[-28,75],[127,-47]],[[603634,909524],[208,169],[-491,-245],[283,76]],[[603743,910112],[28,-75],[-275,0],[247,75]],[[600822,913565],[-99,-23],[-28,71],[99,23],[28,-71]],[[600723,914619],[36,193],[210,-122],[-246,-71]],[[534774,864848],[-101,-28],[-26,75],[127,-47]],[[534556,864947],[-101,-28],[-26,75],[127,-47]],[[523283,881194],[2075,-489],[2583,-2649],[910,-391],[737,-1054],[1993,-1204],[446,-758],[1327,-1030],[1146,-2202],[1448,-1496],[973,-419],[-564,-833],[964,-536],[-164,-151],[201,-47],[-19,-541],[419,-537],[-164,-98],[0,-344],[237,-99],[-501,-512],[-473,0],[-83,-466],[-972,-810],[-874,292],[-1483,1398],[-71,150],[309,438],[-37,343],[-910,1374],[-901,908],[-764,94],[245,174],[-3148,2108],[-218,391],[91,343],[-563,932],[54,541],[-181,588],[-309,146],[162,146],[-1801,1520],[164,541],[-345,437],[-55,640],[-354,24],[-357,-612],[-34,-442],[499,-320],[-1383,0],[-500,517],[-400,1125],[381,640],[-128,1124],[238,297],[-528,635],[200,245],[-273,0],[610,320],[145,-391]],[[555416,932654],[28,-70],[-273,0],[245,70]],[[582918,901995],[-127,52],[101,24],[26,-76]],[[582700,902094],[-128,52],[102,24],[26,-76]],[[581500,902490],[-102,-24],[-26,71],[128,-47]],[[592343,902979],[-99,-24],[-28,71],[99,23],[28,-70]],[[579061,903468],[-101,-23],[-26,75],[127,-52]],[[577788,904254],[-101,-24],[-27,71],[128,-47]],[[570226,905698],[-8,-169],[-128,0],[136,169]],[[595000,908075],[-99,-24],[-28,75],[99,24],[28,-75]],[[565196,914252],[-128,47],[101,24],[27,-71]],[[599512,914841],[-100,-29],[-27,76],[127,-47]],[[600578,915109],[62,-268],[-281,-222],[-609,123],[99,466],[729,-99]],[[563741,915330],[-128,47],[100,28],[28,-75]],[[621055,880921],[-100,-23],[-26,75],[99,23],[27,-75]],[[620910,881410],[-128,52],[101,24],[27,-76]],[[619345,882591],[-100,-28],[-28,76],[128,-48]],[[585912,973725],[-538,-315],[127,-343],[-309,-245],[238,-99],[-65,-273],[536,-23],[-454,-292],[165,-197],[-91,-245],[235,-47],[-54,-442],[199,-146],[-272,-198],[0,-343],[756,-123],[245,-221],[-54,-442],[636,-146],[1392,-1741],[3493,-781],[538,-518],[-201,-437],[537,-419],[838,-390],[391,268],[-92,-245],[346,-343],[-55,-443],[820,-635],[8,-367],[3239,-198],[901,-319],[-346,-391],[236,-99],[11,-367],[1991,-23],[91,-734],[272,-297],[-2346,-1223],[-110,-541],[238,-588],[-201,-99],[1120,-24],[99,-169],[-164,-99],[1010,-419],[-173,-169],[564,-541],[-318,-169],[1520,-612],[-1083,-471],[1783,198],[1920,-1397],[-792,-758],[727,99],[501,315],[109,198],[-100,367],[910,296],[2729,-296],[1156,-612],[-128,-343],[273,47],[-54,-438],[417,-296],[-1001,-443],[175,-169],[-901,-24],[1037,-541],[-782,-343],[635,-438],[-490,-52],[90,-145],[-345,-391],[309,-198],[-463,-23],[-246,-419],[456,-536],[-493,-344],[0,-541],[782,443],[182,-542],[-636,-879],[682,-711],[1056,292],[-64,-268],[646,-123],[-136,268],[636,344],[-63,174],[763,-593],[765,297],[136,-170],[-235,-197],[417,0],[-28,367],[-945,-99],[-283,320],[238,197],[-20,537],[420,442],[-383,588],[28,367],[973,-320],[-72,-442],[-382,-146],[63,-268],[836,390],[-207,-268],[426,170],[138,-123],[-93,-244],[465,-123],[99,174],[-235,99],[828,217],[246,-414],[-674,-391],[309,-198],[-137,-268],[-836,0],[-156,-466],[-527,-150],[456,-193],[-238,-245],[238,-51],[-93,-245],[164,-146],[-499,-268],[800,489],[1857,292],[181,-391],[764,0],[-208,-268],[426,-221],[45,367],[502,122],[-173,174],[281,217],[1420,-292],[437,489],[1091,99],[137,221],[-65,367],[802,-98],[-136,268],[164,99],[-164,197],[454,-52],[-891,495],[644,-123],[-8,268],[-273,0],[528,146],[-428,170],[-837,-94],[-26,-273],[281,75],[9,-367],[201,-99],[-1192,-513],[-1411,810],[1883,-29],[65,367],[-610,-169],[-65,268],[1047,24],[-63,174],[236,197],[-346,47],[-91,443],[-309,146],[64,268],[-583,-193],[-426,315],[964,198],[-255,635],[-309,150],[417,245],[-891,438],[-110,348],[210,216],[-391,-70],[419,489],[-238,99],[275,979],[-165,244],[383,146],[-501,75],[-137,367],[456,47],[-201,99],[236,198],[-35,244],[-1729,245],[199,146],[-309,494],[346,47],[-236,146],[418,151],[-200,244],[273,146],[-309,245],[456,244],[-348,687],[348,146],[-456,198],[491,99],[-1001,536],[92,245],[-164,150],[37,339],[199,52],[-128,343],[346,99],[-454,193],[381,146],[-309,249],[309,245],[-54,437],[309,542],[37,343],[-236,99],[454,442],[-201,438],[456,541],[-54,442],[127,193],[-237,99],[346,52],[-236,94],[309,296],[-164,245],[464,513],[655,98],[35,297],[2248,710],[-90,146],[218,588],[382,344],[-455,0],[309,343],[-418,-51],[63,174],[800,291],[1020,-193],[210,-272],[-309,-292],[709,-245],[-346,-99],[281,-367],[2285,-122],[-783,-296],[355,-170],[-1383,-296],[-428,-414],[391,-269],[3712,-588],[728,-296],[-318,-169],[573,-127],[-283,-170],[575,-320],[1299,28],[-345,94],[209,273],[-354,24],[172,169],[-354,29],[173,169],[-1775,908],[-199,734],[-201,47],[173,174],[-500,24],[137,268],[354,-170],[-246,367],[646,76],[-709,244],[309,344],[-319,315],[-182,-390],[-426,221],[236,197],[-383,781],[201,443],[-1111,833],[128,489],[-109,343],[-1911,1031],[1010,268],[3020,-1764],[101,-170],[-237,-197],[246,-123],[437,198],[4038,-1082],[-173,-170],[493,-343],[-91,-245],[545,-588],[501,-24],[-174,-174],[501,-23],[119,-466],[754,-315],[1710,-2061],[4395,-2673],[-201,-145],[565,-245],[1128,-1275],[-238,-245],[783,-833],[-100,-268],[2620,-1571],[4804,-1370],[1018,-687],[3749,-884],[2875,884],[1347,-687],[209,175],[-856,682],[601,442],[-164,245],[720,419],[1600,390],[2075,99],[3893,-885],[4186,-1764],[800,-979],[691,-99],[2257,-2155],[1018,-296],[400,-489],[910,-391],[4294,-197],[1193,-711],[582,-880],[-201,-150],[346,-47],[-91,-245],[646,-612],[4659,-1764],[290,193],[873,-880],[1893,-885],[690,-880],[647,-23],[-565,-249],[357,-415],[828,-122],[-419,-197],[36,-438],[528,-245],[326,-837],[-1919,367],[-2910,-490],[99,273],[-901,123],[-1018,-198],[427,-268],[-782,-245],[573,-663],[-1055,-99],[-329,296],[-1710,-197],[-763,588],[-391,-75],[426,564],[-653,-193],[171,-174],[-426,-419],[-1447,-23],[-73,-146],[465,-221],[436,296],[1127,94],[37,-390],[801,296],[100,-367],[-391,71],[-110,-391],[-874,198],[-290,-395],[-510,296],[-936,-517],[208,-269],[1202,297],[1128,-593],[500,320],[-491,99],[428,367],[718,-513],[-137,-174],[828,-122],[-791,-560],[-1273,-99],[-1010,367],[1300,-565],[583,198],[100,-174],[-128,-198],[164,-193],[-609,-23],[-100,-174],[199,-99],[-382,-344],[92,-146],[-1184,-635],[638,99],[108,-296],[-91,-636],[238,-296],[-201,-47],[91,-541],[-965,-391],[675,-244],[-91,-443],[344,-98],[-491,-292],[819,-245],[-201,-150],[547,-687],[2164,-1271],[-936,-122],[-800,-588],[-610,169],[273,-244],[-964,-1031],[54,-833],[-309,-437],[201,-151],[-310,-47],[-73,-343],[164,-198],[-237,-343],[56,-344],[-165,-47],[-90,-1030],[-1375,-810],[-610,-710],[65,-170],[-1894,-978],[-2218,-2160],[-5022,-588],[-657,-588],[-1236,-99],[-536,122],[600,297],[-138,367],[-435,99],[-209,-367],[491,-99],[-746,-99],[-156,1252],[-2183,588],[-1818,-198],[-1165,292],[-3567,-880],[-874,198],[-208,221],[63,268],[-691,0],[-2147,1863],[-1855,193],[-356,419],[90,244],[-162,198],[162,292],[-171,221],[-1993,122],[-255,344],[309,291],[-601,344],[-253,296],[163,344],[-383,244],[201,636],[-528,738],[165,537],[-2093,244],[164,99],[-164,443],[454,588],[-463,23],[-10,367],[-454,344],[36,832],[236,391],[-290,494],[-1046,711],[-1275,291],[-364,588],[-936,419],[273,292],[-201,146],[201,51],[-91,146],[272,443],[37,1030],[-164,193],[547,1176],[199,52],[-165,245],[566,635],[-110,640],[-527,291],[672,344],[-199,99],[136,268],[1010,23],[363,589],[37,343],[-164,198],[456,442],[-91,146],[1591,1397],[1894,687],[655,588],[436,-197],[-356,367],[1256,541],[456,1026],[891,1129],[-128,489],[91,442],[-164,146],[91,245],[-199,52],[199,99],[-128,489],[93,245],[-1038,832],[783,344],[-1438,734],[100,268],[-4075,99],[-65,268],[201,52],[37,343],[-538,414],[-800,0],[-292,-687],[-1055,198],[173,-169],[-537,-419],[-545,296],[-328,-489],[-99,23],[62,269],[-609,23],[54,442],[-245,123],[-873,-198],[-791,221],[491,99],[-210,268],[-582,-94],[-110,-395],[-936,-320],[236,-94],[-100,-174],[-464,-24],[138,-268],[-729,0],[318,-174],[-454,-292],[210,-710],[471,-99],[-63,169],[173,222],[364,0],[-100,-269],[646,-23],[-209,-273],[391,-122],[428,320],[-493,98],[320,565],[391,-24],[-136,-371],[1300,-170],[-828,71],[-208,-367],[562,0],[-381,-146],[163,-245],[-355,-512],[-1273,-396],[-2875,198],[-1564,687],[-1884,-908],[674,-588],[-383,-391],[165,-245],[-346,-395],[536,-23],[-210,174],[320,122],[428,-320],[-138,-268],[-1118,71],[199,-95],[-162,-348],[171,-315],[583,-489],[290,390],[984,-197],[136,-170],[-491,-99],[500,-122],[138,268],[-346,395],[463,123],[1228,-711],[-783,-588],[28,-466],[-683,-122],[564,0],[-71,-442],[-1074,-588],[235,-52],[-199,-146],[210,-221],[181,296],[428,-320],[-455,-98],[200,-636],[-237,-146],[92,-296],[-92,-245],[964,-244],[-390,-565],[900,-23],[-382,-198],[310,-245],[-382,-146],[346,-145],[-346,-99],[454,-198],[-382,-146],[237,-291],[-91,-198],[91,-344],[-346,-390],[564,0],[-892,-786],[492,-52],[-310,-145],[455,-344],[-164,-833],[383,-244],[-309,-146],[454,-146],[36,-442],[-164,-99],[1111,-442],[-382,-193],[164,-245],[-309,-296],[599,-344],[-273,-292],[383,-296],[-201,-99],[37,-245],[1446,-1002],[1310,0],[-281,-174],[1582,-635],[-564,0],[101,-174],[755,-24],[-419,-291],[346,-151],[-565,-438],[310,-244],[-383,-151],[383,-343],[-710,-438],[346,-99],[-309,-98],[346,-99],[-201,-99],[73,-438],[1073,-51],[-709,-537],[1547,-1129],[-90,-245],[253,-785],[929,-734],[218,-391],[-200,-99],[110,-343],[235,-47],[-200,-99],[36,-249],[419,-146],[-309,-146],[573,-513],[800,-99],[-136,-174],[610,-710],[5240,-490],[1156,-710],[-138,-170],[3204,-785],[1818,-1374],[3093,197],[2065,-1788],[184,-640],[-357,-804],[-326,94],[-173,-216],[64,-175],[-2767,-1566],[-3020,-297],[-1236,395],[-1347,-592],[-2039,-292],[-763,979],[63,-170],[-1410,-23],[245,-273],[-381,-146],[91,-146],[-136,-419],[-910,-390],[-610,611],[201,146],[-793,419],[-1600,0],[-65,-169],[238,-490],[-638,-640],[273,-244],[-1001,-245],[-163,-833],[-200,-52],[127,-489],[-110,-245],[-1217,-635],[62,-174],[-1528,-390],[-510,588],[-982,0],[-655,781],[-1165,395],[-5485,4239],[273,0],[-91,344],[164,99],[-346,99],[491,338],[364,687],[-200,151],[318,315],[1929,395],[1993,-1105],[-19,-344],[782,-536],[-164,-151],[283,-513],[1773,221],[-610,71],[-354,419],[-128,635],[-1982,1327],[90,244],[-235,292],[272,245],[-91,343],[201,52],[-183,734],[-2392,-757],[-3711,390],[-1312,-588],[-44,-367],[-719,-518],[-2439,-588],[-463,-315],[-73,-442],[236,-297],[-537,-216],[-12772,-2160],[-10772,-3430],[355,367],[-2430,518],[246,367],[-499,-76],[26,466],[-391,-75],[-37,395],[-391,-28],[346,-391],[-91,-197],[91,-146],[-273,0],[91,245],[-528,541],[-73,390],[164,932],[-2164,2009],[454,395],[182,635],[-391,419],[-1155,24],[391,564],[245,-28],[-163,-438],[236,0],[145,833],[-1265,-663],[-34,390],[-647,222],[528,0],[-137,174],[-1346,94],[-219,494],[-319,-320],[164,-198],[-108,-244],[-1593,-904],[-463,-616],[63,-170],[-900,-122],[163,-245],[-500,-710],[-1046,169],[1037,-687],[-164,-390],[91,-146],[-201,-52],[127,-635],[-199,-391],[236,-98],[-199,-396],[1909,-1421],[-746,-686],[55,-438],[-163,-52],[91,-146],[-419,52],[782,-442],[-454,-52],[-400,-781],[91,-151],[-201,-47],[91,-145],[-236,-443],[91,-146],[-564,-244],[454,-198],[-145,-343],[-419,-245],[-145,-296],[90,-146],[-728,-1177],[-463,-122],[-728,-880],[-718,-122],[-73,-151],[345,-99],[-281,-315],[-1238,-786],[-2110,-686],[-1565,0],[-582,494],[-328,-99],[-392,414],[137,466],[-1237,0],[-465,320],[128,343],[-682,122],[-218,391],[-1638,884],[-619,-98],[-218,687],[-4293,588],[-4222,1270],[-729,-292],[65,269],[-1256,1129],[-17,343],[-346,47],[164,146],[-839,1177],[-1109,837],[18,734],[-309,146],[55,245],[-310,145],[-18,344],[-709,1030],[164,146],[-311,151],[164,94],[-145,640],[-419,536],[493,198],[181,442],[-791,-75],[-1165,489],[26,273],[-318,315],[-828,123],[-108,98],[91,245],[-246,-71],[-937,1102],[636,489],[-454,197],[-9,466],[-691,-687],[-1965,490],[-1166,1077],[-2183,1176],[-227,565],[-2821,3383],[56,536],[-1111,1228],[-454,932],[-1511,1666],[1338,-367],[910,-786],[208,268],[-500,28],[-510,683],[-1565,395],[-755,908],[273,390],[-162,245],[309,635],[-238,151],[274,292],[-382,343],[-19,734],[-310,151],[91,244],[-199,146],[91,245],[-164,292],[1446,908],[2002,395],[318,-320],[-163,-151],[346,-47],[-309,-98],[91,-99],[-91,-245],[400,-682],[1665,-809],[2838,390],[900,612],[291,588],[-90,442],[164,99],[-201,442],[91,245],[-1847,1397],[-2546,-494],[-1083,1497],[309,390],[-65,174],[874,0],[691,489],[1120,-663],[-201,198],[128,296],[-109,438],[-272,244],[236,245],[-491,151],[127,343],[-456,438],[201,249],[-1511,1322],[1157,268],[573,-221],[-1410,518],[-391,513],[35,442],[892,635],[-209,169],[1236,-94],[428,565],[-1118,216],[-138,123],[128,343],[-564,245],[237,296],[-136,269],[865,23],[-210,273],[-1956,315],[1292,640],[-637,442],[419,292],[-238,391],[128,640],[-182,588],[-1119,513],[-137,418],[109,635],[200,52],[-54,245],[792,1002],[1128,786],[1273,197],[947,-395],[655,-687],[1055,-291],[2620,781],[2210,-1346],[-573,762],[-755,414],[210,268],[218,-390],[537,23],[-437,932],[-2238,1421],[-291,588],[90,245],[-527,52],[309,145],[-527,344],[127,343],[-1072,734],[-311,932],[-746,541],[274,292],[-201,197],[91,193],[-91,151],[928,1520],[-91,146],[3521,2766],[3675,0],[655,-292],[74,391],[873,99],[800,-588],[-136,268],[828,419],[618,-198],[355,320],[-54,245],[436,785],[383,146],[-91,146],[236,198],[-201,193],[601,837],[73,438],[-419,833],[110,541],[1301,1006],[1237,391],[683,-419],[145,-343],[-201,-99],[746,-536],[-91,-245],[674,-635],[-382,-494],[564,-588],[-456,0],[-71,-245],[218,-391],[863,71],[138,-461],[-493,-99],[383,-52],[36,-244],[-164,-99],[383,-47],[-65,-268],[474,-99],[209,169],[-672,640],[309,292],[-201,197],[201,146],[-964,344],[417,296],[-272,292],[54,442],[-199,198],[417,437],[-236,99],[273,297],[-236,145],[527,636],[-200,197],[90,198],[-90,146],[455,536],[-419,344],[601,244],[-283,372],[1092,583],[4077,786],[836,687],[718,-23],[147,-297],[-127,-343],[317,-316],[500,222],[82,658],[947,-291],[1301,268],[-136,-76]],[[600277,915231],[-101,-23],[-26,75],[127,-52]],[[616579,948558],[-99,-24],[-28,75],[99,24],[28,-75]],[[615133,949221],[28,-75],[-274,0],[246,75]],[[614405,949221],[-63,75],[417,0],[-354,-75]],[[619928,947480],[-101,-23],[-27,75],[128,-52]],[[620146,947579],[-101,-24],[-26,76],[127,-52]],[[620510,948755],[145,47],[-310,-146],[165,99]],[[620255,949047],[-865,-315],[-100,466],[965,-151]],[[610211,949786],[-26,-76],[-138,24],[164,52]],[[609828,949833],[-108,146],[236,-95],[-128,-51]],[[613131,950595],[-173,-122],[273,-541],[-500,-222],[-536,419],[100,466],[836,0]],[[609629,950322],[-101,-23],[-26,75],[127,-52]],[[599166,915231],[-326,245],[599,99],[-273,-344]],[[563086,915429],[-100,-24],[-28,71],[100,23],[28,-70]],[[598829,915796],[-826,-367],[344,390],[-63,174],[545,-197]],[[598020,915772],[-28,-75],[-99,23],[28,76],[99,-24]],[[553879,932974],[-128,47],[100,28],[28,-75]],[[552724,934320],[-9,-170],[-127,0],[136,170]],[[526441,934343],[-100,-23],[-28,75],[100,24],[28,-76]],[[526804,934541],[-63,-24],[-28,76],[63,23],[28,-75]],[[598066,915894],[-792,71],[891,99],[-99,-170]],[[561484,916210],[-128,51],[102,24],[26,-75]],[[561639,917264],[28,-71],[-274,0],[246,71]],[[562102,953362],[-99,-24],[-27,75],[100,24],[26,-75]],[[552168,934837],[-99,-23],[-28,70],[100,24],[27,-71]],[[532963,938046],[182,198],[64,-273],[-345,-193],[99,268]],[[532626,938267],[-100,-23],[-26,71],[100,23],[26,-71]],[[553807,938366],[-101,-28],[-27,75],[128,-47]],[[532963,938437],[173,75],[-454,-146],[281,71]],[[532663,938710],[-27,-76],[-101,24],[128,52]],[[553989,941208],[-102,-23],[-26,70],[128,-47]],[[553807,941406],[-101,-28],[-27,75],[128,-47]],[[552651,942554],[64,-71],[-201,-99],[137,170]],[[553842,943951],[-128,52],[102,24],[26,-76]],[[550458,945128],[738,-123],[-247,-367],[247,76],[1483,-1351],[-502,-710],[-655,296],[-1883,1986],[709,291],[-63,174],[173,-272]],[[534774,945029],[-101,-24],[-26,76],[127,-52]],[[550768,945128],[-110,145],[237,-94],[-127,-51]],[[534919,945424],[-99,-24],[-28,71],[99,24],[28,-71]],[[534965,945593],[-210,76],[783,193],[-573,-269]],[[535501,946012],[-99,-28],[-28,75],[127,-47]],[[553734,946205],[-100,-23],[-28,75],[100,23],[28,-75]],[[527824,958217],[-237,-296],[36,-245],[383,-52],[-201,-244],[527,-734],[-199,-146],[528,-442],[-164,-443],[218,-489],[272,52],[-164,-443],[184,-588],[309,-244],[-274,-52],[346,-146],[-200,-146],[601,-541],[-28,-268],[537,75],[-200,-197],[236,-99],[-201,-99],[201,-489],[-91,-344],[437,-979],[346,-145],[154,-466],[719,-221],[-346,-146],[601,-245],[46,-372],[2428,-1298],[-573,-170],[2112,-588],[136,-174],[-201,-47],[37,-343],[235,-99],[-536,-320],[-473,494],[-755,-122],[199,-541],[-635,-146],[-219,-541],[273,-292],[-454,-344],[417,-442],[-709,-536],[454,-297],[-199,-99],[54,-244],[-746,-344],[19,-343],[-200,-99],[382,-94],[-564,-344],[54,-541],[-610,-23],[-391,-513],[-110,-640],[238,-47],[255,-395],[-165,-99],[111,-438],[490,-442],[-346,-197],[310,-589],[-128,-291],[91,-151],[-383,-245],[-125,-635],[-865,-320],[0,-291],[-365,98],[-391,-517],[209,-170],[-1891,-390],[62,-174],[-391,-221],[-800,0],[-218,395],[-547,94],[-653,0],[-329,-391],[-827,320],[-1347,3379],[892,1030],[-201,245],[310,52],[-91,145],[454,636],[402,983],[-56,245],[456,343],[-128,292],[91,343],[-201,198],[309,635],[-90,151],[274,635],[-56,541],[164,47],[-91,442],[164,47],[-90,146],[162,395],[-236,48],[164,98],[-164,588],[91,245],[-164,245],[164,146],[-964,785],[527,146],[-235,99],[199,198],[-163,635],[199,99],[-164,296],[309,339],[-235,150],[272,245],[-91,99],[74,536],[235,245],[-90,146],[419,249],[-383,94],[164,396],[-90,145],[382,542],[-92,145],[564,537],[-91,150],[419,932],[-91,146],[383,536],[-238,99],[238,198],[-238,145],[309,99],[-419,245],[164,99],[-90,146],[164,51],[-91,94],[91,250],[-819,489],[345,47],[-90,146],[309,344],[-128,442],[329,390],[382,-94]],[[535028,947875],[-245,-28],[-136,174],[381,-146]],[[525312,948167],[-127,47],[99,28],[28,-75]],[[621247,949612],[26,-71],[-273,0],[247,71]],[[621091,949734],[-127,52],[101,23],[26,-75]],[[620192,951475],[99,-71],[-201,-99],[238,-98],[-283,-222],[-400,0],[100,269],[-345,150],[792,71]],[[619236,951404],[-99,-28],[-28,75],[127,-47]],[[610174,950764],[-26,-70],[-136,23],[26,71],[136,-24]],[[611121,951404],[-100,-28],[-28,75],[128,-47]],[[610557,951941],[419,296],[-255,-541],[-273,0],[109,245]],[[611084,952383],[-127,47],[101,28],[26,-75]],[[619200,951597],[-100,-23],[-28,75],[100,23],[28,-75]],[[619418,951696],[-128,47],[100,28],[28,-75]],[[619891,955027],[-99,-23],[-28,75],[99,23],[28,-75]],[[618800,958754],[-128,47],[100,28],[28,-75]],[[611566,953634],[137,-174],[-200,99],[63,75]],[[610103,955027],[-102,-23],[-26,75],[128,-52]],[[601460,957869],[-110,151],[237,-99],[-127,-52]],[[617963,958852],[-101,-23],[-27,71],[128,-48]],[[533036,948831],[28,-76],[-274,0],[246,76]],[[532572,948953],[-108,146],[235,-99],[-127,-47]],[[560375,953512],[90,-150],[-108,-193],[-609,-320],[-392,320],[718,856],[318,-122],[-162,-99],[145,-292]],[[528769,955615],[-99,-23],[-28,75],[99,24],[28,-76]],[[600059,960226],[-102,-28],[-26,75],[128,-47]],[[565596,964437],[146,52],[-309,-146],[163,94]],[[593690,965713],[-99,-24],[-28,75],[99,24],[28,-75]],[[593798,965910],[-127,47],[101,28],[26,-75]],[[592743,966202],[-127,52],[101,23],[26,-75]],[[569755,966475],[26,-75],[-273,0],[247,75]],[[592235,967722],[-164,-47],[26,70],[138,-23]],[[586167,970785],[26,-71],[-309,0],[283,71]],[[585830,973382],[-101,-47],[-27,75],[128,-28]],[[586202,973627],[28,-71],[-128,0],[100,71]],[[585283,973801],[-26,-76],[-101,29],[127,47]],[[586457,973824],[-355,76],[820,98],[-465,-174]],[[618763,958951],[-100,-28],[-28,75],[128,-47]],[[621711,967232],[-164,-47],[26,71],[138,-24]],[[620401,967284],[-101,-28],[-26,75],[127,-47]],[[619345,968065],[-128,52],[101,23],[27,-75]],[[601778,961572],[136,-169],[-199,94],[63,75]],[[618400,967966],[-102,-23],[-26,75],[128,-52]],[[618145,968065],[-100,-23],[-28,75],[100,23],[28,-75]],[[618581,969049],[-101,-29],[-26,76],[127,-47]],[[620628,969608],[318,-169],[-646,-23],[-755,-565],[1047,-320],[1491,198],[-136,-174],[164,-193],[-892,47],[-109,-245],[163,-198],[-528,-390],[1183,0],[-608,-24],[63,-367],[-755,-221],[-136,221],[199,99],[-136,367],[-1010,-75],[-8,268],[391,-71],[-456,193],[201,99],[-238,99],[173,174],[-1373,-174],[355,663],[465,24],[-165,245],[318,512],[1420,0]],[[621210,968729],[210,70],[-346,-146],[136,76]],[[622803,968752],[-127,47],[99,28],[28,-75]],[[620728,968851],[-128,47],[100,28],[28,-75]],[[620765,969143],[-102,-24],[-26,75],[128,-51]],[[620473,969194],[-28,-75],[-136,24],[28,75],[136,-24]],[[618981,969486],[-28,-70],[-136,23],[28,71],[136,-24]],[[621137,969707],[28,-169],[-165,0],[137,169]],[[642307,934249],[-99,-28],[-28,75],[127,-47]],[[640052,940719],[145,47],[-309,-146],[164,99]],[[639442,941279],[-209,273],[272,0],[-63,-273]],[[641070,945325],[-127,47],[100,28],[27,-75]],[[639560,948365],[2421,-588],[-275,-443],[201,-146],[-428,-418],[-1418,-687],[-910,296],[-246,-23],[136,-273],[-619,99],[-209,272],[856,193],[-820,52],[-108,339],[236,197],[-346,542],[720,268],[-65,169],[210,320],[664,-169]],[[637977,948464],[-100,-29],[-28,76],[128,-47]],[[643263,950299],[136,-170],[-199,99],[63,71]],[[645001,950322],[-100,-23],[-28,75],[100,23],[28,-75]],[[644782,950473],[-28,-76],[-136,24],[28,75],[136,-23]],[[643799,950520],[-128,51],[102,24],[26,-75]],[[643263,950595],[246,-75],[-674,146],[428,-71]],[[643762,950717],[-99,-23],[-27,70],[100,24],[26,-71]],[[643226,950788],[173,75],[-346,-146],[173,71]],[[644281,951282],[-72,-198],[-646,268],[718,-70]],[[643736,951771],[26,-75],[-562,0],[536,75]],[[643981,951795],[-100,-24],[-26,71],[99,23],[27,-70]],[[729862,936701],[-99,-29],[-28,76],[127,-47]],[[733319,937091],[-127,47],[101,24],[26,-71]],[[688714,939519],[1337,169],[-1081,-757],[-656,94],[282,-268],[-355,-320],[-1338,616],[128,193],[-63,367],[618,-94],[100,-174],[-199,-99],[244,-122],[547,687],[436,-292]],[[691326,940225],[-101,-24],[-27,76],[128,-52]],[[690498,940695],[536,-470],[-927,-94],[235,193],[-90,541],[345,99],[37,-245],[-136,-24]],[[720400,940521],[-99,-23],[-26,75],[99,24],[26,-76]],[[691363,940521],[-102,-23],[-26,75],[128,-52]],[[691071,940521],[-100,-23],[-28,75],[100,24],[28,-76]],[[690943,940719],[-255,146],[383,-99],[-128,-47]],[[695328,940818],[-100,-29],[-28,76],[128,-47]],[[695838,941994],[-100,-28],[-28,75],[128,-47]],[[713197,943264],[-102,-23],[-26,75],[128,-52]],[[773021,927973],[-128,51],[102,24],[26,-75]],[[774733,927973],[-102,-24],[-26,75],[128,-51]],[[824296,968950],[-101,-24],[-26,71],[127,-47]],[[825715,972723],[328,-489],[18,-739],[490,-1026],[-54,-639],[128,-490],[-720,-611],[-435,197],[-620,-296],[-463,221],[309,245],[-683,122],[65,169],[-1301,810],[-437,687],[-1228,221],[655,931],[1155,908],[2438,99],[355,-320]],[[679825,950618],[-127,48],[101,28],[26,-76]],[[645773,951282],[64,-75],[-201,-99],[137,174]],[[645409,951865],[137,-169],[-273,0],[136,169]],[[674477,954147],[-128,47],[100,29],[28,-76]],[[644272,952039],[-26,-75],[-138,24],[164,51]],[[625860,966108],[-101,-28],[-27,75],[128,-47]],[[627769,966202],[201,-94],[-674,146],[473,-52]],[[627752,967966],[-100,-23],[-28,75],[100,24],[28,-76]],[[625605,968164],[-101,-24],[-27,76],[128,-52]],[[625359,968338],[27,-75],[-309,0],[282,75]],[[625767,968362],[56,-99],[-456,244],[400,-145]],[[627142,971081],[-65,268],[238,-98],[-173,-170]],[[674267,954416],[-173,75],[346,-146],[-173,71]],[[667345,957333],[-28,-76],[-100,29],[128,47]],[[646711,958556],[-100,-23],[-28,75],[100,23],[28,-75]],[[673530,985611],[-127,51],[101,24],[26,-75]],[[750334,994583],[308,-51],[-383,-99],[75,150]],[[751015,995096],[27,-75],[-165,0],[138,75]],[[753917,996447],[-28,-76],[-100,24],[28,75],[100,-23]],[[755272,997646],[136,-75],[-235,-99],[99,174]],[[763816,995463],[-201,99],[382,-146],[-181,47]],[[767463,999900],[99,-174],[-2719,-710],[-282,-316],[128,-244],[-383,-52],[-181,-391],[91,-145],[-491,-151],[-20,-438],[-527,-983],[564,-588],[-246,75],[-208,-466],[817,-296],[-681,-216],[-73,-297],[-873,-198],[-428,320],[164,245],[-500,221],[-2183,391],[-547,0],[100,-268],[-208,-222],[-1165,297],[-2320,-565],[26,268],[357,24],[-102,273],[-536,-221],[164,-198],[-136,-169],[-1347,-297],[-2512,-99],[-545,99],[100,273],[-201,47],[856,490],[-456,0],[283,564],[1747,193],[354,221],[-99,273],[1165,-296],[-575,466],[465,-71],[-136,268],[1264,711],[400,-99],[100,174],[-273,146],[238,291],[-93,146],[465,320],[3820,588],[1894,-588],[99,174],[-272,391],[901,320],[2000,-99],[1528,687],[1129,-99]],[[764434,997962],[-100,-24],[-28,75],[100,24],[28,-75]],[[764953,998917],[173,-170],[-310,0],[137,170]],[[761632,998992],[-28,-75],[-99,28],[127,47]],[[765234,999632],[-100,-28],[-28,75],[128,-47]],[[767791,999999],[100,-75],[-236,-99],[136,174]],[[923342,589230],[-1443,2894],[-425,2719],[640,2424],[992,2032],[248,1412],[-2161,4136],[-452,3721],[-1822,4174],[-1542,1364],[-5770,1370],[-1864,1265],[-7257,71],[-2234,866],[-2713,1891],[-2992,-1364],[-3055,-546],[-1211,870],[192,2070],[-1013,2226],[-1271,480],[-2359,-1205],[-1877,499],[-2219,-33],[-4215,-866],[-1799,1638],[40,1957],[1969,2673],[-106,1844],[-1398,706],[-5794,-3054],[-2934,-61],[-4634,1021],[-2989,1308],[-1312,1195],[-4299,-2456],[-2344,-649],[-1518,348],[-597,1882],[-351,2649],[-987,2263],[-1270,1680],[-5120,3242],[-522,1473],[-671,3561],[-1154,2927],[-1454,913],[-2303,-687],[-2341,-1195],[-2046,282],[-1645,4597],[-1562,2724],[-3271,-569],[-3888,-1247],[-1697,137],[-2372,2150],[-1631,2315],[-3916,4070],[-765,2926],[1729,1925],[781,1345]],[[813348,667533],[-1361,711]],[[821203,718547],[73,-734],[-237,-589],[382,99],[128,635],[162,47],[-272,494],[164,95],[-18,541],[933,1496]],[[822518,720631],[1642,0],[573,-221],[-28,-367],[391,23],[37,245],[-164,99],[382,47],[-272,99],[208,169],[873,-94],[-136,-174],[283,-315],[1163,291],[729,-99],[110,-291],[508,489],[655,99],[-173,-221],[173,-76],[173,123],[-26,268],[326,-292],[837,198],[510,-395],[182,296],[246,-174],[-383,296],[273,99],[-63,268],[1455,391],[1092,-391],[63,175],[-454,291],[1338,320],[218,-489],[573,414],[-391,268],[4475,885],[974,-123],[37,-343],[-164,-245],[127,-146],[-456,-785],[1010,-711],[-718,856],[318,518],[246,-174],[-90,245],[108,197],[501,414],[1520,123],[-493,296],[102,169],[1855,0],[99,174],[-236,99],[2348,781],[-638,-291],[465,-174],[1118,517],[-891,0],[63,268],[1602,297],[-63,268],[1373,221],[-247,169],[2138,711],[474,-99],[-100,174],[1302,513],[1855,395],[136,-273],[-163,-98],[355,-123],[-65,466],[283,221],[500,-23],[-63,-269],[327,490],[765,99],[581,-297],[63,174],[-127,94],[246,222],[1492,395],[573,-123],[-418,-296],[37,-343],[573,-123],[573,565],[-709,292],[3519,1105],[9462,1666],[1083,-320],[-1001,-880],[-181,-296],[99,-367],[1338,1496],[-90,442],[317,-75],[945,786],[3714,879],[4549,198],[4293,-489],[2838,94],[500,-513],[-199,-489],[0,-541],[672,-438],[91,-640],[428,-414],[246,169],[-455,443],[90,343],[-599,781],[182,786],[1010,809],[3130,-99],[-538,-268],[791,-221],[465,122],[-428,367],[1055,0],[-392,-367],[1120,-414],[246,170],[-856,390],[1702,123],[-355,-170],[1120,-320],[1092,391],[1738,-315],[-1440,-490],[392,-174],[1091,-99],[-26,273],[164,99],[-201,193],[428,24],[137,-367],[-383,-99],[828,-221],[101,174],[-347,98],[419,198],[-601,193],[938,24],[1237,-193],[73,-396],[545,198],[101,-122],[-164,-99],[63,-170],[7679,-983],[2001,-880],[2621,-390],[763,-687],[1202,0],[2948,-1275],[1237,-99],[865,-466],[-173,-414],[-984,391],[136,-123],[-136,-174],[646,-268],[-391,-320],[0,395],[-800,0],[355,-466],[-502,71],[210,-169],[-746,-786],[136,-315],[255,291],[292,-197],[318,465],[-454,-244],[108,541],[1120,315],[837,687],[428,-169],[-465,-419],[1638,296],[764,-687],[864,-221],[-99,-268],[1491,-390],[5059,-2941],[545,0],[73,-395],[3020,-1958],[3049,-2479],[-128,-193],[128,-146],[-147,-687],[-273,-99],[137,-221],[283,268],[80,-659],[255,95],[183,-391],[537,221],[-675,391],[-17,541],[-383,146],[28,273],[1592,-1007],[1675,-2155],[-311,-344],[391,71],[519,-955],[819,-636],[19,-343],[1691,-2498],[383,-1130],[235,-47],[966,-2696],[528,-931],[272,-1520],[236,-52],[19,-536],[346,-636],[126,-837],[419,-1026],[19,-541],[236,-343],[-54,-344],[346,-1124],[-91,-344],[236,-343],[-91,-245],[199,-541],[-17,-442],[201,-292],[-74,-588],[-473,-979],[-1764,-2696],[-774,-2724],[-1129,494],[-1200,-99],[-181,292],[-110,-292],[-910,99],[-1592,-617],[392,-367],[1528,589],[1092,-781],[2575,-612],[-275,-593],[56,-245],[-237,-47],[-764,-1275],[-546,-1567],[309,-489],[-128,-198],[128,-343],[-2383,-3185],[-255,-687],[54,-443],[-281,372],[-283,-419],[0,-343],[383,-489],[-465,75],[-63,-273],[309,-245],[128,-536],[527,-250],[-235,-244],[1145,-1468],[-1301,169],[-1483,1252],[1046,-1252],[2039,-390],[208,-513],[-454,-395],[164,-245],[-219,-489],[-274,51],[201,-343],[-210,-320],[-828,367],[565,-391],[-310,-1030],[210,-122],[218,489],[1047,612],[73,145],[-346,99],[454,588],[-382,0],[683,320],[2110,-1077],[1057,-1176],[391,-24],[253,-442],[-454,197],[573,-1105],[246,320],[-274,489],[65,268],[1600,-1567],[646,-75],[-1291,885],[-73,244],[209,419],[-536,-466],[91,339],[-783,640],[63,169],[765,-193],[208,-272],[-272,-95],[283,-122],[655,94],[136,-268],[-601,-99],[610,-414],[1165,193],[426,-216],[229,-565],[692,0],[828,-710],[-74,-640],[-746,-979],[273,-344],[201,-1030],[562,-1223],[184,-734],[-201,-198],[391,-23],[1202,-1374],[471,98],[610,-710],[255,-1228],[-428,-612],[-500,-122],[-73,-344],[238,-47],[199,-832],[691,-1177],[638,-541],[-56,-1223],[255,-588],[1338,-1007],[-1265,1106],[-17,536],[-164,146],[164,931],[-1001,1130],[-620,1566],[929,786],[-237,1177],[91,244],[-273,490],[819,296],[-938,-273],[-655,786],[-718,320],[273,343],[-428,-174],[-500,612],[0,640],[201,193],[-274,-47],[19,442],[-201,245],[273,343],[-383,-52],[-17,541],[-346,885],[819,536],[-164,443],[538,315],[872,0],[1165,-979],[864,122],[-1911,885],[938,268],[3565,-1567],[947,-98],[547,-786],[99,268],[-274,494],[465,24],[947,-687],[400,197],[609,-710],[-91,-344],[273,-687],[-318,170],[-65,-268],[538,-24],[437,-489],[1455,-99],[136,-320],[-36,-734],[-163,-47],[-56,-739],[-255,-390],[-1654,-1322],[-147,-443],[383,-197],[-638,-734],[-90,-1130],[-128,-145],[1074,-687],[0,-537],[-309,-442],[73,-1619],[783,-1421],[-128,-197],[35,-635],[493,51],[582,-1472],[-547,-1323],[-344,-51],[54,-734],[-273,-537],[-110,-785],[383,-490],[-19,-738],[365,-979],[381,-442],[-35,-1026],[-584,-1082],[-746,-636],[-108,-296],[91,-245],[-601,-734],[91,-635],[-273,-489],[428,367],[909,-687],[1856,-395],[984,-1172],[863,-419],[592,-955],[1373,-710],[-18,-734],[165,-443],[-138,-367],[319,414],[37,396],[-218,927],[-1265,616],[-701,1054],[-827,315],[-757,861],[1957,-663],[2829,-2772],[-110,-832],[-426,-1101],[-473,98],[-428,565],[110,-541],[672,-245],[110,-541],[-929,-927],[128,-99],[-72,-442],[-1001,-2009],[126,-146],[-491,-442],[201,-99],[-145,-931],[-348,-344],[19,-343],[-600,-1026],[-182,-786],[127,-146],[-127,-197],[454,-1177],[-562,-1030],[0,-635],[345,-833],[-146,-442],[-902,-222],[-1846,956],[1156,-956],[1628,-122],[-400,-1030],[-237,-146],[19,-344],[-564,-734],[-18,-832],[-255,-1177],[-473,-785],[-547,-320],[273,-979],[1184,1200],[128,541],[344,343],[-54,245],[328,880],[854,1618],[147,391],[-56,442],[655,1176],[493,245],[218,391],[17,640],[346,244],[-346,-99],[-1018,1374],[108,1031],[528,146],[-273,536],[928,1129],[-54,541],[964,734],[527,1130],[711,145],[-1001,0],[945,1619],[1766,880],[-382,-588],[17,-640],[-564,-537],[246,-75],[573,405],[182,602],[-91,344],[564,-245],[-90,343],[164,588],[-238,344],[164,94],[-90,296],[90,537],[-564,687],[746,-391],[-26,-663],[244,612],[-1072,983],[-255,687],[199,489],[-72,442],[-564,734],[309,490],[-382,786],[237,390],[-127,99],[17,442],[-891,734],[600,1863],[-128,438],[238,151],[-145,635],[-456,687],[237,146],[474,1228],[-147,390],[-346,47],[-54,443],[-646,122],[-610,710],[491,1078],[-91,640],[783,536],[-236,99],[272,588],[-218,640],[-928,1124],[-36,640],[181,589],[755,-372],[210,221],[-200,296],[163,344],[-599,588],[527,343],[191,1054],[800,391],[838,-99],[500,419],[1346,2254],[-19,343],[1184,932],[874,978],[190,565],[1710,391],[1602,1275],[355,-269],[-1328,-1176],[1219,588],[582,979],[-238,1030],[828,316],[692,983],[874,-99],[609,419],[147,536],[-529,541],[209,758],[547,-489],[1528,197],[428,414],[292,753],[37,-343],[-516,-843],[217,-1929],[-975,-1966],[-319,-1539],[-1731,-800],[1823,-2545],[-650,-2376],[2238,-1069],[407,-1359],[-187,-2207],[5202,-6347],[91,-1374],[-3499,-767],[-730,-1901],[-428,-5129],[1051,-1915],[2994,-1134],[865,-2263],[924,-1458],[-1701,-2936],[-2170,-1384],[220,-2682],[1978,-1510],[-860,-2211],[257,-2014],[-2138,-1294],[213,-4526],[-1013,-1854],[126,-3938],[-1417,-2381],[-6583,3053],[-10764,3270],[-2480,-569],[-5511,-4987],[-3740,-1511],[-13018,1337],[-1792,-461],[-1344,-1445],[-1172,-2818],[-2712,1256],[-987,-739],[-1763,71],[-941,1360],[-538,315],[-1703,-1793],[-2296,-1068],[-2772,-3002],[-2662,546],[-3790,-146],[-3202,-2352],[-382,-1017]],[[826852,720532],[-255,-99],[-173,170],[428,-71]],[[828153,720603],[-91,-47],[27,75],[64,-28]],[[824623,720603],[-91,-47],[28,75],[63,-28]],[[952690,668479],[100,-169],[-91,0],[-9,169]],[[952645,668752],[-91,-52],[26,75],[65,-23]],[[947331,674045],[110,-52],[-164,-98],[54,150]],[[947223,674238],[-91,-47],[26,75],[65,-28]],[[946940,674558],[101,-169],[-92,0],[-9,169]],[[946713,676445],[-54,0],[0,47],[54,0],[0,-47]],[[946640,676690],[-27,-76],[-64,28],[91,48]],[[959896,724941],[691,99],[2720,-1497],[73,-145],[-200,-292],[382,-442],[-164,-734],[1292,-1031],[254,-932],[-645,-418],[-510,296],[-1855,-296],[-547,494],[-791,23],[-363,391],[344,489],[-309,541],[856,541],[291,979],[-73,734],[-828,419],[-582,-395],[-300,663],[-491,146],[173,564],[582,-197]],[[829100,720701],[-91,-47],[26,71],[65,-24]],[[830090,720725],[28,-71],[-201,0],[173,71]],[[831037,720824],[28,-71],[-201,0],[173,71]],[[831283,720998],[-91,-52],[27,75],[64,-23]],[[975690,661619],[136,75],[-238,-244],[102,169]],[[976816,663383],[102,-268],[-357,-23],[-281,461],[428,122],[-28,-367],[136,75]],[[976589,663995],[219,52],[-173,-273],[-46,221]],[[976008,663896],[-65,-23],[-26,75],[91,-52]],[[974788,662720],[309,52],[-172,-268],[-137,216]],[[975398,663186],[100,-170],[-200,0],[100,170]],[[975208,663506],[-56,244],[146,198],[273,0],[-292,-640],[-71,198]],[[970203,664146],[454,-198],[-454,-151],[610,-23],[28,-268],[-610,-221],[-501,955],[473,-94]],[[969749,664682],[-93,47],[65,28],[28,-75]],[[971068,665148],[354,-123],[72,-541],[-1073,739],[392,221],[8,-273],[247,-23]],[[970011,665049],[-145,-292],[-318,565],[463,-273]],[[969185,666936],[1254,-781],[-1265,-221],[-718,1054],[729,-52]],[[968219,666202],[147,-443],[-528,396],[381,47]],[[968229,666715],[-209,75],[346,-146],[-137,71]],[[968411,667303],[-618,-193],[-102,268],[720,-75]],[[952935,668211],[-91,52],[65,23],[26,-75]],[[835395,721534],[-65,-23],[-26,75],[91,-52]],[[835330,721906],[65,-174],[-127,99],[62,75]],[[843919,723473],[-9,-174],[-90,0],[99,174]],[[844684,723863],[281,-70],[-382,-99],[101,169]],[[964435,722612],[-64,-24],[-26,76],[90,-52]],[[964362,722809],[-63,-23],[-28,75],[63,24],[28,-76]],[[964144,723106],[-91,47],[64,23],[27,-70]],[[925897,726047],[-91,47],[65,23],[26,-70]],[[857848,727712],[-91,47],[63,28],[28,-75]],[[919829,728568],[65,-75],[-201,0],[136,75]],[[910140,731043],[-91,52],[65,24],[26,-76]],[[902325,731904],[173,-75],[-273,-99],[100,174]],[[903045,731829],[-91,47],[63,28],[28,-75]],[[900107,732196],[-173,170],[599,98],[-426,-268]],[[849406,736732],[-65,-28],[-28,75],[93,-47]],[[862323,738590],[-91,52],[65,24],[26,-76]],[[974006,621211],[145,-640],[-346,-343],[127,-146],[-326,-687],[-456,687],[0,536],[292,786],[564,-193]],[[975152,626406],[309,193],[-381,-344],[72,151]],[[975735,628805],[344,-146],[-253,-931],[-1010,-1200],[-464,23],[454,687],[309,1323],[355,512],[265,-268]],[[976263,660024],[71,-245],[-309,0],[456,-47],[218,-1421],[-564,-687],[182,-489],[346,-52],[108,-635],[-900,-1299],[-938,-320],[-108,-536],[346,-151],[-19,-734],[274,151],[145,-442],[-164,-99],[235,-344],[56,-639],[346,-927],[-674,-885],[-145,-734],[1183,-640],[145,-734],[-219,-489],[-854,-635],[128,-151],[-420,-781],[692,-1764],[1109,-541],[584,-979],[36,-640],[-346,-339],[163,-249],[-182,-588],[-491,343],[200,-588],[-91,-292],[91,-343],[-381,-1322],[127,-297],[-91,-343],[418,-245],[255,-687],[-18,-536],[163,-151],[-54,-339],[346,-640],[0,-343],[-165,-99],[746,-1124],[-91,-833],[165,-984],[-128,-686],[128,-95],[-128,-197],[128,-47],[36,-885],[-1811,-1444],[-755,221],[0,536],[1730,2306],[326,1030],[-1055,1468],[-1074,932],[-417,833],[-755,611],[-4440,1275],[-1047,810],[-73,489],[346,99],[127,541],[428,513],[1555,809],[-236,391],[91,343],[-164,146],[-182,983],[56,932],[-127,880],[272,244],[-91,344],[128,146],[290,2159],[-91,537],[674,52],[218,489],[-200,343],[272,245],[-253,1031],[-601,437],[-56,1228],[-817,1322],[17,734],[-128,52],[74,932],[127,146],[-90,832],[646,612],[618,0],[437,687],[400,-198],[173,221],[-128,344],[755,320],[910,1176],[1010,414],[-236,99],[99,174],[902,-28]],[[970530,647527],[73,-979],[128,-98],[-219,-786],[-428,-414],[-354,611],[36,734],[455,344],[55,739],[254,-151]],[[971312,650520],[547,-297],[145,-442],[-854,-979],[-73,245],[127,197],[-127,99],[127,146],[0,536],[-164,687],[272,-192]],[[970521,652110],[246,-414],[-73,-442],[-418,390],[-36,640],[281,-174]],[[969393,657991],[-355,273],[573,513],[246,-221],[-464,-565]],[[971904,659266],[973,76],[-791,-273],[-182,197]],[[973042,660763],[127,-99],[-527,-490],[218,833],[182,-244]],[[972642,660810],[90,-47],[-164,-99],[74,146]],[[972523,661031],[28,-75],[-201,0],[173,75]],[[969358,657111],[26,-75],[-199,0],[173,75]],[[969784,663553],[73,-245],[-246,-122],[-45,367],[-173,28],[101,-174],[-246,-315],[-355,315],[0,343],[891,-197]],[[968956,664169],[65,-75],[-165,0],[100,75]],[[969429,664560],[-354,367],[346,98],[145,-390],[-137,-75]],[[979401,630250],[137,-71],[-137,-122],[0,193]],[[979510,630447],[-173,24],[-74,442],[201,0],[145,-390],[-99,-76]],[[979246,631450],[-63,-24],[-28,75],[63,24],[28,-75]],[[979173,632136],[-208,-122],[-138,367],[346,-245]],[[977408,633167],[201,-292],[-36,-541],[-392,-612],[-209,123],[-37,734],[236,343],[-18,344],[255,-99]],[[976608,645908],[-401,-338],[136,856],[175,-23],[90,-495]],[[977482,647678],[-91,-443],[-529,-395],[255,932],[209,221],[156,-315]],[[976972,653559],[428,612],[391,-29],[-610,-757],[-181,-99],[-28,273]],[[978954,653997],[-91,51],[65,24],[26,-75]],[[980228,656401],[-126,-245],[272,-494],[-683,-1002],[-1809,-268],[527,193],[219,296],[-54,442],[862,1101],[792,-23]],[[978891,663972],[683,-320],[1092,-1567],[-147,-1031],[-635,-1223],[0,-640],[326,-781],[419,-52],[37,-734],[-538,-809],[-865,-315],[-836,-1082],[-117,-659],[-1712,-687],[-763,-687],[-355,221],[-255,1031],[964,338],[-54,250],[891,1124],[-218,833],[-383,489],[419,245],[-17,348],[162,47],[219,833],[-400,1078],[-455,343],[55,442],[-165,443],[165,588],[-91,343],[601,245],[45,367],[318,-273],[110,296],[-56,537],[210,616],[1346,-197]],[[976008,660711],[36,-146],[-456,99],[420,47]],[[982339,657916],[511,348],[-210,-470],[-301,122]],[[982057,658876],[255,193],[99,-268],[-454,-99],[100,174]],[[986306,660711],[-309,-47],[755,955],[136,-221],[-145,-541],[-437,-146]],[[987234,661299],[54,-245],[-199,-197],[-74,738],[219,-296]],[[986752,662405],[828,-174],[-428,-320],[-437,296],[173,-367],[-346,-52],[-482,-856],[-318,122],[91,297],[-91,343],[437,781],[573,-70]],[[988107,662574],[-592,-70],[-244,367],[791,315],[45,-612]],[[984614,665468],[272,-146],[-108,-541],[-564,-687],[162,-245],[-91,-244],[184,-1374],[309,-589],[-419,-489],[464,268],[137,-268],[-610,-710],[-1965,-99],[-428,809],[-37,734],[601,833],[-54,442],[746,1031],[-128,98],[100,269],[-1118,-1689],[236,-151],[-465,-809],[-318,127],[-400,781],[-36,734],[127,197],[-127,99],[246,809],[471,193],[292,-291],[729,588],[326,-391],[-26,268],[363,490],[465,221],[664,-268]],[[980975,663553],[-218,244],[108,349],[164,0],[-127,-396],[73,-197]],[[980629,664390],[18,339],[527,198],[-363,-734],[-182,197]],[[985524,665322],[127,-151],[-283,-221],[-209,565],[365,-193]],[[993484,712787],[1701,-465],[-309,-245],[-46,-367],[-873,292],[-692,-588],[-910,0],[-936,710],[1509,296],[46,466],[510,-99]],[[991328,712322],[-64,-24],[-28,75],[64,24],[28,-75]],[[977363,664070],[63,-75],[-199,0],[136,75]],[[976926,664070],[-28,76],[55,0],[-27,-76]],[[979501,720654],[-65,-23],[-26,70],[91,-47]],[[977826,725360],[-236,-146],[164,-245],[-237,-198],[609,-710],[692,198],[536,-565],[-2856,292],[236,785],[-54,245],[164,47],[-346,588],[74,151],[936,122],[318,-564]],[[990790,712590],[538,75],[-173,-268],[-365,193]],[[981194,714185],[235,-885],[-819,99],[110,932],[474,-146]],[[981503,715949],[-93,47],[65,29],[28,-76]],[[978928,720236],[1092,-292],[508,-687],[683,169],[-73,-437],[-573,-24],[-100,-466],[437,-1176],[491,-442],[-128,-489],[91,-344],[-2210,2329],[-546,193],[-364,-292],[-609,414],[218,640],[454,438],[-199,588],[72,151],[573,122],[183,-395]],[[153241,406308],[287,3007]],[[152754,423379],[-1172,809]],[[151582,424188],[1053,282],[496,1007],[2778,2099],[941,1204],[1459,-151],[1869,838],[2422,169],[682,2743],[-1120,2160],[119,2409],[1312,2452],[2021,1143],[2789,936],[3212,344],[1041,1430],[-235,1896],[450,2677],[1134,400],[1217,-625],[1939,1581],[2096,-1130],[3213,974],[1262,1671],[2322,-2038],[3458,268],[318,-1844],[1424,-1449],[1918,819],[940,1529],[1051,1110],[1708,522],[790,3068],[1717,33],[941,918],[67,1562],[1006,856],[1196,94],[1953,1059],[2063,2564],[1492,3223],[325,3120],[-769,2169],[192,3166],[2538,2786],[1310,3058],[1049,574],[639,1181],[796,2640],[1017,757],[4430,974]],[[219623,483416],[3352,1774],[1163,-174],[1032,-1294],[212,-1397],[499,-1708],[923,-951],[2075,-6060],[97,-2470],[-1055,-4103],[2390,-3284],[1930,-3143],[1223,-3007],[1448,-4907],[1699,-8536],[591,-5293],[-398,-18369],[1400,-9575],[1836,-4291],[2454,-3312],[1981,-4527],[1541,-4338],[40,-7918],[445,-4310],[584,-2762],[1502,-2259],[299,-2573],[-79,-2490],[-754,-2733],[-1317,-3186],[-2432,-4074],[-931,-4381],[-54,-3147],[587,-3205],[1252,-2470],[489,-2376],[47,-2522],[-310,-2574]],[[245384,341471],[-1658,-423],[-3410,-52],[-5327,1915],[-10324,2179],[-1032,781],[-854,2169],[-1127,2126],[-3986,2715],[-5411,2649],[-4760,1365],[-10100,2079],[-5280,1548],[-3918,1897],[-7869,8902],[-3293,5684],[-2894,5749],[-2936,6578],[-2360,4324],[115,3877],[-349,875],[-2365,3096],[-2875,2320],[-2234,-334],[-1207,1957],[-1838,386],[-3076,-917],[-1775,1392]],[[293466,55135],[-1266,1774],[-1296,2508],[-1429,390],[-1855,-80],[-1934,-1134],[-4086,1181],[158,2503],[-248,1567],[-1078,880],[-629,4136],[-962,1407],[-5744,1087],[-3816,1632],[-1529,28],[-2054,-588],[-1053,748],[-2507,-1115],[-2562,-240],[-2054,-1505],[-2973,-3482],[-5499,-729],[-2522,3524],[-729,3552],[121,3011],[1053,2042],[-1249,2217],[-1163,2667],[-215,2932],[-2108,4164],[97,3816],[570,1759],[288,2014],[-906,1261],[-1433,457],[-1172,-716],[-106,-2969],[-973,-1152],[-978,2573],[321,3812],[-571,2272],[-1850,1412],[-49,1919],[688,1144],[655,5270],[-52,3740],[954,3026],[-455,2263],[528,1472],[-844,4546],[585,2418],[-265,1477],[-1069,2419],[-210,1633],[958,2009],[-231,2437],[-1824,1068],[7,838],[-1261,1468],[-709,14],[-1645,1651],[122,2164],[814,2861],[-25,4738],[-964,2532],[-244,2743],[924,1501],[167,1745],[-1170,1064],[-835,5387],[-99,3656],[1790,2762],[608,1797],[-683,1581],[-847,3976],[-3478,1430],[-1364,1473],[-1674,221],[-630,1374],[-56,1958],[-1661,2667],[-996,-781],[-1465,-89],[-364,1628],[-690,-1158],[-169,-2136],[-1162,-861],[-555,-4413],[-1878,-1219],[-933,1120],[-270,2117],[-638,2372],[-1376,-786],[-1185,-2000],[-1739,998],[-1698,-861],[-1677,315],[-2131,2216],[-645,2273],[558,2442],[-11,2804],[-403,3068],[176,2959],[-1581,2061],[1156,2066],[821,-231],[776,1092],[412,1919],[881,2155],[82,1238],[-2009,-372],[-1757,-856],[-867,1247],[-103,3575],[-1294,2546]],[[211003,252822],[1217,-62],[2145,626],[2245,3567],[3523,2550],[1519,1967],[1468,2028],[1023,3063],[2931,1331],[716,1285],[-759,795],[-1840,823],[-241,2061],[844,1680],[3390,2922],[1293,2743],[1259,1129],[2779,668],[1216,1845],[1417,804],[1430,137],[3001,3340],[603,1845],[559,2917],[2229,3223],[751,2621],[-189,1962],[-1462,1021],[-805,955],[293,2047],[1001,2183],[2641,612],[1653,-2377],[1067,-616],[1071,-1195],[-264,-1882],[856,-720]],[[251583,300720],[5865,-2235]],[[257448,298485],[6488,438],[3760,-71]],[[267696,298852],[1995,-884],[2178,414],[1927,-1266],[1645,-1863],[4240,-141],[1383,-1327],[-119,-1727],[1351,-560],[5781,635],[2722,-1736],[3291,-1501],[2915,-772],[2054,443],[1092,1529],[786,1750],[1250,744]],[[331100,269144],[924,-3233]],[[302608,126352],[3192,-753]],[[13726,517298],[333,1148],[-141,3388],[-861,2592],[718,3435],[-1422,1868],[-346,2371],[-1799,-522],[-746,847],[1347,2381],[57,2461],[-3404,-636],[-356,2367],[-1974,433],[-1883,-1087],[-3249,3393],[414,1477],[1892,-339],[4742,278],[1478,945],[739,2353],[454,3802],[3710,564],[1069,1713],[2080,1529],[1551,-282],[1614,-852],[1709,1821],[798,3981],[244,5034],[35,7303],[1248,12007],[845,13457],[472,22081],[-982,10756],[-6342,12878],[-6725,11321],[641,3119],[1656,890],[1386,2752],[2519,1906],[3073,-1845],[4269,19],[2000,551],[4999,2804],[3027,2414],[2652,428],[2229,1157],[3191,-282],[1036,710],[1507,3581],[1560,1595],[2347,1473],[6053,-61],[2947,611],[1446,-339],[-159,-2347],[863,-1177],[3441,-536],[3200,1035],[2073,5039],[35,2626],[435,1797],[1324,1346],[119,1232],[-2368,1158],[490,3773],[-1235,1318],[283,2682],[3342,1233],[919,2649],[-685,2202],[789,1195],[1435,-5],[3421,819],[4070,122],[2853,791],[-826,2013],[-3164,2193],[114,2795],[1245,880],[-653,1731],[938,1656],[2141,1581],[2744,461],[2123,2315],[2618,1120],[3834,729],[5134,3402],[3589,386],[1742,2837],[4851,1497],[2492,362],[3038,3764],[1132,-47],[1385,-2009],[978,456],[901,2306],[2530,249],[850,2009],[-667,1511],[512,2545],[2505,513],[26,2320],[-1548,955],[-2737,305],[-3065,3605],[-3669,1529],[-578,1581],[495,4578],[-755,6836],[-872,5590],[531,6352],[-129,5971],[-625,3138]],[[248666,648214],[-3227,-1924],[-2204,-5458],[-379,-1845],[645,-3326],[2784,-1233],[4941,-2931],[5386,-6875],[833,-4070],[1836,-3091],[1804,-2192],[31,-2461],[-562,-2362],[-1827,-2428],[-2033,-362],[-2151,117],[-1030,-404],[-746,-2217],[-297,-3025],[-823,-1440],[-1718,-371],[-2364,522],[-1308,-188],[-138,-2132],[1291,-1934],[82,-1980],[424,-3365],[-1133,-2192],[-1904,-852],[-1817,405],[-1072,1289],[-4673,1143],[-6271,-635],[-1172,-3731],[1504,-3567],[-475,-2343],[-886,33],[158,-2564],[-2304,-1642],[-3188,-955],[-1583,-1059],[-2835,795],[-2022,-277],[-1906,-1553],[-1937,-833],[-984,1016],[-974,-484],[-2236,-2701],[424,-1746],[2091,-2512],[1389,-2456],[2007,-2452],[973,-2658],[-826,-1449],[-2365,-1642],[-2643,-772],[-2664,-2230],[-831,-2028],[251,-2230],[1504,-1737],[1074,-428],[736,-1265],[2901,-631],[3041,781],[3114,-132],[2559,-1002],[1497,-1807],[1356,-2211],[1783,-1449]],[[227577,538476],[2053,-344]],[[229630,538132],[1797,-4898],[779,-4328],[477,-5087],[-983,-7043]],[[231700,516776],[-2493,273],[-1776,-1332],[-1686,-292],[-2262,457],[-1934,-1021],[-2035,-4014],[-456,-3947],[4275,-4560],[663,-3350],[55,-2366],[-724,-3379],[-2869,-4940],[-930,-3444],[95,-1445]],[[151582,424188],[-1177,691]],[[611336,324712],[-514,4996],[-901,2282],[-1478,909],[-1500,-203],[-261,2466],[-737,2131],[-742,659],[-2384,-2451],[-1373,399]],[[601446,335900],[-1737,1332],[-1516,2282],[-948,1976],[-241,2621],[588,2677],[49,2447],[-1242,2503],[-338,1637],[915,2875],[431,3717],[103,3416],[1116,3538],[2456,1676],[1288,155],[2312,4681],[2388,1882],[5153,2640],[1211,2513],[122,3383],[-535,1698],[-1329,1981],[-1109,2734],[223,2804],[732,2202],[1403,2861],[1195,3453],[-123,2645],[-1351,1755],[-2145,1496],[-3595,1600],[-870,1665],[1343,4065],[-583,2475],[510,2913],[1912,2701],[25,2517],[-1218,2296],[-4225,3421],[-1750,4592],[-6545,4131],[-2858,908],[-889,2306],[681,3185],[1861,5350],[1947,7448],[2107,4776],[2553,4451],[2294,2479],[2720,1125],[2019,1440]],[[713249,407136],[-968,-3199],[-754,-4108],[-2108,-3463],[-4820,-2950],[-3624,-1251],[-482,-1991],[281,-4234],[527,-1426],[-999,-2150],[-220,-2776],[-1677,-1991],[-945,-2300],[358,-2452],[-600,-2028],[-895,-2018],[226,-2108],[-2264,-3571],[-704,-2734],[1584,-2640],[19,-2122],[-1186,-1726],[3400,-3369],[305,-5755],[-1502,-2917],[201,-1920],[1324,-583],[189,-668],[-979,-2183],[655,-424],[-801,-2404],[1243,-1859],[-630,-1223],[-1955,-739],[-660,857],[-1937,-2320],[1069,-2226],[-1040,-2220],[-345,-1275],[391,-1671],[44,-1985],[-722,-2579],[-735,-414],[-889,113],[-407,-2131],[-1082,-1257],[-957,551],[-1245,-2174],[-1279,-536],[215,-2856],[-767,-1454],[-1327,-1186],[-1293,-6846],[-1189,-828],[-1585,-400],[-663,-2037],[-1200,-1195],[-2642,-137],[-1137,-1049],[-1890,1327],[-318,1952],[1082,2226],[-575,2197],[122,1482],[641,1421],[-990,565],[-1233,-1289],[-1450,-494],[-1399,-3628],[-2105,4790],[643,1148],[-793,2390],[-1597,424],[-1174,-1402],[-924,-208],[103,1177],[-1652,1472],[-87,2466],[-1291,-85],[-959,-1129],[197,-2136],[-82,-1670],[-1930,-2932],[-189,-2573],[-1544,-692],[-639,2324],[-4365,1600],[-2239,-3237],[-1864,-311],[-1429,1915],[-1268,504],[-521,1515],[-587,4291],[-1757,-61],[-1034,-1802],[-1161,-71],[-1290,-1002],[-1264,3199],[-2117,711],[-343,1548],[-1605,1035],[-1154,2146],[80,3152],[-2075,1633],[-1805,3416],[-414,2630],[-1621,-998],[-978,-155],[-1020,348],[102,3068],[-680,367],[-1520,-527],[-1049,2376],[-2467,-42],[-760,-2296],[-962,-1821],[-1511,-588],[-2019,447]],[[923342,589230],[-1061,-2903],[-83,-2249],[-2598,-3430],[968,-2442],[2208,-1190],[164,-918],[-949,-1680],[-2410,-1082],[-2203,386],[-2812,-692],[-183,-3599],[-717,-2781],[364,-4296],[2043,-3853],[-192,-3204],[-298,-2230],[517,-1341],[3228,-1083],[924,-1971],[1353,-673],[1090,-2113],[3043,-512],[5302,-2800],[600,-2912],[-740,-4353],[2779,-3745],[356,-1623],[-2658,-1609],[-1151,-2494],[172,-2301],[-1813,-2329],[-1257,-2536],[-657,-3058],[-2079,-1572],[737,-1967],[-38,-1143],[1387,-1995],[-1544,-2706],[-495,-1679],[2764,-5868],[-1034,-1246],[-2138,555],[-1391,-584],[-1254,2555],[-2400,682],[-2126,-804],[-1839,-1167],[-3403,-503],[-2019,-3619],[-1065,-1058],[-1038,-429],[-433,-823],[382,-1835],[-780,-1157],[-3300,-151],[-2045,461],[-3249,2847],[1359,1317],[-201,1976],[-4379,3129],[-592,3783],[-769,344],[-2430,-3045],[-386,-2672],[-1794,-1303],[-1752,992],[-1944,207],[-2115,-423],[-643,1219],[-1668,823],[-908,3204],[-3006,-2117],[-3749,1270],[-1542,-743],[-2355,80],[-1067,2254],[-1963,-461],[-1204,-2452],[-2341,-692],[-773,2442],[-1822,137],[-1106,1383],[-1572,513],[-1100,-1115],[-1611,-725],[-80,-2216],[-3043,-2094],[485,-2098],[1461,-772],[807,-1482],[-540,-1501],[374,-1976],[-1434,-3035],[-1733,-2254],[-2245,-122],[353,2640],[-948,1256],[-2288,-640],[-3183,358]],[[842824,487797],[-1873,3561],[-861,2922],[-1121,2649],[-5066,2673],[-1811,2155],[-332,1698],[-1457,1511],[-1966,842],[-5485,56],[-206,1483],[-799,2719],[-1343,2682],[-5499,4494],[-2419,2747],[-3656,6018],[-2492,3369],[-13679,10822],[-2080,3501],[-987,2658],[-8999,5698],[-1835,4465],[-1014,1247],[-2998,748],[-3168,264],[-3674,1242],[-3500,5006],[-3179,1026],[-825,1609],[-312,2277],[-2413,3609],[-2550,649],[-3027,-856],[-2611,-2922],[-2140,-70],[-2594,729],[-2823,240]],[[742030,571318],[1281,1120]],[[810806,668714],[2542,-1181]],[[153072,405353],[169,955]],[[245384,341471],[1647,-1915],[3600,-2155],[-1251,-2446],[1680,-1322],[682,983],[1325,-52],[1214,-1863],[292,-2400],[-85,-3185],[316,-1703],[2243,-1595],[1489,889],[1059,-1106],[89,-1270],[-515,-1393],[155,-1120],[1744,-2301],[333,-2639],[-758,-3374],[-920,-2602],[-865,-1341],[-737,-2451],[-800,-4239],[-692,-2113]],[[256629,298758],[-5046,1962]],[[470012,328490],[612,5350],[12,6257],[1324,10215],[2641,6192],[1902,6376],[571,3674],[135,2268]],[[477209,368822],[2466,99],[1955,828],[4487,-1463],[3862,315],[3146,1544],[3700,4526],[795,-325],[1187,-3345],[103,-3369],[-527,-1981],[592,-4465],[-957,-6013],[28,-6611],[-374,-6051],[507,-3679],[6321,-4978],[1389,-650],[1607,612],[6796,-4950],[2280,-1331],[1397,-1313],[1658,-3402],[2812,-4314],[3048,-5284],[1967,-4724],[959,-2936],[-975,-2974],[-1757,-1581],[-985,-1548],[-482,-2193],[-1033,-1312],[-2008,-1209],[-1080,-1332],[-844,-3637],[196,-2089],[947,-1092]],[[520392,286595],[3523,1506]],[[523915,288101],[632,-386]],[[524547,287715],[234,-682],[46,-617]],[[524827,286416],[-185,-724],[-2393,-2532],[-1483,-1039],[-1172,-2527],[-3297,-2960],[-3152,142],[-1889,898],[-2925,-1096],[-1709,419]],[[475537,422198],[2025,277],[2050,2851],[1641,843],[1844,334],[751,1520],[-480,1835],[-6753,8172],[-807,2541],[809,3082],[1228,2400],[101,2202],[459,3147],[1014,1040],[1222,240],[2842,3576],[2009,405],[1565,-203],[2269,-964],[4365,1110],[1976,1628],[1633,668],[1734,1435],[2161,4583],[1466,-56],[1415,-617],[1112,4207],[2575,4700],[3261,7086],[1535,1426],[6142,1788],[1768,979],[4330,3590],[2087,-71],[1527,927],[3299,3783],[3412,4813],[1780,212],[2134,1336],[4531,3797],[6835,-362],[4945,-2188],[9906,-2880],[4797,-1025],[2008,555],[1501,-927],[3619,-3472],[2695,470],[7068,3219],[2979,348],[2385,-1497],[3678,-5373],[2149,-1713],[2218,189],[870,1839],[1328,631]],[[601446,335900],[105,-4060],[-2441,-3675]],[[599110,328165],[-6716,-1896]],[[592394,326269],[-3242,466],[-2105,767],[-2188,2338],[-2116,560],[-3027,-800],[-2985,-3152],[-2251,-3821],[-3931,-5321],[-3137,-1026],[-1588,819],[-910,1698],[-1147,-823],[-729,-6474],[1303,-2998],[-917,-7674],[-1091,-1647],[-695,-1656],[317,-2239],[-471,-2174],[-3209,-2494],[-3504,1355],[-2816,-729],[-1034,339],[-899,-306],[-998,-2508],[-1746,-315],[-4713,2089],[-2954,-33],[-2082,2409],[-1118,2682],[-1266,1115],[-3909,38],[-3649,-2960],[-3040,-6079]],[[523915,288101],[-711,-71],[-1212,-936],[-1600,-499]],[[477209,368822],[-1492,4875],[-618,3458],[-1219,3680],[-2558,2776],[-2200,1444],[-1869,616]],[[524827,286416],[-280,1299]],[[592394,326269],[2760,569],[3956,1327]],[[611336,324712],[-1597,-1548],[-595,-2480],[-806,-7641],[-277,-3665],[1037,-2000],[-1671,-2348],[-231,-1656],[-519,-334],[-2775,583],[-1606,-1016],[870,-3548],[-1008,-4385],[-1724,-4296],[-256,-2654],[-1550,-950],[-2473,-5609],[-3368,-959],[-2332,-2184],[-2274,979],[-1127,-1510],[40,-2687],[-920,-1421],[-1591,410],[-1745,-438],[-1174,-1158],[-178,1064],[-701,682],[-1043,-2390],[792,-2743],[-760,-1760],[-1817,-2451],[-1367,-847],[-994,-1464],[-1602,518],[-543,-1021],[629,-2348],[-1862,-4446],[-706,-3223],[2021,-3736],[2417,-3059],[903,-1533],[-889,-3590],[-1137,-2099],[126,-1741],[-372,-1317],[-1153,-2085],[679,-1703],[425,-1844],[-714,-2607],[-1885,-3853],[-133,-2381],[110,-1929],[-665,-1468],[768,-2795],[25,-2362],[-413,-2132],[1172,-1614],[217,-743],[-1827,-3849],[369,-1934],[82,-2037],[1259,-936],[63,-1064],[-723,-738],[-661,-1548],[-1987,-104],[363,2659],[-707,2173],[-1178,-1359],[-2891,512],[-3479,-395],[-1445,-1632],[-1394,-2268],[350,-3054],[-729,-1576],[-4845,-6122],[-1776,-738],[-1967,-137],[-1943,-1995],[-1231,-2094],[-1211,-127],[-2726,2325],[-3857,371],[-999,1069],[-1983,98],[-1369,725],[-212,1308],[-1860,772],[-1645,1966],[-2439,584],[-1942,-753],[-2328,-4122],[-507,-2192],[-1927,-2381],[-732,-1614],[16,-3044],[-1734,-2574],[10,-1223],[-1574,-1191],[-1661,532],[-1532,1256],[-1081,457],[-1051,-541],[-1071,790],[-255,1652],[-811,1115],[-1002,94],[-2067,-2376],[-1888,47],[-1284,1171],[-561,1101],[-1589,-720],[-1860,1793],[-2390,1261],[-1071,-781],[-1470,372],[-2028,-1134],[-1443,-273],[-2107,1647],[-2501,-1708],[-2196,-984],[-2311,579],[-1558,-1068],[-573,-3496],[-1495,-927],[-1327,522],[-360,-1882],[-706,-2018],[1654,-2381],[-784,-2625],[-3928,-1134]],[[580595,565300],[-842,1426]],[[579753,566726],[-1118,3237],[152,1990],[1310,1844],[2536,5727],[-195,2987],[698,3364],[-345,4146],[-909,1407],[-2676,1477],[-1051,1186],[188,2268],[1457,837],[2722,75],[1692,1445],[-216,1769],[-1803,654],[140,1336],[-1110,1172],[-5827,2141],[-3111,3077],[-1427,2611],[206,3407],[958,4258],[-365,3613],[-2848,6931],[-3020,4781],[-1474,2884],[-2528,1106],[-4178,-1633],[-2480,-141],[-7099,2682],[-697,1195],[-272,2291],[-2112,2301],[842,2249],[575,2306],[-1449,1613],[-917,1713],[345,2037],[960,1939],[-1792,1807],[-1299,1966],[485,3247],[-845,1515],[180,1887],[3107,3675],[68,1698],[-1754,3011],[-2145,391],[-2810,-1374],[-11008,-3788],[-6659,76],[-2200,-1633],[-2083,-908],[-1975,1336],[-1417,3044],[-2148,3661],[-2364,2884],[-1694,777],[-943,1947],[-2009,-197],[-1415,-2009],[-1736,-4230],[-6438,-4475],[-2991,-1407]],[[464430,725957],[-5621,5086],[510,1323],[718,319],[-327,297],[-538,-273],[-108,739],[309,489],[-610,24],[28,367],[-173,221],[472,296],[-100,-174],[247,-221],[354,565],[-419,98],[646,221],[400,-395],[538,221],[-309,589],[63,174],[1665,-367],[-564,390],[564,0],[-528,198],[-36,339],[136,127],[728,-99],[46,-466],[782,-489],[-601,682],[128,197],[-74,245],[-317,221],[-1200,-390],[-1375,315],[819,687],[-309,151],[856,926],[-28,273],[1083,-174],[181,344],[-710,390],[938,221],[110,297],[2183,-588],[700,-1153],[1110,-536],[155,-565],[1092,193],[1154,-560],[-901,757],[-1163,-98],[-247,611],[210,174],[-1410,513],[345,640],[-427,414],[-2075,391],[210,273],[-501,320],[-764,-198],[-173,320],[164,339],[-309,197],[164,146],[-19,541],[564,541],[-164,146],[675,47],[-138,466],[209,466],[-272,146],[73,442],[564,52],[-527,94],[127,197],[-19,932],[164,146],[-91,146],[128,52],[91,931],[746,2499],[127,1129],[162,146],[-17,536],[346,1031],[-91,150],[199,339],[-91,150],[675,344],[-428,169],[246,1101],[-91,151],[128,47],[-93,146],[274,640],[-56,343],[675,1421],[-55,245],[318,-268],[355,216],[-638,245],[601,1129],[-54,343],[638,1713],[-93,151],[528,832],[601,1619],[455,438],[1220,2206],[235,52],[-19,438],[638,1228],[-91,146],[1892,3430],[1993,1985],[1346,588],[2138,-268],[-464,-320],[-692,292],[-145,-391],[-683,76],[128,-541],[-418,-636],[199,-197],[-162,-687],[127,-438],[-127,-99],[218,-1472],[426,-612],[-1081,-1101],[-155,-663],[173,-222],[17,-931],[1338,-1398],[2065,-315],[947,-1374],[-128,-146],[309,-541],[-127,-146],[927,-832],[839,-1374],[-56,-344],[346,-343],[19,-537],[272,-244],[-54,-250],[290,-682],[2184,-2451],[6323,-4729],[7497,-2941],[3567,-687],[2765,-98],[2475,785],[1345,979],[1057,0],[363,-687],[1373,-710],[73,-146],[-164,-198],[173,-320],[119,565],[309,-94],[37,-348],[-165,-146],[91,-146],[-491,-47],[128,-443],[-437,-687],[-927,-541],[90,-145],[-164,-146],[37,-344],[162,-146],[-125,-150],[199,-47],[-199,-391],[162,-99],[-162,-343],[207,-221],[355,320],[-236,291],[164,198],[-164,734],[1293,640],[-346,292],[-37,343],[783,833],[-19,343],[164,146],[-91,541],[164,198],[-711,687],[683,-372],[1239,494],[318,-273],[-491,-193],[400,-588],[899,-320],[-609,612],[382,99],[74,343],[-601,292],[791,320],[573,-268],[-173,367],[-1018,0],[-1665,809],[-255,292],[-37,343],[128,99],[-418,442],[528,443],[-538,-273],[-463,221],[327,833],[573,221],[873,-292],[-755,461],[537,28],[10,367],[1920,1398],[791,-320],[-164,-245],[246,-221],[9,367],[272,198],[-819,292],[1883,710],[1602,1082],[547,0],[253,391],[365,-198],[545,391],[136,-170],[-346,-390],[320,70],[610,419],[8,268],[282,-70],[-55,244],[210,221],[1637,880],[2293,490],[318,221],[9,367],[1128,99],[74,291],[1310,-193],[618,-588],[646,-75],[-527,198],[162,244],[-681,513],[-765,0],[1202,494],[1055,-494],[436,494],[1384,-197],[-37,-297],[-318,28],[536,-221],[1347,193],[355,-169],[-601,-52],[454,-438],[-491,-197],[1338,174],[500,-419],[-100,-174],[729,0],[145,296],[1273,-197],[328,395],[610,-762],[-783,-391],[1047,269],[-173,-466],[417,-47],[-272,-99],[99,-268],[1965,390],[182,-489],[402,0],[173,169],[-601,588],[1046,123],[-28,273],[274,193],[-1011,-367],[-1336,174],[2601,536],[-565,395],[465,170],[465,-414],[-274,-250],[564,-734],[-173,-367],[365,391],[718,-414],[-100,-174],[1773,-414],[-281,-466],[-947,-198],[-1600,-1764],[-1893,-588],[-1592,710],[346,99],[-127,296],[99,170],[-618,0],[246,-222],[9,-564],[1373,-560],[-1336,-1007],[-2585,-296],[-172,-560],[710,-245],[-456,-786],[90,-146],[-1846,-122],[-354,-320],[317,-268],[283,23],[-345,292],[281,174],[1701,24],[692,786],[-182,536],[-309,52],[210,268],[2110,292],[1491,983],[2039,687],[281,-24],[37,-343],[-964,-1374],[819,-541],[73,-536],[-164,-198],[491,146],[-327,-734],[-311,47],[283,-461],[646,1002],[46,466],[-938,1054],[927,833],[255,390],[-162,198],[63,174],[655,0],[173,169],[-236,292],[1081,517],[729,-390],[2401,-99],[247,-367],[-320,-320],[-646,75],[209,-272],[-800,98],[137,269],[-355,122],[-355,-268],[1475,-344],[726,-979],[128,-832],[1556,-612],[610,-715],[-164,-339],[855,-343],[-237,-99],[99,-273],[3567,-584],[1120,-616],[-136,-466],[99,-367],[-637,52],[346,-198],[-100,-367],[-437,490],[-209,-24],[-46,-466],[-428,76],[465,-565],[1083,414],[437,588],[-383,198],[210,169],[828,-414],[-783,-296],[201,-94],[-127,-443],[389,-418],[1020,0],[-99,-170],[462,-419],[610,367],[473,-734],[-927,-47],[91,-150],[-164,-193],[309,-395],[-273,-146],[0,-442],[601,-47],[-237,-542],[164,-47],[-128,-145],[329,-786],[426,174],[-100,-174],[392,-24],[473,-588],[182,193],[145,-682],[609,315],[-17,343],[454,344],[-128,296],[102,269],[1299,268],[-145,-438],[-527,-244],[201,-151],[-238,-344],[19,-343],[-274,-193],[246,-122],[510,682],[428,-216],[72,-245],[-500,-1205],[355,-1002],[-128,-442],[528,-344],[108,-442],[-126,-489],[282,75],[501,-710],[-127,-1130],[162,-489],[-273,-296],[865,174],[182,-490],[901,513],[72,245],[-355,-169],[-354,367],[209,611],[500,-466],[73,245],[-346,296],[491,146],[-63,466],[936,-122],[-309,-292],[173,-372],[182,297],[356,-123],[218,-395],[-73,-244],[-609,-316],[-219,683],[-391,-367],[63,-316],[1083,-320],[190,-663],[173,28],[-54,537],[136,320],[874,-297],[-100,372],[936,804],[-545,885],[-546,198],[-537,-273],[355,465],[720,175],[-428,315],[-247,-367],[-71,146],[235,494],[-709,437],[-410,664],[-545,-99],[-9,-367],[-272,-146],[309,0],[-74,-343],[-454,0],[344,785],[-125,245],[281,414],[-947,0],[-182,-489],[-281,75],[346,-198],[-419,-296],[127,-339],[-646,-419],[355,513],[-128,344],[238,395],[-755,315],[26,273],[-318,221],[-136,-371],[236,-193],[-173,-123],[-1155,513],[-110,344],[310,343],[55,442],[1010,612],[255,-390],[154,658],[209,123],[-28,-565],[420,-47],[555,-955],[1127,-687],[618,99],[-136,-269],[538,-221],[173,71],[-456,296],[865,320],[754,805],[-63,174],[437,-296],[-65,371],[320,217],[681,-217],[-527,94],[-109,-343],[210,-221],[1665,174],[-538,-75],[136,-170],[-381,-146],[100,-174],[1346,99],[318,320],[-609,-28],[-72,296],[1336,-75],[-1046,466],[-182,-292],[-573,221],[273,193],[82,466],[683,122],[-201,344],[309,296],[-463,513],[-1083,-24],[491,-197],[-91,-292],[91,-146],[-354,-122],[-984,682],[-1381,-390],[-74,879],[-618,-489],[-1228,518],[281,465],[437,-296],[-26,273],[208,216],[910,198],[291,-292],[255,391],[837,-99],[-136,169],[318,222],[2038,197],[1273,-296],[-172,-659],[1327,-734],[-173,-367],[428,122],[337,560],[327,-489],[320,122],[-210,565],[-984,-198],[-99,174],[164,198],[-1146,927],[1036,99],[-610,273],[-508,0],[-37,-297],[-2765,0],[-328,297],[-1965,0],[99,461],[-609,127],[-355,-320],[309,-443],[-754,-23],[-318,221],[164,536],[-255,589],[-1001,-47],[1291,879],[-108,443],[-465,418],[-244,-221],[244,-273],[-281,-122],[91,-146],[-164,-193],[127,-197],[-646,-221],[-318,23],[-73,151],[164,193],[-465,418],[-582,94],[-62,-169],[199,-99],[-318,-414],[-536,612],[499,466],[1165,-198],[936,1106],[55,437],[309,344],[-163,99],[72,244],[892,640],[-164,245],[601,734],[145,390],[-91,146],[238,344],[-56,541],[419,541],[-272,245],[281,414],[281,-170],[-91,146],[128,99],[-273,47],[-108,395],[344,734],[-891,391],[420,244],[-165,99],[0,443],[718,1002],[619,-588],[620,0],[6295,1764],[899,-24],[-272,-98],[201,-94],[-164,-198],[136,-174],[2438,983],[-281,170],[528,145],[-201,151],[272,99],[-272,193],[746,442],[-91,146],[609,612],[2547,884],[720,-710],[37,-245],[-201,-245],[36,-541],[1109,-343],[-527,-635],[893,-640],[-311,0],[174,-269],[364,0],[573,-418],[-236,-146],[636,-344],[-128,-145],[164,-391],[-382,-442],[201,-146],[-528,-442],[199,-99],[-91,-932],[201,-47],[-272,-146],[454,-640],[-201,-635],[274,-442],[-91,-344],[163,-47],[-91,-296],[91,-146],[-199,-198],[491,-536],[-109,-640],[-382,-146],[272,-99],[-209,-658],[1273,-1374],[1712,197],[1701,805],[72,344],[-491,98],[601,146],[-28,762],[391,-75],[218,640],[-164,47],[-73,541],[529,146],[-346,292],[137,371],[4621,-687],[909,-1176],[209,71],[-272,489],[281,-268],[328,198],[63,-269],[-162,-197],[428,-24],[63,170],[-201,98],[209,24],[247,-315],[-91,-344],[610,-127],[354,617],[-164,145],[746,198],[-1483,-174],[-1046,466],[391,221],[691,-391],[437,490],[255,-99],[281,414],[-35,249],[-600,193],[635,151],[-172,268],[538,-221],[-165,-146],[392,-320],[499,-24],[-672,0],[99,-762],[400,490],[437,-95],[1565,-785],[82,-565],[164,-47],[-54,-245],[281,-122],[-318,903],[128,99],[-73,443],[-856,47],[309,343],[-964,442],[164,146],[-491,443],[-236,1030],[-164,99],[136,221],[537,-518],[-273,-442],[383,-146],[-238,-146],[292,-390],[536,-221],[210,169],[-283,513],[-355,-122],[164,51],[-26,269],[655,-292],[-283,367],[419,292],[-464,319],[-327,-197],[136,273],[-864,513],[-683,-170],[164,193],[-128,245],[383,197],[-1074,443],[274,437],[-201,52],[127,146],[-164,52],[128,146],[-182,390],[-1074,734],[346,99],[-236,541],[346,390],[-819,443],[127,146],[-456,541],[128,146],[-309,343],[127,146],[-309,635],[91,348],[-236,146],[0,635],[127,99],[-200,47],[90,344],[-164,98],[164,146],[-17,833],[272,786],[-564,588],[500,-169],[101,268],[-419,47],[0,640],[346,343],[-273,193],[164,151],[-200,52],[54,536],[-165,47],[165,198],[-165,98],[128,94],[-54,838],[419,438],[-309,98],[346,297],[-201,146],[746,390],[-1183,541],[164,537],[-237,197],[237,391],[-456,-47],[-34,244],[272,198],[-272,344],[26,268],[-5240,1369],[-582,-193],[-437,-588],[-391,320],[236,47],[-236,245],[127,442],[-181,390],[-309,99],[527,442],[-173,170],[500,122],[-601,198],[637,489],[-309,146],[273,52],[-164,244],[382,391],[-346,296],[502,123],[-173,169],[854,640],[-199,94],[63,174],[1020,489],[281,-174],[-273,-47],[199,-146],[-490,-343],[309,-99],[-346,-292],[309,-150],[-636,-438],[128,-244],[-311,-250],[164,-146],[-527,-145],[237,-344],[-274,-99],[419,-99],[-419,-588],[1001,-343],[-318,-367],[1710,-193],[1701,903],[182,245],[-418,99],[746,442],[-164,146],[346,296],[-201,99],[529,438],[-419,150],[419,146],[-274,245],[274,47],[163,1030],[947,1275],[600,344],[18,343],[246,-268],[573,513],[-456,344],[929,536],[-92,442],[147,984],[564,832],[-273,146],[928,537],[-65,174],[1820,687],[1738,-320],[-272,-198],[127,-245],[-683,-512],[-1628,-810],[1410,-762],[1128,296],[1492,1276],[1373,564],[-1046,123],[-281,315],[54,244],[-292,786],[-681,419],[-1710,-99],[-802,687],[-763,-99],[99,170],[-318,122],[-2875,-682],[-3748,390],[-1483,-1007],[91,-145],[-290,-391],[-1475,-1327],[18,-339],[-309,-150],[127,-245],[-746,-437],[164,-151],[-1374,-710],[101,174],[-1483,611],[-391,320],[272,146],[-674,344],[274,98],[-237,339],[274,198],[-564,244],[-437,1078],[-54,833],[-164,150],[17,1031],[-164,489],[346,292],[-528,197],[247,24],[136,367],[-164,198],[382,343],[54,438],[491,343],[-162,249],[672,438],[-91,739],[310,146],[-91,437],[1492,1962],[419,146],[236,640],[637,343],[454,833],[2903,3063],[3494,391],[1928,-292],[874,-588],[-392,414],[318,367],[984,-1077],[463,75],[-528,489],[646,221],[37,-489],[728,292],[2110,-490],[0,-291],[437,94],[37,296],[318,-23],[-173,-273],[4985,-94],[4185,1369],[510,588],[1237,588],[1710,-786],[-9,273],[-609,123],[-191,564],[-311,94],[1038,739],[119,565],[791,-174],[-601,343],[419,146],[156,564],[644,-169],[-417,438],[1154,1007],[828,221],[-199,343],[435,1078],[274,47],[-127,244],[201,490],[-547,687],[-1301,809],[-828,122],[91,344],[-219,296],[-927,635],[-37,245],[201,198],[-182,390],[-1219,833],[-456,1228],[-400,489],[-1219,537],[127,931],[-199,99],[163,99],[-636,442],[-19,932],[-418,339],[163,99],[-128,343],[501,122],[-99,-169],[1118,-320],[583,-687],[1155,-268],[-746,489],[-119,466],[-644,24],[90,343],[-101,122],[-690,99],[-36,297],[2291,-198],[2439,-885],[5422,-583],[1738,-1205],[-165,-145],[310,-344],[-128,-343],[255,-292],[2101,-1398],[3712,-1571],[2875,-682],[16304,-1275],[10189,-198],[4840,-1275],[4294,0],[8078,-1369],[3712,-1374],[9862,-2056],[100,-174],[-273,-48],[173,-272],[364,494],[3422,-885],[471,-489],[1274,99],[1275,-589],[108,-494],[1602,99],[3383,-979],[584,-686],[1346,0],[837,-687],[2838,-1271],[1382,-99],[465,-320],[-164,-145],[172,-222],[837,0],[1347,-884],[583,197],[1010,-611],[-173,-367],[-1228,367],[463,-367],[765,-198],[400,588],[327,-489],[3048,-908],[-610,-169],[-2246,658],[1446,-564],[281,-217],[-127,-296],[101,-170],[646,24],[-529,292],[138,174],[1237,-588],[209,23],[-237,198],[64,169],[327,-390],[901,70],[-1009,-367],[-3494,494],[-3603,-296],[-12046,296],[-581,-296],[-2547,880],[-1128,0],[-947,-391],[-290,-489],[-356,611],[90,245],[-380,344],[-20,541],[-290,785],[-646,711],[-501,23],[-182,391],[91,245],[-428,418],[-2402,-1665],[-690,1270],[-1965,494],[-3411,-1694],[126,-193],[-72,-249],[-1438,-1614],[-745,-1520],[-456,-442],[-1864,-3797],[-1129,0],[-136,367],[199,146],[-36,442],[-217,292],[-575,122],[-473,786],[-908,296],[-502,-127],[-445,-1148],[-1420,490],[0,-396],[1411,-658],[-71,-391]],[[639556,661181],[4521,476]],[[645965,652783],[2274,-2795],[1551,-1722]],[[592134,749450],[28,-75],[-201,0],[173,75]],[[587940,749963],[-128,47],[100,28],[28,-75]],[[588431,750062],[201,-391],[-500,71],[-47,367],[-273,197],[465,123],[100,-170],[-128,-99],[182,-98]],[[592216,750109],[91,-47],[-236,-99],[145,146]],[[599895,750749],[173,70],[62,-268],[-235,198]],[[587832,751680],[-91,-52],[26,76],[65,-24]],[[598866,752193],[354,-75],[-244,-221],[-465,470],[355,-174]],[[600468,751802],[-65,71],[92,0],[-27,-71]],[[600541,751995],[-65,76],[91,0],[-26,-76]],[[602869,752682],[-63,76],[91,0],[-28,-76]],[[601851,753369],[-65,76],[91,0],[-26,-76]],[[599676,752659],[164,-146],[-600,-99],[28,367],[408,-122]],[[599994,756112],[-63,76],[91,0],[-28,-76]],[[599968,756531],[426,75],[65,-272],[-491,197]],[[599557,757976],[-218,-99],[-63,273],[281,-174]],[[565459,734845],[28,-75],[-201,0],[173,75]],[[568261,737979],[138,-71],[-201,0],[63,71]],[[569500,739941],[-65,70],[91,0],[-26,-70]],[[572593,740040],[-65,70],[91,0],[-26,-70]],[[567390,741117],[-65,71],[91,0],[-26,-71]],[[564977,741385],[-35,-146],[-92,0],[127,146]],[[567316,741409],[63,-71],[-236,0],[173,71]],[[567526,741437],[-56,245],[283,122],[464,-221],[-137,-367],[-554,221]],[[565459,741508],[-62,75],[99,23],[-37,-98]],[[565096,741705],[100,-75],[-236,-99],[136,174]],[[569573,742392],[26,-75],[-199,0],[173,75]],[[569245,742585],[99,-70],[-63,-24],[-36,94]],[[561458,740919],[-102,76],[102,23],[0,-99]],[[559082,743446],[-26,-75],[-101,23],[127,52]],[[559419,743470],[-63,75],[91,0],[-28,-75]],[[560729,743667],[100,-75],[-236,-99],[136,174]],[[566006,743568],[145,-494],[428,29],[-973,-29],[-209,565],[609,-71]],[[575140,743272],[-63,75],[91,0],[-28,-75]],[[574811,744157],[28,-76],[-199,0],[171,76]],[[567353,744938],[26,-71],[-199,0],[173,71]],[[560948,743959],[281,-169],[-418,0],[137,169]],[[558588,745723],[57,-75],[-127,-94],[70,169]],[[559884,745945],[-564,-391],[281,560],[283,-169]],[[558001,745921],[-575,-174],[138,367],[437,-193]],[[561021,746114],[-655,-588],[63,372],[-128,291],[720,-75]],[[561966,746213],[283,75],[-100,-273],[-183,198]],[[557564,746213],[-64,75],[90,0],[-26,-75]],[[555489,746213],[-63,75],[91,0],[-28,-75]],[[558174,746335],[-247,-221],[-283,372],[748,193],[-346,-99],[128,-245]],[[560156,747464],[491,-146],[-428,-127],[-63,273]],[[559564,747977],[-545,-390],[-692,197],[-8,-273],[-428,-221],[-791,221],[99,367],[583,-193],[545,490],[1237,-198]],[[560256,747977],[-9,-169],[-91,0],[100,169]],[[562139,745846],[-128,47],[102,28],[26,-75]],[[565968,745921],[-245,169],[538,222],[-293,-391]],[[567424,751116],[210,70],[-309,-339],[99,269]],[[567753,751214],[-65,71],[91,0],[-26,-71]],[[567535,755430],[-65,71],[91,0],[-26,-71]],[[565433,756922],[-328,146],[527,-95],[-199,-51]],[[562184,756997],[-63,71],[91,0],[-28,-71]],[[570410,756898],[-173,367],[309,-99],[-136,-268]],[[571783,764130],[-27,-75],[-101,23],[128,52]],[[572111,766431],[-93,47],[65,28],[28,-75]],[[599157,758465],[-62,75],[90,0],[-28,-75]],[[599449,758761],[26,-75],[-199,0],[173,75]],[[575721,760135],[-62,71],[90,0],[-28,-71]],[[581727,774839],[910,-99],[899,-809],[74,-245],[-273,-99],[454,-635],[-199,-249],[381,-146],[-236,-146],[491,-442],[-164,-245],[419,-47],[-309,-343],[382,-490],[-274,-99],[456,-343],[-164,-786],[236,-292],[-236,-296],[201,-99],[-201,-291],[164,-146],[-272,-151],[344,-588],[-199,-292],[235,-197],[-127,-541],[493,-146],[117,-466],[246,174],[54,-541],[272,-193],[-2419,-1816],[201,-146],[-456,-297],[383,-192],[-674,-245],[55,-245],[-164,-52],[91,-145],[-272,-99],[417,-99],[-355,-320],[-2501,-1200],[-255,-437],[856,193],[-1074,-734],[318,-367],[-1819,-589],[-209,269],[672,978],[-2538,-169],[-1237,1077],[-1636,0],[-720,711],[564,343],[-1519,123],[209,122],[-36,245],[-455,640],[236,98],[-164,94],[128,151],[-491,146],[819,390],[145,443],[-346,0],[419,884],[-272,193],[527,541],[-19,635],[274,48],[163,837],[272,146],[-309,442],[856,438],[73,244],[-164,52],[128,99],[-91,146],[1472,1811],[-272,198],[272,99],[-125,343],[4101,2866],[2767,395]],[[458837,733570],[-65,71],[91,0],[-26,-71]],[[462011,738986],[209,-24],[-73,-99],[-136,123]],[[464659,739941],[318,-174],[-381,99],[63,75]],[[462912,743173],[63,-70],[-199,0],[136,70]],[[511712,748664],[718,-564],[-683,-222],[-791,711],[210,273],[546,-198]],[[513312,748565],[283,-367],[-929,297],[646,70]],[[511883,749078],[-681,174],[-246,565],[683,221],[244,-960]],[[490241,751704],[-64,70],[91,0],[-27,-70]],[[489658,752193],[-63,75],[91,0],[-28,-75]],[[487003,754155],[173,-75],[-711,343],[538,-268]],[[486093,754936],[-65,75],[93,0],[-28,-75]],[[485537,755355],[-127,47],[101,28],[26,-75]],[[519608,755623],[-63,75],[90,0],[-27,-75]],[[485183,755722],[-136,75],[309,-150],[-173,75]],[[484454,756701],[-62,75],[90,0],[-28,-75]],[[524339,757778],[35,198],[392,-123],[-427,-75]],[[511566,744547],[-63,75],[90,0],[-27,-75]],[[513896,747191],[0,99],[99,-23],[-99,-76]],[[514367,747389],[-63,75],[91,0],[-28,-75]],[[512986,747784],[136,-75],[-601,-99],[136,367],[329,-193]],[[554507,748763],[208,-75],[-346,-99],[138,174]],[[559601,749939],[0,-489],[-973,414],[465,367],[363,-489],[145,197]],[[560001,750231],[136,75],[-272,-244],[136,169]],[[552759,751407],[1775,-1397],[-820,197],[173,-268],[828,-174],[-1664,-315],[-1738,1788],[1446,169]],[[564333,757289],[2756,-1200],[218,-734],[-564,0],[1001,-734],[35,-932],[-171,-418],[-473,98],[-502,-418],[1038,51],[-364,-687],[-527,-244],[54,-245],[-309,-245],[-19,-343],[-1047,-1398],[-2291,-1373],[-247,122],[-45,466],[-727,-99],[-228,565],[-928,541],[236,98],[-273,490],[91,343],[-536,612],[-1265,-122],[164,-198],[-64,-169],[-1310,98],[209,-320],[-71,-343],[-493,-442],[346,-292],[0,-442],[-536,-320],[-610,371],[928,95],[-1047,221],[-173,-170],[201,-99],[-318,-23],[-401,781],[-3057,1666],[-145,592],[-210,-122],[91,-150],[-136,-320],[-947,98],[-690,-390],[-901,908],[283,466],[1846,122],[-283,367],[-1009,-174],[-255,296],[-72,537],[136,419],[2074,489],[546,786],[1200,588],[3712,786],[2294,-198],[291,-489],[1529,0],[99,268],[-309,99],[1118,513],[1057,-99]],[[548684,753271],[-63,75],[91,0],[-28,-75]],[[561821,756898],[-63,75],[91,0],[-28,-75]],[[557746,757195],[-65,70],[91,0],[-26,-70]],[[536885,751774],[73,-146],[-201,0],[128,146]],[[544427,754056],[26,-75],[-199,0],[173,75]],[[546282,754447],[-63,75],[91,0],[-28,-75]],[[539623,756701],[-64,75],[91,0],[-27,-75]],[[557919,757317],[-65,-28],[-28,75],[93,-47]],[[558355,757562],[-127,-52],[26,75],[101,-23]],[[539332,757289],[-65,75],[93,0],[-28,-75]],[[542899,757976],[-65,75],[91,0],[-26,-75]],[[541078,757976],[-99,75],[63,23],[36,-98]],[[541188,758074],[-64,76],[91,0],[-27,-76]],[[536348,758074],[-64,76],[90,0],[-26,-76]],[[539258,758173],[-63,76],[91,0],[-28,-76]],[[539768,758371],[100,-174],[-163,99],[63,75]],[[537475,758272],[-100,71],[100,28],[0,-99]],[[539913,758371],[-63,70],[91,0],[-28,-70]],[[539587,758564],[136,-71],[-201,0],[65,71]],[[525721,758564],[28,-71],[-201,0],[173,71]],[[536530,758761],[463,-174],[-1191,-414],[99,268],[-491,146],[1120,174]],[[524994,757877],[-64,75],[91,0],[-27,-75]],[[485764,770035],[-62,71],[90,0],[-28,-71]],[[485838,770327],[-210,-71],[-108,438],[318,-367]],[[485756,770745],[-100,-28],[-28,75],[128,-47]],[[483728,757289],[209,75],[-64,-169],[-145,94]],[[483581,757388],[-63,75],[91,0],[-28,-75]],[[478769,771334],[-100,-24],[-28,71],[100,23],[28,-70]],[[479324,771404],[-64,75],[90,0],[-26,-75]],[[485537,770891],[-36,-146],[-91,0],[37,146],[90,0]],[[485464,771089],[-35,-151],[-91,0],[35,151],[91,0]],[[484964,771503],[-62,75],[90,0],[-28,-75]],[[484755,771823],[201,-99],[-638,245],[437,-146]],[[478914,771578],[-35,-146],[-91,0],[35,146],[91,0]],[[479506,771799],[363,-197],[-363,-198],[-536,320],[99,268],[437,-193]],[[477431,772388],[365,-198],[-329,-99],[-391,466],[355,-169]],[[478414,772580],[173,-70],[-272,-198],[99,268]],[[483581,772482],[-281,174],[346,0],[-65,-174]],[[477359,772679],[63,-75],[-199,0],[136,75]],[[483864,772604],[-65,-24],[-26,76],[91,-52]],[[476985,772703],[-90,52],[64,23],[26,-75]],[[476767,772802],[-91,51],[65,24],[26,-75]],[[477359,772976],[-9,-174],[-90,0],[99,174]],[[483546,772877],[-65,75],[201,-150],[-136,75]],[[483300,772999],[54,-99],[-391,269],[337,-170]],[[477359,773465],[37,-99],[-101,24],[64,75]],[[478587,773587],[-65,-23],[-26,70],[91,-47]],[[483354,773785],[-63,-28],[-28,75],[91,-47]],[[483281,773978],[-91,52],[64,23],[27,-75]],[[483499,774030],[-26,-76],[-65,24],[91,52]],[[482381,774740],[646,-320],[145,-343],[-382,-198],[456,-489],[-320,-24],[-335,664],[-865,512],[-2402,-588],[-583,-687],[-390,123],[900,861],[1347,588],[1783,-99]],[[540968,758663],[320,-367],[-893,442],[675,0],[-102,-75]],[[541260,758761],[283,71],[-382,-245],[99,174]],[[534820,758860],[-292,-197],[-209,268],[501,-71]],[[539513,758860],[65,-75],[-201,0],[136,75]],[[535257,758860],[62,-75],[-199,0],[137,75]],[[535683,758884],[-91,47],[65,23],[26,-70]],[[535466,758884],[-64,-24],[-28,71],[64,23],[28,-70]],[[542970,759053],[-9,-169],[-90,0],[99,169]],[[542689,758983],[127,-198],[-209,-122],[28,268],[-184,197],[-417,99],[655,-244]],[[528296,759326],[-26,-75],[-65,23],[91,52]],[[514140,783732],[-26,-71],[-65,24],[91,47]],[[524374,796600],[28,-75],[-127,0],[99,75]],[[597875,770204],[-90,99],[235,0],[-145,-99]],[[597484,770524],[-9,-174],[-92,0],[101,174]],[[597666,770717],[318,75],[-418,-244],[100,169]],[[597785,771136],[-193,-320],[-136,466],[329,-146]],[[601440,754960],[-90,51],[64,24],[26,-75]],[[600578,755623],[-292,-193],[-65,268],[357,-75]],[[676749,784856],[296,753],[826,-1167],[1526,-781],[2076,-198],[2911,1567],[1092,1666],[1738,-24],[-702,-146]],[[604497,785397],[-26,-70],[-101,23],[127,47]],[[597074,771823],[-91,47],[64,28],[27,-75]],[[597147,772312],[-91,47],[63,29],[28,-76]],[[596637,772510],[-63,-28],[-28,75],[91,-47]],[[591524,772510],[-71,245],[199,-99],[-128,-146]],[[596092,772656],[-91,-52],[26,75],[65,-23]],[[583947,773267],[63,-70],[-128,-99],[65,169]],[[685031,786037],[-65,-23],[-28,70],[65,24],[28,-71]],[[687431,786818],[5687,1840],[763,-297],[3422,495],[1055,-198],[-101,268],[3149,297],[-13975,-2405]],[[715803,789590],[-14088,-466],[7705,1200],[-136,-466],[318,-24],[136,221],[-99,269],[6368,686],[5751,-197],[1636,296],[392,-513],[-1155,-1529]],[[722631,789067],[-980,-287],[-5848,810]],[[721384,792850],[255,-244],[-973,70],[-101,367],[819,-193]],[[605917,798680],[-64,-24],[-26,76],[90,-52]],[[601704,799442],[-9,-174],[-90,0],[99,174]],[[600785,799513],[-162,98],[309,-145],[-147,47]],[[615488,799856],[-63,-23],[-28,75],[63,23],[28,-75]],[[617998,800642],[-91,47],[65,28],[26,-75]],[[617498,801108],[63,-76],[-162,-98],[99,174]],[[696019,802308],[-63,-24],[-27,75],[62,24],[28,-75]],[[693473,802797],[-65,-24],[-26,76],[91,-52]],[[693045,802971],[28,-75],[-238,0],[210,75]],[[619390,809342],[28,-76],[-128,0],[100,76]],[[842824,487797],[-1272,-1534],[-2641,-927],[-512,-4098],[1234,-518],[174,-993],[-906,-2794],[636,-1638],[-1003,-2075],[-1661,-1628],[-487,-2588],[2001,-2013],[-332,-2273],[-1460,-2282],[-2012,9],[-1090,-1284],[-14,-1760],[-1438,-583],[-2896,1063],[-2246,-2056],[-1787,-5],[-782,-771],[20,-1544],[-1453,-2141],[-206,-5114],[-2243,-1430],[2268,-10333],[2702,-1618],[319,-1341],[-796,-2198],[-1817,-1755],[-1664,-593],[-837,-2503],[-863,-1261],[-732,-498],[-1633,-15],[-521,-1223],[1510,-1778],[452,-1793],[-795,-2301],[-4300,-1247],[-1202,824],[1015,2945],[-1349,1289],[-1968,419],[-702,-649],[-1457,75],[-1680,-1468],[-1670,-42],[-970,-1304],[-47,-2098],[-880,-1520],[-1316,-555],[-1189,2159],[-743,767],[-1837,-1698],[-812,1195],[-1803,-1741],[-2851,-400],[-1222,282],[-1221,810],[-1347,4],[-1010,-1896],[227,-6483],[-1909,98],[-2650,1958],[-2543,-396],[-634,2381],[-2692,2668],[282,2607],[-715,1755],[1729,1764],[119,1736],[-2789,1807],[29,1835],[-2456,442],[-850,-2056],[-1660,-1378],[-1034,-301],[-2115,-2800],[-1261,-753],[-2035,1035],[398,-2084],[-2356,278],[-1927,2404],[-2494,861],[-791,-2155],[-2044,2047],[-1995,-1609],[-2592,1571],[-323,2597],[-2002,1177]],[[739887,570066],[2143,1252]],[[267696,298852],[-7804,14],[-2444,-381]],[[257448,298485],[-819,273]],[[231700,516776],[1891,-890],[6793,-7382],[3062,-2362],[1864,-1891],[1450,-2212],[739,-2785],[580,-3139],[45,-3006],[-473,-3995],[-1403,-4314],[-2077,-3779],[-3278,-4051],[-875,-1854],[-883,-7410],[610,-2108],[4297,-6089],[487,-4921],[980,-1840],[2294,-2108],[3525,-1957],[1020,-2357],[421,-1835],[-236,-2278],[-749,-4324],[-79,-2997],[-304,-3454],[1995,-6022],[2529,-2005],[2191,429],[1072,-1054],[-879,-1732],[-351,-2409],[951,-5495],[1030,-2057],[2970,-2230],[1718,-851],[1401,197],[1771,1929],[1817,2936],[1658,1751],[2176,301],[2026,-1031],[975,-2192],[854,-4296],[1343,-3101],[881,-2611],[82,-2085],[-1333,-1675],[-482,-1331],[-110,-3924],[-962,-1506],[-1415,-569],[-3868,931],[-1228,-1181],[-391,-3368],[751,-3172],[1226,-2376],[1945,-2743],[1916,-1981],[3636,-880],[1611,-988],[1521,-2023],[979,-2216],[841,-1228],[1885,-932],[956,-1990],[222,-2945],[-1955,-7279],[-25,-3148],[393,-3232],[734,-2391],[1364,-2385],[2446,-3275],[1629,-3571],[397,-2080],[-959,-8860],[545,-1788],[194,-1642]],[[483681,662245],[889,776]],[[579753,566726],[3845,-5520]],[[457095,478344],[-878,1332]],[[229630,538132],[1919,-221]],[[231549,537911],[2133,-913],[6694,-4192],[4269,-1204],[2960,-1831],[2285,-3053],[2154,-3604],[2196,-4296],[2427,-1384],[1256,-1265],[-401,-1882],[372,-1426],[2744,-3741],[498,-6041],[-1125,-8178],[1622,-7542],[4942,-9697],[5223,-8808],[3200,-7307],[5053,-7114],[14575,-13118],[6276,-4828],[2727,-419],[831,1652],[564,1760],[2397,-1421],[3928,-3736],[4763,-805],[5967,-339],[3013,1539],[655,1444],[331,1864],[440,1359],[1616,2588],[5184,1050]],[[424737,324133],[2611,470],[814,-296]],[[416260,299577],[-5514,1778]],[[353091,623874],[16044,-1905]],[[376109,529889],[3307,-5350]],[[231549,537911],[-3972,565]]],"bbox":[105.5235,55.5009,162.773,76.7542],"transform":{"scale":[0.00005724955724955724,0.00002125332125332125],"translate":[105.5235,55.5009]}}