{"type":"Topology","objects":{"muni":{"type":"GeometryCollection","geometries":[{"type":"MultiPolygon","arcs":[[[0,1,2,3,4,5,6]]],"properties":{"GID_2":"RUS.80.1_1","GID_0":"RUS","COUNTRY":"Russia","GID_1":"RUS.80_1","NAME_1":"Yamal-Nenets","NL_NAME_1":"Ямало-НенецкийАОк","NAME_2":"Krasnosel'kupskiyrayon","VARNAME_2":"NA","NL_NAME_2":"Красноселькупскийрайон","TYPE_2":"Raion","ENGTYPE_2":"District","CC_2":"R58020","HASC_2":"RU.YN.KR"}},{"type":"MultiPolygon","arcs":[[[7,8]]],"properties":{"GID_2":"RUS.80.2_1","GID_0":"RUS","COUNTRY":"Russia","GID_1":"RUS.80_1","NAME_1":"Yamal-Nenets","NL_NAME_1":"Ямало-НенецкийАОк","NAME_2":"Muravlenko","VARNAME_2":"NA","NL_NAME_2":"Мценск","TYPE_2":"Gorod","ENGTYPE_2":"City","CC_2":"NA","HASC_2":"RU.YN.MU"}},{"type":"MultiPolygon","arcs":[[[9]]],"properties":{"GID_2":"RUS.80.3_1","GID_0":"RUS","COUNTRY":"Russia","GID_1":"RUS.80_1","NAME_1":"Yamal-Nenets","NL_NAME_1":"Ямало-НенецкийАОк","NAME_2":"Nadym","VARNAME_2":"NA","NL_NAME_2":"Надым","TYPE_2":"Gorod","ENGTYPE_2":"City","CC_2":"NA","HASC_2":"RU.YN.NG"}},{"type":"MultiPolygon","arcs":[[[10,11,12,13,14,15,16,17,18,19,20],[-9,21],[-10],[22,23]],[[24]],[[25]],[[26]],[[27]],[[28]],[[29]],[[30]],[[31]],[[32]],[[33]],[[34]],[[35]],[[36]],[[37]],[[38]],[[39]],[[40]],[[41]],[[42]],[[43]],[[44]],[[45]],[[46]],[[47]],[[48]],[[49]],[[50]],[[51]],[[52]],[[53]],[[54]],[[55]],[[56]],[[57]],[[58]],[[59]],[[60]],[[61]],[[62]],[[63]],[[64]],[[65]]],"properties":{"GID_2":"RUS.80.4_1","GID_0":"RUS","COUNTRY":"Russia","GID_1":"RUS.80_1","NAME_1":"Yamal-Nenets","NL_NAME_1":"Ямало-НенецкийАОк","NAME_2":"Nadymskiyrayon","VARNAME_2":"NA","NL_NAME_2":"Надымскийрайон","TYPE_2":"Raion","ENGTYPE_2":"District","CC_2":"R58020","HASC_2":"RU.YN.NR"}},{"type":"MultiPolygon","arcs":[[[66,-23]]],"properties":{"GID_2":"RUS.80.5_1","GID_0":"RUS","COUNTRY":"Russia","GID_1":"RUS.80_1","NAME_1":"Yamal-Nenets","NL_NAME_1":"Ямало-НенецкийАОк","NAME_2":"NovyyUrengoy","VARNAME_2":"NA","NL_NAME_2":"НовыйУренгой","TYPE_2":"Gorsovet","ENGTYPE_2":"District","CC_2":"NA","HASC_2":"RU.YN.NU"}},{"type":"MultiPolygon","arcs":[[[67]]],"properties":{"GID_2":"RUS.80.6_1","GID_0":"RUS","COUNTRY":"Russia","GID_1":"RUS.80_1","NAME_1":"Yamal-Nenets","NL_NAME_1":"Ямало-НенецкийАОк","NAME_2":"Noyabr'sk","VARNAME_2":"NA","NL_NAME_2":"Ноябрьск","TYPE_2":"Gorsovet","ENGTYPE_2":"District","CC_2":"NA","HASC_2":"RU.YN.NY"}},{"type":"MultiPolygon","arcs":[[[68]],[[69]],[[70]],[[71]],[[72]],[[73]],[[74]],[[75]],[[76]],[[77]],[[78]],[[79]],[[80]],[[81]],[[82]],[[83]],[[84]],[[85]],[[86]],[[87]],[[88]],[[89]],[[90]],[[91]],[[92,93,94,95,96,97,98,99,100,101,102,103,-11,104],[105,106]],[[107]],[[108]],[[109]],[[110]],[[111]],[[112]],[[113]],[[114]],[[115]],[[116]],[[117]],[[118]],[[119]],[[120]],[[121]],[[122]],[[123]],[[124]],[[125]],[[126]],[[127]],[[128]],[[129]],[[130]],[[131]],[[132]],[[133]],[[134]],[[135]],[[136]],[[137]],[[138]]],"properties":{"GID_2":"RUS.80.7_1","GID_0":"RUS","COUNTRY":"Russia","GID_1":"RUS.80_1","NAME_1":"Yamal-Nenets","NL_NAME_1":"Ямало-НенецкийАОк","NAME_2":"Priural'rayon","VARNAME_2":"Priural'skiy","NL_NAME_2":"Приуральрайон","TYPE_2":"Raion","ENGTYPE_2":"District","CC_2":"R58020","HASC_2":"RU.YN.PR"}},{"type":"MultiPolygon","arcs":[[[-20,139,-18,140,141,142,143,144,-1,145],[-68]],[[146]],[[147]],[[148]],[[-2,149]],[[150]],[[151]],[[152]],[[153]],[[154]]],"properties":{"GID_2":"RUS.80.8_1","GID_0":"RUS","COUNTRY":"Russia","GID_1":"RUS.80_1","NAME_1":"Yamal-Nenets","NL_NAME_1":"Ямало-НенецкийАОк","NAME_2":"Purovskiyrayon","VARNAME_2":"NA","NL_NAME_2":"Пуровскийрайон","TYPE_2":"Raion","ENGTYPE_2":"District","CC_2":"R58020","HASC_2":"RU.YN.PU"}},{"type":"MultiPolygon","arcs":[[[155,-106]]],"properties":{"GID_2":"RUS.80.9_1","GID_0":"RUS","COUNTRY":"Russia","GID_1":"RUS.80_1","NAME_1":"Yamal-Nenets","NL_NAME_1":"Ямало-НенецкийАОк","NAME_2":"Salekhard","VARNAME_2":"NA","NL_NAME_2":"Салехард","TYPE_2":"Gorsovet","ENGTYPE_2":"District","CC_2":"NA","HASC_2":"RU.YN.SA"}},{"type":"MultiPolygon","arcs":[[[156,-93]]],"properties":{"GID_2":"RUS.80.10_1","GID_0":"RUS","COUNTRY":"Russia","GID_1":"RUS.80_1","NAME_1":"Yamal-Nenets","NL_NAME_1":"Ямало-НенецкийАОк","NAME_2":"Shuryshkarskiyrayon","VARNAME_2":"NA","NL_NAME_2":"Шурышкарскийрайон","TYPE_2":"Raion","ENGTYPE_2":"District","CC_2":"R58020","HASC_2":"RU.YN.SH"}},{"type":"MultiPolygon","arcs":[[[157]],[[158]],[[159]],[[160]],[[161]],[[162]],[[163]],[[164]],[[165]],[[166]],[[167]],[[168]],[[-6,169,-4,170,-145,171,-143,172,173,174,175]],[[176]],[[177]],[[178]],[[179]],[[180]],[[181]],[[182]],[[183]],[[184]],[[185]],[[186]],[[187]],[[188]],[[189]],[[190]],[[191]],[[192]],[[193]],[[194]],[[195]],[[196]],[[197]],[[198]],[[199]],[[200]],[[201]],[[202]],[[203]],[[204]],[[205]],[[206]],[[207]],[[208]],[[209]],[[210]],[[211]],[[212]],[[213]],[[214]],[[215]],[[216]],[[217]],[[218]],[[219]],[[220]],[[221]],[[222]],[[223]],[[224]],[[225]],[[-15,226,-13,227]],[[228]],[[229]],[[230]],[[231]],[[232]],[[233]],[[234]],[[235]],[[236]],[[237]],[[238]],[[239]],[[240]],[[241]],[[242]],[[243]],[[244]],[[245]],[[246]],[[247]],[[248]],[[249]],[[250]],[[251]],[[252]],[[253]],[[254]],[[255]],[[256]],[[257]],[[258]],[[259]],[[260]],[[261]],[[262]],[[263]],[[264]],[[265]],[[266]],[[267]],[[268]],[[269]],[[270]],[[271]],[[272]],[[273]],[[274]],[[275]],[[276]],[[277]],[[278]],[[279]],[[280]],[[281]],[[282]],[[283]],[[284]],[[285]],[[286]],[[287]],[[288]],[[289]],[[290]],[[291]],[[292]],[[293]],[[294]],[[295]],[[296]],[[297]],[[298]],[[299]],[[300]],[[301]],[[302]],[[303]],[[304]],[[305]],[[306]],[[307]],[[308]],[[309]],[[310]],[[311]],[[312]],[[313]],[[314]],[[315]],[[316]],[[317]],[[318]],[[319]],[[320]],[[321]],[[322]],[[323]],[[324]]],"properties":{"GID_2":"RUS.80.11_1","GID_0":"RUS","COUNTRY":"Russia","GID_1":"RUS.80_1","NAME_1":"Yamal-Nenets","NL_NAME_1":"Ямало-НенецкийАОк","NAME_2":"Tazovskiyrayon","VARNAME_2":"NA","NL_NAME_2":"Тазовскийрайон","TYPE_2":"Raion","ENGTYPE_2":"District","CC_2":"R58020","HASC_2":"RU.YN.TA"}},{"type":"MultiPolygon","arcs":[[[325]],[[326]],[[327]],[[328]],[[329]],[[330]],[[331]],[[332]],[[333]],[[334]],[[335]],[[336]],[[337]],[[338]],[[339]],[[340]],[[341]],[[342]],[[343]],[[344]],[[345]],[[346]],[[347]],[[348]],[[349]],[[350]],[[351]],[[352]],[[353]],[[354]],[[-95,355,356,357,358]],[[359]],[[360]],[[361]],[[362]],[[363]],[[364,365]],[[366]],[[367,-101]],[[368]],[[369]],[[370]],[[371]],[[372]],[[373]],[[374]],[[375]],[[376]],[[377]],[[378]],[[379]],[[380]],[[381]],[[382]],[[383]],[[384]],[[385]],[[386]],[[387]],[[388]],[[389]],[[390]],[[391]],[[392]],[[393]],[[394]],[[395]],[[396]],[[397]],[[398]],[[399]],[[400]],[[401]],[[402]],[[403]],[[404]],[[405]],[[406]],[[407]],[[408]],[[409]],[[410]],[[411]],[[412]],[[413]],[[414]],[[415]],[[416]],[[417]],[[418]],[[419]],[[420]],[[421]],[[422]],[[423]],[[424]],[[425]],[[426]],[[427]],[[428]],[[429]],[[430]],[[431]],[[432]],[[433]],[[434]],[[435]],[[436]],[[437]],[[438]],[[439]],[[440]],[[441]],[[442]],[[443]],[[444]],[[445]],[[446]],[[447]],[[448]],[[449]],[[450]],[[451]],[[452]],[[453]],[[454]],[[455]],[[456]],[[457]],[[458]],[[459]],[[460]],[[461]],[[462]],[[463]],[[464]],[[465]],[[466]],[[467]],[[468]],[[469]],[[470]],[[471]],[[472]],[[473]],[[474]],[[475]],[[476]],[[477]],[[478]],[[479]],[[480]],[[481]],[[482]],[[483]],[[484]],[[485]],[[486]],[[487]],[[488]],[[489]],[[490]],[[491]],[[492]],[[493]],[[494]],[[495]],[[496]],[[497]],[[498]],[[499]],[[500]],[[501]],[[502]],[[503]],[[504]],[[505]],[[506]],[[507]],[[508]],[[509]],[[510]],[[511]],[[512]],[[513]],[[514]],[[515]],[[516]],[[517]],[[518]],[[519]],[[520]],[[521]],[[522]],[[523]],[[524]],[[525]],[[526]],[[527]],[[528]],[[529]],[[530]],[[531]],[[532]],[[533]],[[534]],[[535]],[[536]],[[537]],[[538]],[[539]],[[540]],[[541]],[[542]],[[543]],[[544]],[[545]],[[546]],[[547]],[[548]],[[549]],[[550]],[[551]],[[552]],[[553]],[[554]],[[555]],[[556]],[[557]],[[558]],[[559]],[[560]],[[561]],[[562]],[[563]],[[564]],[[565]],[[566]],[[567]],[[568]],[[569]],[[570]],[[571]],[[572]],[[573]],[[574]],[[575]],[[576]],[[577]],[[578]],[[579]],[[580]],[[581]],[[582]],[[583]],[[584]],[[585]],[[586]],[[587]],[[588]],[[589]],[[590]],[[591]],[[592]],[[593]],[[594]],[[595]],[[596]],[[597]],[[598]],[[599]],[[600]],[[601]],[[602]],[[603]],[[604]],[[605]],[[606]],[[607]],[[608]],[[609]],[[610]],[[611]],[[612]],[[613]],[[614]],[[615]],[[616]],[[617]],[[618]],[[619]],[[620]],[[621]],[[622]],[[623]],[[624]],[[625]],[[626]],[[627]],[[628]],[[629]],[[630]],[[631]],[[632]],[[633]],[[634]],[[635]],[[636]],[[637]],[[638]],[[639]],[[640]],[[641]],[[642]],[[643]],[[644]],[[645]],[[646]],[[647]],[[648]],[[649]],[[650]],[[651]],[[652]],[[653]],[[654]],[[655]],[[656]],[[657]],[[658]],[[659]],[[660]]],"properties":{"GID_2":"RUS.80.12_1","GID_0":"RUS","COUNTRY":"Russia","GID_1":"RUS.80_1","NAME_1":"Yamal-Nenets","NL_NAME_1":"Ямало-НенецкийАОк","NAME_2":"Yamal'skiyrayon","VARNAME_2":"NA","NL_NAME_2":"Ямальскийрайон","TYPE_2":"Raion","ENGTYPE_2":"District","CC_2":"R58020","HASC_2":"RU.YN.YA"}}]}},"arcs":[[[790060,89291],[-1404,3359],[-2404,2821],[-4653,1437],[-4966,-414],[-7169,-2469],[-6296,-5422],[-2608,-767],[-2960,2231],[-1417,2433],[-347,3244],[1045,4488],[-543,2186],[-3257,-203],[-5033,-1904],[-1881,-2989],[188,-3544],[-1384,-6109],[-4999,-1922],[-5920,308],[-5229,3033],[-924,2733],[523,2433],[37,2275],[-5865,14000],[38,4629],[2717,3685],[4916,3403],[5735,5827],[2956,5740],[2487,5007],[188,3985],[1238,2539],[1020,5325],[150,6234],[-1676,1939],[-14828,8367],[-4289,9451],[-618,4840],[673,3041],[6956,9478],[2366,8543],[405,7220],[1626,6974],[1869,5801],[8967,10051],[1291,4866],[-2679,829],[-2412,2989],[-535,4355],[-25,5580],[-1271,1896],[-9970,4179],[-3089,2874],[2813,1481],[7742,1940],[3938,2107],[2445,2768],[3027,679],[940,-2328],[2956,71],[1948,1790],[-21,4822],[-518,3280],[1350,3456],[3670,6920],[-2320,5034],[-2303,3377],[-155,3870],[2734,4752],[1584,3932],[-765,1543],[-15755,17597],[-5731,4197],[-6635,2098],[-4163,3112],[-2232,4497],[2052,2671],[7796,397],[1455,1904],[1990,9927],[3988,6030],[3766,4594]],[[742396,366694],[1760,326],[707,1869]],[[744863,368889],[1371,1120],[4343,3076]],[[750577,373085],[6137,2874]],[[756714,375959],[6676,-176],[8870,-1790]],[[772260,373993],[18068,-819],[11964,-9],[12804,1234],[5451,5219],[3194,6330],[907,6612],[-548,5343],[-3499,4576],[218,8022],[3683,3033],[4372,1367],[6158,-3544],[4134,872],[1221,4100],[309,2645],[2404,2706],[6011,-1031],[17269,2398]],[[866380,423047],[11454,-8340],[748,-5043],[6684,-3588],[586,-4082],[1680,-4338],[2437,-3271],[-1584,-4302],[-4030,-2698],[-2240,-2548],[-2341,-3817],[384,-3958],[4151,-5281],[6634,-5722],[7458,-13454],[2128,-3085],[-3951,-1755],[-1810,-1710],[-96,-4391],[-2232,-652],[-1651,-2830],[1388,-4144],[3975,-3738],[1668,-2601],[1388,-9565],[2546,-2980],[5120,-1358],[4661,1746],[3851,9],[7152,-5378],[7529,-3421],[1743,-2424],[213,-1684],[-3373,-1852],[-3102,-573],[-1012,-1446],[1146,-987],[8657,-1869],[4159,-2583],[1459,-1746],[1501,-3376],[-543,-5026],[2675,-7150],[778,-3526],[-4273,-4655],[-5718,-3650],[-3165,-6163],[314,-2071],[2412,-1940],[1383,-2909],[523,-2839],[-1417,-3412],[-1388,-2019],[1680,-2266],[12211,-1111],[11320,2495],[3788,36],[1024,-2813],[-3474,-3738],[5986,-1887],[2023,-2777],[1923,-1419],[4085,-644],[4443,3827],[4331,1833],[3244,-749],[2082,-1225],[1183,-2143],[3971,-370],[1756,-2592],[681,-10800],[1375,-2266],[703,-3209],[-3436,-3932],[-866,-3103],[4034,-7864],[-1032,-3306],[3147,-8772],[778,-6613],[-1480,-2168],[807,-5563],[-280,-4541],[-11492,-7837],[-7683,-7776],[-6112,-3227],[-1262,-3209],[-489,-11805],[-3717,-4876],[-4335,-2962],[1196,-4091],[2935,-2248],[2947,-105],[2274,-1984],[1204,-1710],[1484,-6154],[1914,-2134],[3992,670],[2509,-1446],[-1953,-9900],[949,-3976],[-2211,-2919],[192,-2327],[2697,-3694],[535,-2345],[-1045,-4391],[-2354,-1807],[-180,-3394],[-919,-3879],[-6551,-5413],[-3081,-7468],[-2646,-1966],[-2717,-3879],[-4469,-3694],[-221,-2345],[-3236,-5563],[389,-3438],[-711,-4594],[-1455,-3614],[-13861,-15984],[-2086,-3359],[-916,-4329],[-2458,1728],[-2048,3879],[-3382,2336],[-748,5837],[-3662,4073],[-4603,-441],[-3323,5387],[-2007,4223],[-2449,2874],[-2362,1490],[-2734,573],[-5848,-5378],[-1685,-168],[155,3747],[-749,891],[-6421,-6454],[-2525,-211],[-7089,3024],[-5079,3844],[-268,4558],[-849,1851],[-9890,2283],[-1743,1288],[-251,9786],[-8724,652],[-7634,-1084],[-3486,916],[-7888,5290],[-3666,-652],[-2341,-3112],[-1555,-3994],[-669,-3412],[-3319,-899],[-3972,2239],[-5814,8472],[-4294,-1763],[-3152,1455],[-3758,2865],[-1989,2530],[137,2451],[1338,2284],[-11316,11337],[-2324,4929],[-2057,7767]],[[476525,141016],[-1463,828]],[[475062,141844],[130,1411],[1601,2283],[2232,-202],[1011,-2354],[-1471,-1561],[-2040,-405]],[[437824,292020],[-1840,344],[-1015,2028],[96,2036],[3812,1428],[2450,-1560],[807,-1622],[-1907,-1746],[-2403,-908]],[[347387,188473],[318,2443],[903,1983],[-209,1860],[-1727,3589],[402,2741],[5610,18911],[1889,4453],[29,3464],[-597,6136],[125,2363],[2897,3359],[121,2001],[-5363,9187],[1894,1155],[5944,7661],[4640,4690],[2191,4382],[-573,3130],[-2354,2310],[-14601,5554],[-7186,7520],[-3871,2566],[-1852,2980],[-209,2953],[-2617,1940],[-2989,-908],[-2015,4346],[-3996,6577],[-5176,6612],[-6621,7088],[970,1949],[443,3244],[-1100,4487],[-2704,4541],[-243,1340],[17800,8084],[4603,3165],[-1564,2769],[-3164,4090],[-5272,1869],[-12440,3650],[-11166,1005],[-4080,4973],[-2642,2504],[-3888,2071],[-5363,5987],[-3733,7679],[-585,4558],[1501,908],[3954,44],[4561,-988]],[[288282,389448],[7821,1129],[2550,-3253],[9209,-7212],[5661,-370],[9752,-2204],[2245,-1332],[196,-502],[-242,-326],[874,-1464],[848,318],[21,-503],[1003,-273],[-66,-1243],[6617,-1288],[2266,-916],[1655,-1473],[3135,0],[5836,-2565],[10100,185],[15241,2195],[2090,-732],[8102,371],[7227,-917],[4615,-917],[2178,-1287],[3048,0],[3570,-1473],[848,-961],[916,-3403],[1634,-1331],[4615,185],[1568,1102],[2241,-229],[-740,-732],[-109,-1975],[263,-555],[414,600],[42,1375],[1371,-141],[1045,925],[372,-2159],[958,-1834],[393,0],[83,643],[-848,1146],[196,1050],[916,458],[-130,467],[2504,1146],[1739,0],[372,1605],[1350,97],[-129,635],[522,555],[2329,1331],[501,-141],[-740,-731],[912,370],[2353,3306],[-568,361],[-21,697],[-1392,-926],[-67,688],[936,970],[1133,-732],[1371,591],[-1087,1102],[477,370],[88,1745],[-782,2751],[-393,97],[-435,1102],[218,273],[-828,1191],[347,1745],[1438,829],[-88,1014],[-2132,1278],[-1045,-1278],[1263,-2389],[-590,-141],[-1547,2891],[699,1102],[2504,970],[2244,2248],[999,3033],[916,1375],[-393,274],[9473,2248],[5484,370],[3048,1658],[1918,-741],[586,511],[-1175,459],[-347,361],[83,644],[2224,1190],[435,1014],[-481,2019],[699,1102],[21574,9601],[2420,2794],[-217,829],[2044,3218],[197,873],[-239,1058],[6334,2618],[4335,3165],[890,1975],[-414,961],[243,326],[-243,1975],[1526,820],[698,1102],[-1003,3403],[740,2107],[-305,644],[1525,2662],[-129,1561],[326,414],[-849,2989],[218,273],[-1200,2248],[-151,1429],[694,2018],[2659,1746],[2872,5325],[393,1746],[2788,4038],[20856,16072],[4443,4963],[870,2204],[305,2292],[1024,2063],[171,2390],[-326,1428],[393,1463],[-305,741],[740,1745],[-217,1931],[305,274],[-130,1930],[393,820],[-217,829],[301,273],[88,2116],[-218,185],[305,88],[-217,1658],[217,273],[-393,1005],[218,829],[-565,1375],[306,371],[-176,1199],[-3265,5042],[305,283],[-263,1648],[-652,1014],[130,459],[-5226,11205],[-4092,4038],[-1873,829],[-1175,1921],[-4506,4276],[21,1058],[522,917],[5272,8173],[-218,273],[740,829],[-46,829],[569,1190],[-305,555],[217,820],[-1091,2116],[-523,2389],[305,362],[-217,1014],[305,88],[-150,1243],[259,917],[-326,599],[305,185],[-326,688],[326,1878],[-217,282],[393,458],[217,1561],[1216,1834],[4595,3535],[10367,4408],[11755,3306],[8536,4038],[1371,141],[-1785,-1375],[1982,-415],[2002,556],[761,-970],[-481,-300],[1722,529],[502,-776],[42,-1013],[589,-45],[937,1147],[-393,458],[1003,88],[-218,653],[1957,1190],[-389,185],[389,643],[-828,274],[414,317],[2964,-176],[6358,2936],[4063,370]],[[577550,595378],[12901,-12801],[1116,-3033],[2834,-1508],[3457,-723],[2258,-2195],[815,-3376],[-326,-4470]],[[600605,567272],[-3261,-6701]],[[597344,560571],[-7157,-5871],[-4368,-1719],[-3988,-653],[-3415,1138],[-9791,9521],[-3164,1032],[-2855,-71],[-460,-7917],[2011,-13912],[-5911,-8896],[4594,-5422],[4339,-3341],[2103,-4620],[560,-4143],[1898,-3306],[5338,-3033],[17528,-2812],[6350,-9099],[1965,-1481],[3691,-97],[1567,-1084],[4394,-1182],[14246,2248]],[[626819,495851],[1514,1508],[-1004,-1578],[477,-1472],[-389,-556],[84,-635],[1919,-1842],[6333,-2980],[2529,-2204],[2959,-1472],[5661,-1649],[2504,-2618],[-239,-688],[-936,-229],[0,-829],[761,-53],[781,1111],[1321,-1464]],[[651094,478201],[-17018,-10191]],[[634076,468010],[-12474,-3324],[-8147,1428],[-3098,-414],[-2918,-1993],[-1605,-2539],[1409,-6171],[-1484,-4911],[-12466,-13594],[-15304,-19660],[-4448,-4171],[2446,-8507],[-197,-24721],[556,-17500],[4097,-5008],[5802,-1798],[29087,-3342],[4034,-2309],[1070,-5290],[-2487,-6136],[-7717,-7732],[-22218,-10959],[-11977,-4223],[-10505,-4558],[-5439,-4840],[-2081,-3368],[-1631,-3905],[569,-3236],[10864,-23671],[3399,-4303],[8160,-3958],[2366,-3368]],[[581739,259929],[117,-5413],[-318,-6410]],[[581538,248106],[-4886,-7555],[-5569,-6612],[-8745,-12008],[-1580,-7979],[-1764,-5580],[-6162,-3641],[-18042,-7882],[-7052,-4734],[-6839,-9566],[-6772,-11294],[-3859,-8419],[-3143,-5572],[-3549,-3421],[-8340,-4505],[-3909,-1172],[-2612,-4382],[-2224,-5616],[-18582,-18779],[-1709,-5184],[-2609,-5474]],[[463591,108731],[-6797,529],[-2341,-609],[-2011,-4293],[-5743,-6269],[-7483,-1366],[-14614,1781],[-2333,-3333],[-3144,-1252],[-8210,-1058],[-4828,-2592],[-4093,-458],[-1421,6903],[-2128,6603],[-1149,5361],[493,7388],[-882,6524],[-5121,8481],[-3143,2063],[-15631,-547],[-2065,1032],[-1931,9883],[-3549,6453],[-4695,6930],[-1713,4188],[3574,2089],[3177,5263],[-552,4955],[-1936,3306],[-4853,1772],[-5614,3562],[-5468,6453]],[[475062,141844],[627,-352],[836,-476]],[[612381,340280],[1843,2178],[-456,2213],[-1412,1111],[-2442,-750],[-848,-3412]],[[609066,341620],[581,-723],[2734,-617]],[[425258,361924],[67,-317],[-218,0],[151,317]],[[425672,363440],[-916,-370],[414,697],[502,-327]],[[424367,363537],[-217,-97],[63,141],[154,-44]],[[425521,364498],[694,-370],[-1216,370],[522,0]],[[429676,364454],[-326,-687],[-434,546],[-1221,-732],[-238,318],[305,740],[-999,177],[2504,1340],[409,-1702]],[[430726,365283],[-134,0],[0,88],[134,0],[0,-88]],[[428025,365830],[-1371,326],[-1810,-1243],[88,643],[1831,1649],[1785,370],[0,-1375],[-523,-370]],[[430504,366200],[155,317],[259,-361],[-414,44]],[[453454,394756],[-217,-88],[66,141],[151,-53]],[[511192,543988],[-129,0],[0,97],[129,0],[0,-97]],[[633207,497527],[-1024,-785],[-586,370],[1902,661],[-292,-246]],[[560942,588757],[330,-132],[-480,-185],[150,317]],[[559705,589815],[-134,185],[589,-317],[-455,132]],[[560771,590600],[150,-142],[-305,-185],[155,327]],[[414611,360231],[0,-282],[-130,0],[0,282],[130,0]],[[414962,360963],[0,-273],[-134,0],[0,273],[134,0]],[[423627,364269],[414,-141],[-175,-176],[-239,317]],[[349557,366385],[-134,0],[0,88],[134,0],[0,-88]],[[425672,368307],[-239,-503],[-1024,688],[-88,-829],[740,-273],[-150,-688],[-2069,230],[698,1745],[585,415],[1547,-785]],[[372895,369506],[-585,-599],[-765,414],[849,688],[501,-503]],[[363339,370194],[414,-327],[-765,-405],[-694,547],[1045,185]],[[374333,370423],[306,-556],[-590,-229],[-957,1287],[957,917],[243,-317],[-481,-555],[522,-547]],[[335360,371525],[197,-44],[-414,-141],[217,185]],[[329437,374461],[439,-185],[-656,0],[217,185]],[[337212,375334],[-501,-415],[67,-873],[-1397,371],[-1826,-1473],[-1484,917],[-435,-732],[-1129,186],[151,317],[-393,97],[217,273],[-414,230],[677,44],[-175,467],[-828,88],[590,317],[1220,-731],[2174,1833],[2353,-546],[1217,732],[418,-600],[-502,-502]],[[331987,375334],[150,-133],[-393,0],[243,133]],[[374225,372398],[-1112,-141],[848,872],[937,-414],[-673,-317]],[[338604,375334],[67,-133],[-568,0],[501,133]],[[370304,375889],[-2091,0],[2592,132],[-501,-132]],[[337647,375519],[238,-141],[-393,0],[155,141]],[[332856,375889],[67,-141],[-217,0],[150,141]],[[331920,376021],[130,-273],[-218,0],[88,273]],[[329002,376206],[0,-88],[-129,0],[0,88],[129,0]],[[333053,376577],[393,-97],[-326,-230],[-67,327]],[[337212,377352],[63,-132],[-217,0],[154,132]],[[299326,391132],[414,-141],[-564,0],[150,141]],[[556243,591331],[63,-132],[-217,0],[154,132]],[[557548,591702],[66,-141],[-217,0],[151,141]],[[563555,591702],[67,-141],[-218,0],[151,141]],[[559985,591516],[-1108,141],[1434,186],[-326,-327]],[[558246,591887],[585,-141],[-652,0],[67,141]],[[563471,592248],[-435,-546],[-1546,687],[1981,-141]],[[612381,340280],[-2320,97],[-995,1243]],[[555687,87642],[1806,-26],[1819,-2724],[-1204,-1455],[-2981,273],[-527,2187],[1087,1745]],[[271544,396272],[-719,-1604],[-1434,-1014],[130,-644],[-1045,-1649],[-4335,-2988],[-1806,970],[2592,502],[326,317],[-393,186],[1287,1155],[957,-186],[1459,961],[-434,1746],[-393,88],[88,1014],[2591,229],[586,873],[-2308,-1014],[673,1243],[1396,732],[761,-44],[-589,-688],[698,185],[2767,2522],[-786,-1376],[-2069,-1516]],[[301049,395673],[-218,-89],[63,141],[155,-52]],[[268563,395858],[-217,-88],[63,132],[154,-44]],[[274922,399349],[-218,-88],[63,132],[155,-44]],[[304986,390947],[243,-326],[-853,-591],[-606,917],[1216,0]],[[306011,391450],[-218,-89],[67,142],[151,-53]],[[307189,392402],[42,-124],[-217,0],[175,124]],[[305358,399446],[2241,-53],[1200,-1693],[-590,-687],[-501,590],[154,327],[-848,-415],[63,-687],[-761,317],[238,-1058],[-610,555],[-1020,-414],[-88,-644],[2220,-1190],[-151,-511],[-1200,141],[1526,-1102],[-263,-459],[-1024,-229],[-1564,1102],[-154,-502],[393,-371],[-414,-414],[-1200,1702],[414,687],[1200,-141],[-523,1199],[-849,-873],[-1287,1147],[-109,1058],[460,1419],[1196,-141],[20,881],[1288,961],[543,-502]],[[308535,399349],[0,-88],[-129,0],[0,88],[129,0]],[[308209,402153],[1982,-688],[-3006,273],[1873,-732],[-477,-370],[306,-643],[-590,-600],[-1806,1887],[1020,1058],[698,-185]],[[306993,402523],[63,-141],[-218,0],[155,141]],[[307599,402699],[67,-132],[-564,0],[497,132]],[[271460,399032],[-501,502],[827,0],[-326,-502]],[[303682,400134],[151,-141],[-389,0],[238,141]],[[300024,400865],[176,0],[-176,-546],[0,546]],[[290857,405415],[-63,-142],[-154,45],[217,97]],[[265190,391317],[410,-141],[-410,-44],[0,185]],[[265708,391864],[331,-317],[-393,-186],[62,503]],[[267539,397013],[937,132],[-1894,-873],[-2090,741],[3047,0]],[[264600,397700],[218,0],[175,-282],[-217,0],[-176,282]],[[263380,398432],[1003,-88],[-761,-238],[-242,326]],[[259768,398344],[-134,0],[0,88],[134,0],[0,-88]],[[261704,398661],[936,-317],[-1459,-238],[-1283,696],[1806,-141]],[[263271,398661],[-326,326],[828,-185],[-502,-141]],[[287998,196091],[-7186,2627],[-11325,1234],[-3841,3712],[-456,3764],[-2140,3888],[-878,4832],[664,943],[1932,-370],[6028,-4162],[1588,908],[1338,5581],[598,7776],[1346,5581],[-1417,7943],[-5330,8702],[506,11479],[990,5889],[-7754,7300],[-7692,-3227],[-6780,-732],[-6296,6780],[-9815,7732],[313,3623],[1831,5784],[585,4575],[-1421,3562],[-7361,2125],[-2784,2847],[-3754,1667],[-5598,723],[-2541,2406],[-389,2680],[-1890,3906],[-4130,6480],[-4234,2178],[-5497,1137],[-2755,4531],[-1351,3994],[-3348,2416],[-6254,2909],[-6559,6189],[-982,5202],[-2328,6427],[-16274,14838],[-15100,10288],[-4631,7979],[-4285,8895],[-1304,6780],[-2270,7979]],[[127767,416391],[67,2583],[-2772,12272],[5460,2425],[1312,2027],[284,1587],[4001,4673],[5317,2689],[5811,3967],[1814,3333],[3461,1490],[1647,3605],[6982,1534],[5384,2645],[3783,3765],[614,3870],[-3666,5695],[-2336,1552],[-4967,79],[-2696,1393],[3114,2769],[644,2442],[2814,1181],[9280,-1904],[2621,2169],[-778,3288],[-1856,3562],[-3783,1675],[-3649,3535],[3657,4056],[636,3861],[-2433,4408],[-7888,-388],[-5849,-2803],[-4309,361],[-2667,-758],[-8094,5986],[-1542,8385],[-4,5422],[-694,9830],[242,3711],[3541,2919],[2788,4046],[63,3994],[7876,6127],[1530,4585],[-1397,4108],[-3804,4197],[-618,2265],[1898,4735],[-7312,3129],[59,3985],[-5656,2725],[-3909,194],[-4055,-953],[-9777,7142],[-3219,1190],[-1539,-3174],[-3783,1313],[-1400,1949],[1567,2460],[-2403,3332],[-1108,3527],[2337,2054],[4247,1410],[1576,2460],[-1601,5061],[476,458],[-217,282],[263,547],[1196,1146],[176,-732],[2090,547],[1893,1516],[306,829],[1521,643],[263,547],[-175,1199],[-1087,829],[-435,1093],[606,1384],[6426,1331],[1283,-414],[2441,-2204],[-414,-688],[11057,-5510],[22733,-6065],[238,-318],[-2763,141],[-786,-555],[-694,555],[-589,-238],[129,-1005],[-414,-229],[-2178,1834],[-1454,-503],[326,503],[-155,1058],[1003,88],[-326,326],[-1308,-555],[-3461,511],[677,-1058],[1893,132],[-413,-864],[-1112,230],[1086,-644],[-476,-555],[393,-362],[-218,-282],[2241,-776],[1304,-1472],[4009,917],[1305,-1287],[2177,-362],[-150,-511],[761,-406],[4180,-370],[-414,-326],[4335,-1878],[21,-688],[1630,-1155],[2613,741],[937,-785],[-565,-1560],[2157,-2434],[3219,-546],[6793,-3491],[6534,-2019],[7662,-1288],[10363,-3120],[6271,-371],[2767,-1886],[957,-2108],[-936,-969],[-869,740],[-2178,0],[-4356,3491],[-1568,-555],[-936,600],[677,872],[-3223,0],[-590,-229],[218,-273],[-477,-97],[218,-273],[-569,-829],[590,-873],[-502,-2160],[3006,-1005],[393,-1014],[652,-273],[-218,-273],[565,-644],[129,-1561],[1702,-1199],[-155,-317],[1112,317],[-326,-687],[259,-547],[5815,-970],[42,-1375],[2917,-1560],[-217,-274],[351,-555],[4352,-3668],[3791,-1930],[-46,-459],[2743,-2116],[-477,-546],[88,-1199],[4594,-2063],[1371,-1332],[-3724,1702],[-1806,-414],[2132,-1473],[827,-1375],[1635,-785],[782,556],[2353,-371],[10363,-4408],[1982,-1516],[781,-1287],[-129,-1005],[1872,-1384],[-41,-820],[652,-274],[-130,-828],[389,-371],[-1697,-643],[305,-1014],[-786,-917],[-1697,-458],[568,-547],[-480,-273],[827,-741],[-740,-273],[151,-688],[-502,-414],[222,-1287],[-222,-274],[4226,-1745],[130,-1014],[916,-1190],[-218,-829],[238,-229],[1635,784],[-347,820],[-1091,467],[936,1050],[2613,-362],[1024,591],[-129,458],[1454,1517],[2855,599],[-242,688],[-1718,229],[589,688],[1656,-547],[259,732],[1981,-88],[1464,-635]],[[273597,535507],[-1146,150],[314,-3677],[3499,-4946],[1555,-4690],[359,-2415],[-3248,-3033],[2107,-3148],[10221,-7255],[9184,-11003],[6007,-11452],[8022,-37170],[681,-17861],[-1689,-15499],[531,-2169],[4151,-1014],[3328,-1983]],[[317473,408342],[7583,379]],[[325056,408721],[811,-829],[-2069,317],[501,-502],[-2152,-415],[-331,-317],[393,-185],[-589,-414],[-1898,1322],[-1137,-62]],[[318585,407636],[999,-1446],[-1869,882]],[[317715,407072],[-5016,635],[589,-1349]],[[313288,406358],[-288,18],[-849,1639],[4561,-608]],[[316712,407407],[-3327,2804],[-3269,626]],[[310116,410837],[593,-2443],[-5459,0],[-155,-1058],[1438,-273],[-1195,-317],[-4620,2019],[-1826,-556],[-4181,556],[-1392,-917],[-501,414],[480,362],[-330,502],[-2960,-2019],[1806,512],[-1020,-873],[-3486,-556],[-4962,1102],[-3223,-1648],[-1133,185],[502,-697],[-2417,-1146],[-8628,1473],[-756,-917],[3983,-741],[1656,370],[414,-229],[-393,-643],[1003,-371],[-2592,-44],[-238,326],[389,177],[-673,414],[-1200,-44],[828,-547],[-151,-326],[-2002,0],[-176,556],[-869,-741],[-523,370],[-196,-1058],[-652,-546],[518,-1102],[828,88],[175,-644],[-238,-229]],[[266582,399578],[-1722,600],[330,687],[-502,1058],[326,230],[-1459,-415],[88,-643],[828,-186],[-1526,-273],[1003,-917],[-765,-326],[-760,53],[217,1005],[-564,555],[740,362],[-502,414],[-1568,185],[-589,-599],[67,-503],[-937,230],[393,370],[-305,458],[590,415],[-5054,-1102],[-2003,-1658],[264,-546],[2065,-45],[-239,-511],[260,-732],[3745,362],[677,-406],[-154,-687],[1199,132],[-326,-873],[-1371,414],[-113,688],[-585,-414],[1175,-917],[-218,-459],[502,-599],[-67,688],[481,185],[-176,-1190],[-1262,-274],[677,-511],[7466,1428],[-1091,-829],[1179,-273],[175,-273],[-393,-185],[828,-459],[-88,-458],[-1024,-785],[-1459,141],[-175,-282],[330,-591]],[[265190,391317],[-853,133],[-196,-1058],[-673,784],[393,459],[-1200,-132],[284,-1058],[569,-186],[-1790,-97],[176,-1190],[698,-917],[1087,89],[-782,-1191],[-1634,-811],[1392,-890],[3311,2759],[3896,2063],[1308,1834],[-134,829],[611,1287],[3528,2292],[1743,1843],[-46,828],[786,1094],[2132,1384],[1417,2151],[4093,1111],[4962,-370],[5313,731],[1722,-1146],[-134,-1190],[393,-282],[176,-1922],[-1350,-1931],[217,-273],[-477,-97],[-108,-873],[326,-873],[-828,-1190],[326,-1058],[-326,-873],[393,-185],[-481,-273],[393,-644],[-568,-731],[953,-1173],[-7926,-926]],[[347387,188473],[-1526,1464],[-6241,-1587],[-12929,-1111],[-1986,5078],[-4201,617],[-10961,-1181],[-5284,5387],[-3620,1313],[-5610,-308],[-7031,-2054]],[[192603,387041],[-2040,1155],[-1848,-326],[-894,-2997],[1869,-1164],[2077,370]],[[191767,384079],[590,2081],[246,881]],[[224236,569705],[-134,0],[0,97],[134,0],[0,-97]],[[212150,583247],[-761,326],[414,229],[347,-555]],[[167388,609519],[6793,-2389],[3244,-3077],[4309,-2477],[1873,-2848],[3700,-3579],[610,-1384],[-2044,1102],[42,643],[-565,829],[218,273],[-2483,1561],[-1263,1930],[-2157,1702],[-3114,1146],[-5246,4540],[-2266,-176],[-4005,917],[-414,-141],[657,-362],[-590,-52],[-1722,1058],[915,-917],[-501,-688],[-2872,1102],[175,732],[1739,-362],[1744,1102],[3223,-185]],[[264513,399164],[217,-273],[-393,0],[176,273]],[[266582,399578],[150,-132],[-150,-53],[0,185]],[[267192,402699],[151,-132],[-393,0],[242,132]],[[267171,535815],[-67,-132],[-154,44],[67,133],[154,-45]],[[305772,402699],[347,556],[1459,-45],[-848,-687],[-958,176]],[[309689,407107],[2266,-546],[414,-873],[-2069,-1331],[-1915,916],[1108,-1057],[-585,-600],[-3658,-361],[-326,-230],[-25,-872],[-1217,731],[-1112,-1243],[1438,-361],[-1634,-415],[-5811,5555],[2851,872],[2763,-44],[88,-1014],[-326,-229],[-694,371],[-961,-547],[-1217,732],[-849,-970],[2329,53],[1221,-741],[259,556],[3833,185],[2525,1463],[1304,0]],[[313782,405829],[-498,317],[694,-194],[-196,-123]],[[305944,407848],[242,-141],[-393,0],[151,141]],[[278926,405503],[-129,0],[0,88],[129,0],[0,-88]],[[291053,405829],[67,-326],[-217,0],[150,326]],[[302115,406005],[326,-132],[-481,-185],[155,317]],[[284173,406190],[1199,-317],[-1199,-229],[0,546]],[[291902,408077],[610,88],[-677,-502],[67,414]],[[267343,535542],[-130,0],[0,88],[130,0],[0,-88]],[[269717,535683],[-175,177],[242,-45],[-67,-132]],[[256721,536917],[0,-88],[-134,0],[0,88],[134,0]],[[258894,542613],[-129,-88],[12,97],[117,-9]],[[262836,547435],[-347,-731],[-785,546],[175,741],[957,-556]],[[164361,607447],[916,-88],[-937,-414],[21,502]],[[159177,607359],[-413,-44],[-239,317],[652,-273]],[[158479,607818],[-62,-141],[-155,52],[217,89]],[[159721,608779],[67,-133],[-218,0],[151,133]],[[159286,608964],[238,-132],[-388,0],[150,132]],[[159027,609149],[63,-141],[-477,0],[414,141]],[[155106,609149],[-88,185],[155,-44],[-67,-141]],[[131571,621227],[-414,-326],[-502,688],[916,-362]],[[130634,622188],[-87,-547],[-761,873],[848,-326]],[[129740,622876],[-218,-88],[67,141],[151,-53]],[[129305,623246],[-63,-141],[-154,53],[217,88]],[[581538,248106],[201,11823]],[[634076,468010],[15731,9336],[1287,855]],[[651094,478201],[-359,459],[196,590],[586,45],[1417,-2531],[827,-634],[-568,-2672],[414,512],[1918,-371],[-1417,-2160],[-1087,97],[218,-828],[-393,-1288],[502,-1331],[-502,-1058],[915,-1005],[172,-458],[-305,-185],[305,-556],[-999,-829],[-1438,-2662],[-1785,-1190],[1350,-2204],[-936,-1429],[1546,1155],[-656,1288],[222,176],[-419,873],[197,687],[2659,1931],[476,1561],[1267,282],[-569,361],[0,829],[435,546],[1547,1332],[673,-688],[134,1199],[1174,829],[-393,273],[523,917],[2658,1931],[347,1005],[-652,185],[565,370],[-916,-97],[-192,1243],[1977,-599],[109,-873],[1200,141],[-393,-185],[-88,-829],[853,-590],[1567,731],[958,-731],[8360,2750],[1196,-44],[480,-1560],[2241,-1146],[7817,590],[-1526,185],[180,468]],[[685682,473009],[1973,-450],[-25,-564]],[[687630,471995],[-2194,-661],[-1781,149]],[[683655,471483],[322,-4707],[1007,-2689],[-3624,-2610],[-12374,-3712],[-543,-1939],[556,-2557],[11780,-21512],[1977,-5792],[5234,-6982],[5116,-5748],[3165,-2240],[12879,274],[3186,-1817],[4218,-4998],[1772,-3977],[1806,-2530],[2429,-1269],[1463,-2963],[276,-5386],[1095,-5669],[-1216,-3615],[1559,-4020],[150,-3482],[-3173,-6833],[2584,-714],[17097,2698]],[[790060,89291],[1120,-5025],[-1521,326],[-1722,-776],[-10865,-3897],[-468,-6392],[-1463,-2098],[-4356,-511],[180,-1702],[-11546,-10412],[-6835,-2371],[-4298,-371],[-1425,-1595],[-677,-2804],[-272,-3526],[-2826,-11920],[-4327,-987],[-10438,1304],[-5861,-1410],[-7608,-132],[-7173,670],[-8010,2310],[-8356,-2116],[-13803,-1411],[-3796,-1005],[-5414,-3165],[-8853,4038],[-6710,5598],[-12035,8596],[-6203,5404],[-3662,4770],[-3600,7405],[-990,3571],[-3232,3042],[-4861,679],[-4540,2406],[-4185,309],[-2663,-600],[-7194,-5624],[-2884,-9],[-1325,2671],[-2638,2557],[-13921,5545],[-4564,2513],[-7387,-1093],[-4678,-1473],[-4744,459],[-4615,-520],[-4511,-2301],[-5715,-1385],[-21365,-1489],[-4059,5386],[-5322,4646],[-2061,1340],[-2065,-114],[-1509,1560],[-8925,794],[-17866,-732],[-4444,2442],[-5597,8984],[-3152,1578],[-2634,7503]],[[653715,470064],[264,732],[652,0],[-523,-1005],[-393,273]],[[655697,475988],[238,-229],[-171,-643],[-657,0],[-606,1014],[1196,-142]],[[654480,476720],[151,-132],[-217,0],[66,132]],[[742396,366694],[469,564],[1998,1631]],[[656483,474701],[-67,-502],[481,-459],[-393,-828],[673,132],[-958,-1278],[1547,1146],[631,1789],[1309,-1287],[-155,1243],[393,0],[978,-1975],[-1459,-1146],[-1174,-2116],[-1698,-1005],[-305,-1014],[-1960,-1287],[-176,3033],[656,644],[389,1375],[765,229],[-765,503],[657,1199],[171,1375],[-828,185],[1288,44]],[[657202,473925],[476,-96],[-413,-230],[-63,326]],[[662753,474516],[63,-132],[-130,0],[67,132]],[[659639,474931],[67,141],[150,-53],[-217,-88]],[[653958,477276],[238,-688],[-740,361],[-88,644],[590,-317]],[[192603,387041],[-836,-2962]],[[287998,196091],[1174,-3853],[2801,-3553],[-3729,-5395],[669,-5061],[-1087,-2654],[-7253,2830],[-8490,5652],[-2420,573],[-11563,-8684],[-3821,-4250],[-4648,-1763],[-4423,-2848],[-2475,-3447],[-2579,-520],[-1793,3923],[-1133,1085],[-2876,-1393],[-11651,132],[-4565,-1243],[-664,3306],[-1530,3077],[-10593,2618],[-4022,3853],[-1617,4699],[1124,5501],[3771,8358],[-393,2830],[-2157,3253],[-2964,2222],[-3833,-44],[-10765,-4690],[-3060,-318],[-6086,5457],[-3261,1323],[-22247,-2980],[-3683,168],[-12997,-4541],[-5731,-1287],[-4586,608],[-3950,-1040],[-9134,-4135],[-4410,952],[-3905,-3006],[-6985,-150],[-4866,688],[-4335,-441],[-3653,-1966],[-3019,-3236],[-3298,-2168],[-3967,-1305],[-3545,-238],[-4197,2909],[-3143,3015],[-552,2063],[-50,3483],[-632,2019],[-1847,3068],[-10301,4787],[-5037,1596],[-1893,-283],[-5702,-3270],[-9026,4320],[-3256,3050],[-1054,2275],[-209,2274],[5648,3068],[3645,2795],[2233,3615],[1530,4963],[-1050,3809],[-2349,4152],[-1919,1993],[-196,1807],[3177,6718],[-30,8587],[1543,9257],[840,9345],[-2566,1658],[-5084,1252],[-9773,6920],[-1050,2971],[143,4497],[-933,2362],[-2830,2875],[-1881,5016],[-7340,6938],[-2634,1746],[29801,13595],[611,4778],[1488,2231],[2964,2600],[-686,2266],[-1894,2777],[3219,1605],[1196,3941],[3173,2309],[861,1914],[1149,4655],[3871,4496],[2789,996],[4176,-1675],[-778,3694],[-2704,4629],[2997,2856],[159,2372],[949,3429],[2328,2980],[2964,1419],[6074,688],[3720,2883],[4624,2195],[6024,7265],[2951,2116],[7575,-882],[3373,829],[3361,4135],[3829,2124],[4394,1279],[932,1895],[677,3615],[6580,2618],[5154,132],[9866,6992]],[[684002,472312],[-155,141],[222,0],[-67,-141]],[[702311,474199],[0,88],[134,0],[0,-88],[-134,0]],[[699523,476949],[1547,-590],[242,502],[-1003,362],[2504,-503],[88,556],[1220,0],[2329,-785],[-481,-185],[88,-459],[1024,141],[590,-1243],[-1811,-414],[-1304,917],[-1567,0],[-853,414],[330,512],[-439,546],[-585,-229],[393,-829],[-1547,-229],[-848,414],[217,283],[-916,1278],[502,414],[-238,-502],[518,-371]],[[675139,481172],[0,97],[130,0],[0,-97],[-130,0]],[[656416,484117],[155,132],[-26,-132],[-129,0]],[[658050,484620],[-154,141],[217,0],[-63,-141]],[[659267,484805],[-151,141],[218,0],[-67,-141]],[[643745,497341],[-154,-52],[-63,141],[217,-89]],[[646291,506105],[-150,141],[217,0],[-67,-141]],[[649013,507075],[0,88],[129,0],[0,-88],[-129,0]],[[657005,532007],[63,-141],[-911,0],[848,141]],[[654761,571997],[305,-458],[-393,185],[88,273]],[[772260,373993],[-13059,2284],[-2487,-318]],[[750577,373085],[-8181,-6391]],[[683655,471483],[3975,512]],[[685682,473009],[-4,731],[1200,776],[781,185],[197,-687],[4419,-2619],[413,141],[-2044,1190],[-547,1058],[-2065,873],[1805,229],[1827,-731],[4532,1648],[1567,-1102],[585,873],[-652,732],[590,53],[1567,-1473],[2960,-1287],[1221,732],[3135,-2204],[2588,688],[-1196,414],[-1655,-547],[-937,1058],[2329,591],[1567,-917],[1572,0],[151,-502],[-306,-371],[239,-229],[326,44],[87,1014],[-3808,1702],[-1392,1833],[-4531,732],[-2763,1702],[2566,917],[-1371,1057],[-1739,-370],[-3833,926],[-849,-970],[305,-1190],[-656,-459],[393,-1745],[-1283,-970],[-2876,0],[-2872,1658],[-3136,731],[347,556],[6706,-185],[1459,775],[351,1199],[-502,1517],[-3486,1102],[-1631,-415],[-20,-1789],[-1656,0],[-196,1975],[-1526,634],[393,1385],[-481,546],[569,1102],[-502,229],[-782,-731],[673,-1332],[-393,-546],[134,-467],[-1526,-1006],[937,-2715],[-523,-732],[-1024,44],[-88,644],[828,370],[-1175,-88],[218,644],[-653,634],[218,283],[-2069,961],[-3048,-1834],[-2178,1463],[-631,-1049],[-1459,-785],[-2700,186],[-281,1789],[-3114,1887],[-2700,-370],[-2003,-1473],[-1283,-44],[-109,-872],[-2612,0],[326,599],[-393,0],[305,361],[-393,186],[238,502],[3311,741],[2437,2389],[2441,-185],[-2090,1102],[-5142,370],[-108,864],[-1284,1155],[-848,-229],[-176,-467],[393,-177],[-673,-414],[-1743,0],[-21,-688],[-1200,-784],[-1133,185],[-693,917],[-3048,-186],[-3725,3721],[0,643],[828,1199],[-305,635],[828,282],[0,829],[-1004,1737],[218,282],[-301,361],[389,556],[-477,643],[305,1006],[-393,96],[88,1006],[911,185],[-911,1287],[2044,1375],[523,917],[-502,511],[3223,-555],[874,1102],[-25,688],[-1631,1146],[-1112,-229],[1112,-864],[-2416,229],[-435,1745],[653,0],[-1288,1508],[25,873],[936,1331],[1543,-132],[-1087,732],[481,1102],[-217,643],[300,273],[0,1376],[-564,1014],[130,1375],[-673,-317],[-326,599],[171,1375],[1375,1878],[2091,-546],[238,590],[-2483,186],[434,1384],[3182,2662],[1609,2107],[3461,2434],[4009,740],[5573,-370],[434,555],[1045,-555],[2266,555],[606,917],[2007,-185],[2504,2433],[-1003,1102],[-42,644],[-481,-97],[-1350,1746],[-1785,828],[-611,917],[1092,1102],[259,1561],[-2676,2071],[-2504,591],[-873,1658],[305,273],[-1003,1199],[827,458],[-652,89],[-305,1930],[-2220,1746],[849,873],[1655,-371],[1200,785],[171,1746],[-347,1093],[-1371,1155],[-2441,546],[-2675,-1234],[-699,732],[306,1005],[-565,282],[130,2663],[-2220,2292],[-698,1472],[-435,1746],[259,731],[1526,829],[284,1605],[-418,873],[481,643],[88,1014],[-326,406],[238,696],[-393,273],[393,547],[-305,370],[217,644],[-393,88],[222,282],[-656,1190],[-42,1014],[-957,2019],[-916,644],[414,3993],[-151,3077],[301,88],[-346,1199],[-2504,2063],[-3136,917],[-7403,185],[-543,1058],[-2220,1005],[-88,459],[481,185],[-916,-88],[-347,547],[130,467],[-1656,1463],[-2244,961],[-2262,-176],[-9146,2380],[-673,415],[-46,643],[-3002,1746],[-88,643],[916,556],[-1350,273],[129,1931],[-782,1463],[-3005,1746],[0,829],[305,88],[-242,326],[-3219,917],[-2592,-414],[1785,-917],[-326,-318],[-4966,732],[-3136,-555],[-2524,3306],[-3570,1102],[-3311,2574],[-7487,3491],[-9581,-740],[-8708,2028],[-3921,-556],[-3399,-2565],[-3373,-970],[-1133,-1102],[-523,-917],[134,-459],[-936,-599],[-4594,-1516],[305,-459],[-1614,-643],[-610,-1102],[656,-459],[-1438,-644],[0,-1005],[1263,-282],[-326,-317],[-8185,-917],[-4707,-1472],[-3742,185],[63,502],[-477,-88],[-1091,1376],[-3026,1701],[-7663,1464],[-8273,-362],[-7056,-4038],[-4005,-1287],[-4268,732],[-807,1975],[-476,88],[-1263,3403],[-656,273],[-217,1190],[-912,829],[327,503],[-414,1243],[305,97],[652,3394],[1526,2848],[217,1745],[652,459],[42,1005],[656,643],[-393,282],[1961,4497],[-305,643],[740,829],[-481,185],[393,459],[-481,88],[481,829],[-652,1005],[217,282],[-305,546],[305,371],[-481,731],[306,185],[-653,1191],[130,458],[-652,1199],[-1091,4135],[-477,88],[-1525,3394],[-3483,3677],[-2742,1745],[-915,2116],[-653,88],[477,186],[-84,643],[-1266,1561],[-130,1560],[-476,-97],[476,926],[-305,546],[305,459],[-828,1384],[306,273],[-1004,644],[310,458],[-828,459],[-263,828],[305,362],[-414,229],[761,1155],[-389,273],[1175,1376],[-393,458],[869,1287],[2659,1376],[1133,1287],[42,1190],[568,1199],[-568,2204],[305,185],[-46,829],[2483,3394],[957,2389],[-171,1191],[-569,458],[-42,1014],[-393,370],[1438,2107],[523,1834],[-217,282],[476,635],[-217,282],[481,644],[87,2107],[-1133,1287],[-3528,2019],[3616,4320],[999,2477],[3094,2663],[-218,273],[1221,1472],[6312,5422],[-41,820],[1262,829],[1045,1472],[-134,644],[916,458],[42,1561],[827,273],[4268,4593],[1221,2204],[564,2663],[306,88],[45,1014],[1087,2477],[-217,282],[305,88],[-217,1746],[305,185],[-393,371],[305,88],[88,1375],[-481,644],[305,185],[-87,643],[-393,274],[393,643],[-393,88],[-42,1746],[-477,829],[-221,1930],[-565,644],[130,644],[-1785,2477],[130,458],[-653,274],[306,282],[-740,88],[-218,1005],[-1091,644],[310,282],[-10844,9821],[-435,1199],[828,362],[-1179,97],[-435,1287],[305,1005],[-936,414],[109,1243],[786,1649],[652,273],[88,2848],[-828,643],[-46,829],[-6225,4682],[-656,1560],[-652,273],[305,282],[-828,644],[306,273],[-740,644],[-1221,3121],[1701,458],[-1785,829],[-221,2292],[-2132,3218],[-42,829],[-481,88],[-217,1014],[-4268,4584],[-6074,5008],[-3482,2019],[-7579,2944],[-2939,2337],[1003,643],[-656,371],[393,370],[130,1190],[2224,2116],[-46,644],[7098,5228],[3352,3588],[1961,820],[3311,4223],[-393,467],[1521,1375],[1397,2566],[631,3632],[-372,2336],[-870,1473],[-1697,1375],[477,741],[-130,643],[828,644],[-130,458],[5200,3721],[12717,5510],[7926,2019],[9230,4223],[242,-688],[-915,-370],[1438,-273],[-740,-741],[414,-132],[932,776],[-740,1199],[936,775],[9147,3121],[10254,6110],[5924,5880],[476,1376],[1961,2116],[217,1375],[1697,3579],[-305,644],[657,1014],[-134,1190],[393,273],[-393,371],[242,687],[-326,688],[477,458],[-305,2848],[480,644],[-305,458],[305,97],[-217,1005],[238,600],[-414,414],[393,185],[-305,1464],[217,643],[-305,459],[305,282],[-305,643],[46,1746],[-393,273],[306,274],[-393,273],[129,1199],[-393,273],[134,1931],[-393,273],[130,644],[-481,88],[221,644],[-568,643],[305,273],[-740,1561],[130,1199],[-565,643],[477,1376],[-477,88],[130,1199],[-652,1190],[305,273],[-393,97],[305,274],[-393,273],[-41,1746],[-569,458],[-130,1384],[-476,88],[-134,1191],[-999,1745],[130,644],[-2830,4505],[392,458],[-1178,459],[133,458],[-786,1102],[-3528,3580],[3052,3218],[5464,3165],[4351,-1834],[1831,-2019],[2789,-555],[2173,-1649],[3921,-1472],[5727,-4082],[88,-653],[-765,-44],[-936,785],[827,0],[-326,317],[-2871,370],[-243,-502],[765,-600],[1304,371],[1045,-1102],[1744,-371],[-698,-916],[-1217,370],[585,-512],[-1981,-775],[-502,414],[481,458],[-828,89],[393,458],[-1722,600],[-151,-503],[477,-185],[-911,88],[-958,-1649],[389,-370],[-389,-370],[218,-273],[-657,-186],[481,-88],[-67,-502],[2157,-230],[1133,-1472],[-305,-273],[2483,-2301],[42,-644],[1350,-820],[1676,-2160],[2157,-599],[3136,-3677],[87,-643],[-392,-362],[827,-740],[-4423,511],[-1981,-1146],[393,-643],[-652,-829],[476,-1658],[-388,-273],[740,-829],[-393,-458],[1003,-1746],[-218,-643],[1351,-1561],[259,-1560],[-305,-185],[393,-274],[-916,-917],[828,-731],[-259,-644],[-1024,-44],[-264,732],[-848,-326],[1112,-1147],[1458,512],[-133,-468],[480,-88],[218,-1190],[2307,-1745],[-915,-371],[88,-458],[760,132],[502,-405],[-389,-459],[435,-370],[2132,-1014],[610,-2019],[-786,-2663],[-2587,-229],[-3466,-2063],[222,-282],[-1179,-2107],[217,-1014],[-1433,-1375],[129,-1190],[-740,-1746],[218,-282],[-590,-776],[502,-873],[-564,-643],[217,-1014],[-305,-88],[42,-644],[-435,-1102],[-1350,-1190],[-42,-829],[-393,-273],[217,-282],[-827,-644],[-523,-1278],[828,-1473],[-130,-458],[477,-88],[-218,-556],[218,-273],[-1480,-3121],[-4135,-555],[958,1745],[915,274],[-765,141],[-2328,-1517],[217,-273],[-915,-829],[330,-687],[-155,-1243],[565,-644],[-652,-273],[1350,-917],[-999,-1199],[-264,-547],[218,-273],[-1351,-1199],[218,-1005],[-305,-185],[393,-274],[-306,-282],[481,-634],[-305,-2390],[217,-282],[-480,-458],[568,-1561],[-393,-361],[1526,-1569],[-134,-635],[523,-1658],[4402,-3394],[-2592,-511],[21,-688],[3637,511],[-590,-511],[1982,-229],[2157,-1878],[171,-1199],[-1350,-1922],[221,-282],[-1525,-1005],[-109,-873],[-1045,547],[-1288,-1146],[1112,-503],[1045,732],[239,-1058],[-2396,0],[3269,-644],[88,-643],[-656,-362],[1350,88],[351,-458],[-915,-370],[1609,-89],[1045,-1472],[-828,-273],[916,-273],[-238,-688],[-2090,-556],[-1635,-1331],[130,-458],[-498,-1146],[-1371,502],[999,-1005],[-1175,-926],[1025,-590],[1107,502],[-305,-185],[46,-1375],[-501,-415],[-699,-185],[-693,1102],[-1831,556],[-3637,-1702],[-870,-1745],[1175,-1014],[-305,-1737],[480,-97],[130,-1190],[656,-274],[-305,-282],[1263,-1745],[217,-1005],[4853,-3359],[6446,-1094],[3658,-2389],[1392,0],[-326,-511],[1175,-273],[196,-688],[1221,185],[4791,-1472],[-1372,-503],[565,-458],[-305,-459],[1283,-969],[502,229],[-306,467],[916,458],[-849,1050],[7316,-917],[501,-229],[172,-459],[-393,-370],[439,-362],[1806,-414],[2069,-1887],[-3290,-317],[-414,-970],[326,-317],[937,44],[-912,370],[239,503],[2876,0],[932,961],[-2416,2530],[-1718,44],[936,1058],[2090,-1287],[761,326],[-849,776],[5401,-1287],[2872,370],[3921,-370],[498,-230],[-301,-185],[238,-317],[502,44],[-67,502],[3285,-405],[-497,-873],[849,229],[21,688],[3482,732],[4790,-1102],[7404,-547],[238,-229],[-389,-370],[218,-274],[-1004,-1014],[-827,-2847],[-1610,-1376],[-481,-1930],[-326,872],[-2700,-361],[-1108,-1428],[1455,-785],[1308,370],[1723,970],[41,635],[565,282],[-477,547],[347,458],[1112,-502],[238,414],[-217,829],[1609,731],[-217,-643],[481,-185],[-305,-644],[129,-1745],[-761,-1147],[-677,141],[481,-555],[-130,-1375],[523,-1287],[1894,-230],[413,-599],[-652,-1093],[565,-1199],[-916,-274],[67,-502],[-1635,-53],[67,-873],[2153,326],[-389,-1014],[477,-1463],[-1108,-1155],[870,0],[1024,1155],[-828,1102],[565,1560],[-653,362],[1372,785],[-1025,775],[657,1746],[-1789,829],[-958,1657],[937,864],[936,-44],[-414,-873],[937,600],[-306,643],[393,371],[-740,88],[569,1560],[-765,-317],[-151,688],[1087,88],[176,458],[-305,556],[652,828],[-477,177],[477,555],[-393,185],[134,644],[-657,185],[1438,361],[-1634,230],[330,502],[-740,185],[761,1146],[2437,741],[9928,-1834],[2876,732],[5485,0],[3486,-732],[498,-238],[-63,-688],[523,556],[9142,-1843],[2851,-1878],[1743,-2935],[-129,-459],[652,-829],[-130,-458],[916,-2663],[83,-1930],[-301,-732],[519,-2028],[3900,-1146],[-67,-502],[1810,-1146],[3394,546],[870,-732],[677,318],[-740,185],[761,229],[2592,-1693],[-828,-185],[502,-326],[694,555],[2178,-185],[0,-555],[2090,370],[894,-1975],[999,-643],[-652,-362],[239,-326],[4008,370],[761,591],[218,1014],[1199,776],[4703,-917],[3654,370],[1484,-732],[-155,503],[3290,414],[-1288,-873],[2421,-960],[-109,1049],[-744,458],[481,556],[-218,273],[2329,1887],[414,-512],[-1087,-635],[217,-282],[-481,-1560],[176,-1005],[1718,-1155],[1656,0],[-502,414],[217,644],[-1893,229],[-937,1243],[1288,-141],[1371,785],[543,1058],[1831,-926],[1196,599],[-936,1244],[-1806,502],[326,414],[694,-555],[2788,1472],[242,503],[-305,555],[1434,917],[-1175,829],[306,820],[-1894,414],[-109,-873],[-1613,-634],[656,-829],[-1396,-1472],[-3198,-230],[-523,556],[-1375,-326],[309,828],[-351,1102],[-1981,600],[-1372,-1799],[3265,-1102],[-911,-88],[42,-644],[-1350,-643],[-544,-1058],[-2353,-547],[-586,230],[305,185],[-242,317],[-1108,-229],[912,-362],[-239,-511],[-4506,1790],[1262,555],[-585,776],[-874,0],[-87,-732]],[[691142,773351],[-1739,185],[-3549,-3173],[652,-1561],[-2417,141],[-413,1146],[480,556],[-221,273],[1266,458],[347,732],[-305,459],[477,643],[-301,370],[217,644],[-568,459],[915,916],[88,2116],[-393,274],[0,1375],[3202,1331],[326,688],[-761,970],[-1459,414],[-196,688],[-936,-688],[171,1005],[1179,1102],[-1459,1702],[-4945,-1147],[-435,-370],[175,-1005],[761,-599]],[[681301,783455],[-957,-917],[-2157,1146],[-84,458],[999,556],[-1697,273],[218,3209],[-481,0],[568,741],[-1003,176],[1024,1516],[326,-229],[-305,-176],[176,-282],[1174,-362],[306,1376],[827,731],[-677,230],[-694,-917],[-848,414],[87,829],[1087,635],[-740,185],[326,1428]],[[678776,794475],[326,44],[-564,555],[0,644],[414,406],[-330,1058],[744,555],[-1723,1878],[-2784,1102],[-413,-132],[1262,-741],[-1894,-229],[-5401,1842],[-2002,0],[-1200,-784],[218,-829],[-1739,-1472],[-744,185],[-782,2574],[393,1014],[-481,732],[414,776],[1200,-44],[-1179,370],[656,273],[-305,459],[326,599],[1304,370],[243,-326],[-481,-546],[828,0],[87,1005],[-1350,1102],[2308,282],[1304,1278],[-389,282],[652,1102],[-4247,44],[-150,-1058],[1521,-643],[-1107,-688],[-2178,185],[-523,732],[-1392,-547],[-326,-599],[477,-185],[-218,-644],[2048,-185],[-1024,-961],[-1220,732],[501,-591],[-501,-511],[-3917,185],[-2680,-2433],[1350,-1376],[-1371,-229],[-1200,600],[393,458],[-413,414],[-699,-925],[-3394,1657],[-4444,362],[-7921,3315],[-3900,3165],[-607,1287],[42,1005],[-522,555],[-2571,1005],[67,1058],[-2350,-1102],[-2178,185],[-13586,4964],[-1199,1322],[305,282],[-435,917],[-3616,1931],[656,459],[-1287,-327],[-3721,1887],[3006,1472],[-418,688],[-2437,-370],[-456,-1605],[-414,-53],[-501,415],[217,643],[-238,415],[-2525,-186],[-2245,1517],[-957,1842],[217,635],[-305,556],[656,1013],[-133,459],[1091,1190],[-218,829],[1697,185],[-1872,88],[-218,1014],[-1308,1649],[-2830,1745],[134,459],[-481,97],[42,820],[-523,916],[-652,283],[-259,731],[217,644],[-568,643],[129,1191],[-476,740],[564,1376],[-305,546],[217,829],[-476,643],[129,459],[-480,97],[221,820],[-175,917],[-393,97],[305,273],[-1350,1375],[217,1384],[-2065,776],[-1635,-317],[176,458],[1522,459],[129,1005],[414,238],[5054,1463],[-155,327],[1873,1005],[-305,828],[936,785],[590,-414],[-502,-327],[1915,371],[-1459,317],[698,1102],[4247,2619],[1020,-45],[-999,-1930],[1459,-415],[150,512],[-564,546],[481,1287],[-393,186],[848,590],[12366,3306],[6099,741],[1651,-917],[242,688],[-677,229],[786,185],[3027,-1701],[-1702,-186],[1133,-1375],[6948,-3174],[3745,-2936],[4615,-2389],[1020,-1146],[-129,-458],[2224,-1190],[564,-1385],[2788,-2565],[3111,-1517],[4180,-1287],[3223,371],[2959,-556],[7232,2945],[1133,-371],[435,732],[3917,1473],[1655,1648],[849,53],[-42,644],[1087,458],[1568,2195],[873,1843],[-133,1014],[392,361],[-827,1746],[-218,1560],[-2353,3492],[-1434,1005],[-393,1199],[-1981,1886],[-3223,1649],[-5050,370],[-5748,-740],[-8971,-3853],[-3637,961],[-1216,1102],[-264,829],[393,185],[-652,273],[84,1014],[740,458],[744,1561],[999,273],[-130,459],[698,1472],[2132,1746],[259,643],[-300,547],[911,97],[-2918,917],[-259,828],[585,591],[2441,185],[2960,-2389],[2700,-547],[-238,688],[1020,-141],[527,917],[1542,414],[306,2478],[480,458],[-217,282],[4222,2848],[21,687],[2504,-141],[351,829],[-2307,459],[1020,1604],[2441,-176],[-155,317],[916,88],[217,1014],[849,600],[3223,361],[957,-546],[-151,872],[740,362],[-827,643],[150,327],[4093,-1287],[2353,916],[2437,0],[786,-916],[414,317],[-828,467],[-347,1190],[3374,1517],[2349,-185],[1459,-873],[-652,-88],[305,-644],[-1283,-785],[-1982,688],[740,-732],[-501,-502],[-1392,361],[150,688],[-414,53],[-414,-873],[1810,-1146],[870,547],[414,-1244],[-3094,0],[4335,-775],[456,-1244],[1112,-775],[5204,-141],[-1985,872],[-2350,-185],[-413,600],[129,1005],[-2918,1014],[-83,1014],[2742,1005],[-46,458],[1091,458],[-305,644],[573,370],[2211,-3226],[5723,-6172],[-870,-2971],[163,-2036],[4590,-2354],[7989,-6092],[12190,-5960],[9472,-952],[12570,1402],[4147,-3342],[8148,-1719],[7537,-2883],[5743,-3429],[2634,-4514],[-1166,-2037],[-9071,-1975],[-937,-2512],[21,-3932],[-2537,-5158],[-5602,-5554],[-7943,-2566],[-7031,-238],[-7516,670],[-2136,-723],[811,-8569],[-1321,-2953],[-3436,-1014],[-999,-3315],[982,-5175],[2015,-4003],[3733,-2248],[4874,-282],[4005,-2786],[10425,-10676],[14527,-4841],[14246,-2979],[3211,-4144],[769,-4840],[443,-6427],[4486,-6674],[-632,-2751],[-2988,-6136],[2901,-3015],[3035,-538],[1341,-2160],[-2437,-5677],[-3168,-3968],[-1334,-3844],[2784,-3367],[3591,-1755],[686,-1710],[-1932,-2354],[-4782,317],[-3607,2592],[-3290,1226],[-9118,114],[-4987,-1772],[-271,-2944],[-9139,-7547],[-11579,-7124],[-4293,-7264],[-1986,-1561],[-715,2460],[-6174,1446],[-1885,-2054],[-648,-3033],[255,-2998],[-4126,-3517],[-4114,-6154],[-8925,-6392],[1493,-4990],[4891,-6797],[-1438,-7485],[5338,-1587],[11207,-1040],[2663,-4444],[1095,-4231],[728,-4982],[3411,-5783],[3236,-494],[3055,-3086],[1501,-2847],[4962,-2037],[12825,803],[10907,-3386],[5463,485],[4289,-1887],[4114,-3182],[5263,-2769],[5108,-361],[9882,4523],[5619,-1120],[4238,749],[3579,2786],[1358,4144],[-894,5413],[2959,3729],[4465,-3403],[7433,-3112],[-30,-4769],[-3954,-2760],[-2341,-3844],[819,-3244],[5012,-1693],[4130,-211],[4503,-1896],[8348,-599],[1989,-2257],[899,-1975],[-2199,-2707],[-2382,-1666],[1383,-2372],[2910,-2733],[1442,-3200],[1296,-4637],[146,-3800],[1539,-3509],[1902,-2098],[4297,-2187],[3892,-3517],[1939,-4426],[669,-4928],[-7102,-4285],[-2253,-555],[313,-4417],[2208,-7344],[129,-2636],[-318,-776],[-949,-2310],[-338,-4972],[623,-3104],[-6927,-3870],[-665,-2971],[71,-1816],[-740,-2724],[-3540,-4091],[-2316,-1578],[205,-8182],[-259,-2874],[-552,-1534],[-6969,-1860],[-5739,2054],[-7521,-2433],[-4130,150],[-1751,-1561],[7077,-11805],[5898,-3491],[857,-2477],[-660,-3465],[1576,-3059],[5852,-4999],[3587,-1446],[2178,-3086],[288,-3253],[-3411,-5660],[-146,-2266],[790,-3235],[322,-4241],[-7889,-7679],[15225,-12237],[10405,-7520]],[[686702,770592],[-154,141],[221,0],[-67,-141]],[[689988,770733],[-1263,185],[1526,370],[88,-467],[-351,-88]],[[684349,772249],[414,-141],[-653,-361],[239,502]],[[623889,569247],[610,-1191],[-677,-229],[-585,591],[301,458],[-1284,415],[786,555],[849,-599]],[[625477,570578],[-150,141],[217,0],[-67,-141]],[[622079,777574],[-238,141],[238,44],[0,-185]],[[622079,784372],[0,-186],[-238,44],[238,142]],[[621013,788550],[-42,547],[502,53],[238,-873],[-698,273]],[[625716,866706],[-239,-53],[-66,142],[305,-89]],[[618509,870330],[-238,141],[848,229],[-610,-370]],[[622146,883598],[-1697,-88],[217,-829],[-326,-414],[-456,1428],[-480,185],[2675,406],[67,-688]],[[651345,801457],[-154,133],[217,0],[-63,-133]],[[644987,853614],[-155,141],[218,0],[-63,-141]],[[645334,853799],[-151,141],[218,0],[-67,-141]],[[636192,885943],[-3203,133],[4051,370],[-848,-503]],[[621836,885749],[-1128,327],[765,229],[363,-556]],[[625628,886904],[-389,-370],[999,-732],[-827,97],[393,-370],[-239,-317],[-1981,961],[393,185],[108,873],[1543,-327]],[[624173,889064],[-154,141],[217,0],[-63,-141]],[[625281,889479],[-217,88],[154,53],[63,-141]],[[690097,772064],[-239,141],[828,185],[-589,-326]],[[684177,772249],[-154,141],[217,0],[-63,-141]],[[684349,772620],[-151,132],[218,0],[-67,-132]],[[672506,772981],[-151,141],[218,0],[-67,-141]],[[691142,773351],[242,-141],[-242,-44],[0,185]],[[708628,773580],[-243,-44],[-62,141],[305,-97]],[[684783,773722],[418,132],[-827,-274],[409,142]],[[708277,774771],[263,-88],[-568,-186],[305,274]],[[687923,780880],[-155,141],[218,0],[-63,-141]],[[687944,781295],[-435,458],[652,-370],[-217,-88]],[[681301,783455],[611,-185],[2353,-186],[782,-1287],[2002,-185],[-238,-317],[828,-547],[-2592,132],[-1133,-917],[-3286,2434],[999,555],[-326,503]],[[686242,784971],[-1174,-829],[-21,-687],[-1635,414],[1263,1102],[175,644],[-238,414],[870,0],[760,-1058]],[[681477,784742],[435,361],[326,-687],[-761,326]],[[678776,794475],[-238,132],[238,53],[0,-185]],[[667715,896047],[326,-141],[-652,-185],[326,326]],[[637149,886675],[-155,141],[218,0],[-63,-141]],[[639043,890854],[-67,-132],[-239,44],[67,132],[239,-44]],[[638432,891312],[-238,-44],[-67,141],[238,45],[67,-142]],[[637040,893428],[-154,-326],[-176,185],[330,141]],[[622079,890166],[-151,141],[218,0],[-67,-141]],[[621711,890396],[-305,88],[238,53],[67,-141]],[[618839,893702],[-221,88],[154,53],[67,-141]],[[631138,894574],[238,-317],[-389,176],[151,141]],[[636363,893287],[-150,141],[217,0],[-67,-141]],[[636342,893702],[-305,88],[238,53],[67,-141]],[[635297,898022],[-88,-283],[-217,0],[88,283],[217,0]],[[634185,898066],[-150,141],[217,0],[-67,-141]],[[628178,896964],[-698,-185],[-151,502],[849,-317]],[[624867,897149],[-150,132],[217,0],[-67,-132]],[[633663,898436],[-1046,-370],[-326,687],[1372,-317]],[[632684,899027],[-238,-44],[-67,141],[238,44],[67,-141]],[[597344,560571],[2023,3677],[1238,3024]],[[577550,595378],[3253,361],[3917,1843],[6617,1834],[12453,0],[3988,-1331],[610,-1288],[-221,-1375],[1438,-1384],[1045,-2751],[-130,-643],[1284,-1975],[-368,-1878],[-2571,-3403],[-259,-1746],[1216,-2750],[12934,-8728],[-2307,185],[740,-547],[-565,-1931],[585,-784],[1480,917],[1568,-1103],[522,926],[1459,-1701],[-740,-274],[740,-282],[-305,-458],[656,-88],[281,-873],[5380,-785],[1826,-2389],[-129,-458],[869,-1834],[1438,-1190],[-305,-283],[1091,-273],[694,-732],[-129,-458],[827,-282],[-2851,-132],[-1722,-1702],[481,-547],[-305,-1013],[480,-644],[-133,-1190],[392,-97],[481,-1746],[999,-820],[523,-2116],[-1961,-1013],[-610,-1102],[-42,-1737],[-2830,-829],[-42,-1560],[-1438,-1385],[-263,-917],[2245,-2151],[5660,-555],[1024,-785],[-610,-2662],[-1438,-1561],[217,-3024],[-3353,-3218],[-693,-1287],[434,-2477],[652,-1375],[-129,-644],[476,-741],[-827,-1736],[-218,-1570],[-827,-273],[-193,-688],[1020,-1146],[-652,-555],[305,-362],[-305,-1199],[523,-1287],[3787,-3394],[351,-1190],[-915,-644],[-2049,-4320],[-2851,-599],[-1308,1287],[-3098,-2910]],[[605445,612270],[155,-132],[-155,-53],[0,185]],[[614069,795207],[151,-133],[-564,0],[413,133]],[[597850,826848],[196,132],[239,-502],[-435,370]],[[588377,796124],[0,-177],[-238,44],[238,133]],[[588030,796309],[63,-133],[-476,0],[413,133]],[[578190,798143],[63,-133],[-477,0],[414,133]],[[569913,799615],[-259,185],[326,-44],[-67,-141]],[[569219,800717],[-155,141],[218,0],[-63,-141]],[[582609,856233],[-239,-44],[-67,141],[239,44],[67,-141]],[[583328,856920],[-155,141],[217,0],[-62,-141]],[[570089,885388],[-327,-503],[937,688],[761,-414],[-652,-362],[652,-458],[-1459,-415],[-1024,1147],[785,1375],[828,0],[-501,-1058]],[[569198,991694],[-67,-141],[-242,44],[67,141],[242,-44]],[[566606,991738],[172,185],[242,-326],[-414,141]],[[566059,992153],[-239,-45],[-62,133],[238,44],[63,-132]],[[566364,992153],[-88,458],[569,0],[-481,-458]],[[546248,611027],[0,97],[130,0],[0,-97],[-130,0]],[[545964,611538],[67,-141],[-481,0],[414,141]],[[549187,613002],[589,326],[-915,-644],[326,318]],[[492577,709619],[-150,132],[217,0],[-67,-132]],[[456000,813024],[154,-141],[-568,0],[414,141]],[[460180,817432],[-150,141],[238,45],[-88,-186]],[[476446,832720],[-239,-44],[-67,141],[239,44],[67,-141]],[[556243,838186],[410,141],[-828,-273],[418,132]],[[557439,819778],[-67,-142],[-150,45],[66,141],[151,-44]],[[559638,826980],[-239,141],[239,45],[0,-186]],[[558329,828268],[-62,141],[217,0],[-155,-141]],[[556762,931673],[-151,141],[218,0],[-67,-141]],[[550057,853244],[242,-132],[-242,-44],[0,176]],[[525848,940128],[151,-141],[-564,0],[413,141]],[[529569,941459],[-673,-784],[-1112,44],[848,1243],[937,-503]],[[534297,942693],[83,371],[414,-229],[-497,-142]],[[529155,943249],[155,-141],[-569,0],[414,141]],[[529765,946740],[67,-141],[-305,0],[238,141]],[[530898,947472],[67,-141],[-481,0],[414,141]],[[527939,948027],[-155,133],[217,0],[-62,-133]],[[528632,948204],[-150,141],[217,0],[-67,-141]],[[528959,949076],[-84,-273],[-217,0],[83,273],[218,0]],[[527763,949121],[238,-318],[-564,0],[326,318]],[[527897,949270],[-201,177],[1179,185],[-978,-362]],[[519749,963447],[5577,-917],[5117,-1693],[-1526,-925],[129,-1005],[-305,-186],[218,-185],[-1347,-1005],[301,-740],[-217,-644],[744,-273],[-481,-1287],[218,-274],[-481,-273],[217,-1014],[-652,-829],[134,-458],[-1526,-1005],[305,-644],[-827,-1375],[564,0],[-217,-644],[827,-643],[-827,-741],[175,-458],[2132,-1922],[-999,-1102],[477,-282],[-740,-1190],[393,-371],[-176,-458],[-2153,-591],[-2943,1878],[-83,458],[564,97],[-238,318],[-1392,-371],[-8536,4047],[-6250,4637],[828,820],[-1982,-132],[239,318],[-912,458],[-526,1102],[1266,185],[-1091,273],[1480,3862],[4335,4091],[3047,917],[1221,-556],[151,326],[-477,362],[761,229],[5484,-185]],[[556352,988018],[-176,370],[477,-185],[-301,-185]],[[557263,988935],[-1438,-89],[744,362],[-154,326],[848,-599]],[[560160,986598],[-848,-141],[1087,459],[-239,-318]],[[560942,988979],[-150,141],[217,0],[-67,-141]],[[557351,990310],[-305,97],[242,44],[63,-141]],[[558572,991782],[-740,-273],[217,-282],[-414,-776],[-760,229],[1020,1605],[589,141],[-393,-459],[481,-185]],[[579996,993255],[-238,-53],[-67,141],[305,-88]],[[582738,999311],[652,-546],[-3373,-53],[67,-503],[-569,97],[243,-687],[-1309,176],[-175,-732],[-1196,-44],[652,-643],[-1438,-1288],[481,-88],[782,-1657],[-130,-459],[1438,-88],[-1024,-873],[-3917,0],[-1919,-740],[-2437,370],[-523,732],[-2090,-362],[590,873],[-1961,1005],[477,370],[-218,274],[435,917],[656,185],[-1112,44],[590,326],[-1350,820],[589,696],[2065,-141],[-305,644],[481,547],[-481,185],[1024,784],[957,-370],[4268,917],[523,-917],[2266,0],[-590,688],[7709,185],[-828,-644]],[[587157,997980],[175,185],[239,-317],[-414,132]],[[590990,998536],[673,-415],[-389,-185],[326,-317],[1025,-141],[-1898,-600],[-1108,600],[652,185],[-305,546],[175,459],[916,97],[-1024,317],[2069,-44],[-1112,-502]],[[598895,996376],[-242,-45],[-63,133],[305,-88]],[[598916,996693],[-155,141],[222,0],[-67,-141]],[[598285,997107],[-239,-44],[-67,141],[239,44],[67,-141]],[[597607,997433],[155,-141],[-568,0],[413,141]],[[596479,997248],[-677,503],[1086,-185],[-409,-318]],[[593406,997848],[-238,-53],[-67,141],[305,-88]],[[595346,997619],[-330,317],[568,0],[-238,-317]],[[592382,998165],[155,-141],[-569,0],[414,141]],[[582976,997980],[-150,141],[217,0],[-67,-141]],[[581760,997980],[-155,141],[218,0],[-63,-141]],[[589335,998536],[326,-142],[-652,-185],[326,327]],[[582955,998394],[-305,89],[239,53],[66,-142]],[[634624,898251],[238,-141],[-305,0],[67,141]],[[635406,898436],[414,-141],[-565,0],[151,141]],[[655350,918634],[7905,-1331],[-590,-318],[6008,-370],[5141,-1472],[1455,-776],[-585,-873],[1893,-44],[-1003,-370],[88,-459],[1350,644],[2876,-2574],[652,-1746],[1004,-370],[-2747,467],[652,-370],[-476,-556],[238,-317],[610,546],[1112,-775],[-568,-732],[568,-97],[-1287,-229],[-1133,-1102],[-1216,370],[0,-556],[-1133,0],[-1154,-2336],[-2763,-1516],[-962,185],[-150,-326],[393,-274],[-243,-502],[-4790,-556],[-1915,-2018],[-2939,-785],[-522,-547],[217,-273],[-259,-1102],[-656,-97],[393,-458],[-1175,-644],[150,-317],[-1020,317],[389,-458],[-740,-1006],[218,-828],[-389,-97],[150,-318],[-5225,917],[-2872,-546],[0,-556],[-7754,371],[-3307,-556],[-589,229],[217,644],[-915,370],[2307,829],[-301,458],[828,732],[-765,970],[-1568,361],[-4941,-414],[326,-503],[-2960,186],[-765,961],[134,458],[-2416,1331],[-1024,-687],[1609,-829],[-393,-459],[393,-88],[-129,-643],[393,-88],[-306,-186],[239,-326],[2178,185],[0,-731],[3394,731],[197,-687],[739,-88],[176,-829],[-305,-185],[936,-415],[698,556],[937,-1429],[-2421,327],[-6182,-1473],[-1568,556],[-4527,-556],[-3135,1834],[-1112,-132],[351,829],[564,-97],[-326,502],[1024,-132],[-827,547],[480,555],[-480,273],[1785,88],[-1004,1014],[1656,1834],[1722,970],[849,-970],[-67,-502],[2090,0],[242,502],[-393,370],[305,185],[-656,274],[481,370],[-326,317],[-937,-414],[326,-502],[-1634,687],[1634,961],[611,-361],[21,687],[740,274],[-130,458],[2851,1155],[1133,-926],[1024,53],[-1526,-828],[590,-688],[-502,-414],[130,-459],[-1372,132],[-585,-687],[4155,-44],[0,-732],[-2938,-229],[2851,-1614],[1049,0],[1129,1102],[936,-317],[176,458],[-1961,547],[2767,53],[-67,873],[1351,546],[-1894,-132],[-414,591],[218,643],[-1982,970],[-2090,-741],[326,512],[-481,176],[1614,370],[-1635,1147],[243,-503],[-1179,88],[3181,1931],[1133,1102],[-305,555],[171,459],[1351,-97],[-828,643],[961,917],[1522,97],[-1024,133],[-326,687],[1024,1517],[1283,-133],[-1521,459],[2763,2803],[1914,547],[4356,3676],[4093,1834],[4966,-185]],[[631660,899353],[502,-141],[-502,-229],[0,370]],[[632011,899714],[63,-132],[-305,0],[242,132]],[[630356,902104],[150,-133],[-305,-185],[155,318]],[[593147,861655],[-217,-97],[62,141],[155,-44]],[[617790,893331],[-217,97],[154,44],[63,-141]],[[592382,971161],[16199,-2204],[2157,-1331],[957,-1093],[-217,-644],[480,-97],[-305,-273],[393,-371],[-10258,-414],[-5485,555],[-6534,2205],[-2328,2248],[-263,917],[936,687],[4268,-185]],[[608472,969186],[-217,97],[154,44],[63,-141]],[[602553,995820],[-590,-229],[-238,326],[828,-97]],[[601115,995820],[-176,459],[481,-177],[-305,-282]],[[600396,996146],[-239,318],[477,-185],[-238,-133]],[[599501,996464],[-63,-133],[-238,45],[63,132],[238,-44]],[[558856,992655],[63,-141],[-305,0],[242,141]],[[560089,993378],[-627,-538],[-414,688],[1041,-150]],[[559726,993942],[760,318],[-999,-459],[239,141]],[[561118,995044],[66,-141],[-568,0],[502,141]],[[561097,995547],[-67,-132],[-238,44],[66,132],[239,-44]],[[561878,995917],[-62,-141],[-239,44],[63,141],[238,-44]],[[562840,996005],[-1526,-732],[740,371],[-305,635],[589,599],[502,-873]],[[564407,997478],[-217,88],[151,53],[66,-141]],[[567212,997795],[67,-132],[-305,0],[238,132]],[[566146,998668],[-62,-132],[-243,44],[305,88]],[[566778,998712],[326,141],[-652,-273],[326,132]],[[595781,998165],[150,-141],[-217,0],[67,141]],[[594451,998306],[-62,-141],[-155,44],[217,97]],[[593080,998165],[-238,503],[476,-185],[-238,-318]],[[588465,998897],[414,-132],[-652,-185],[238,317]],[[586918,999038],[1263,185],[-1438,-643],[175,458]],[[589050,999126],[-217,97],[155,44],[62,-141]],[[589748,999311],[-150,-44],[-67,141],[151,44],[66,-141]],[[588290,999638],[66,-142],[-305,0],[239,142]],[[569633,999593],[-305,-97],[62,142],[243,-45]],[[575205,999682],[347,88],[-1262,-274],[242,503],[673,-317]],[[328764,377908],[-67,132],[134,0],[-67,-132]],[[330265,378322],[0,88],[129,0],[0,-88],[-129,0]],[[332137,379512],[-66,-141],[-151,53],[217,88]],[[335122,380112],[-501,-414],[-21,-688],[-1309,732],[1831,370]],[[335992,389113],[326,-141],[-652,-185],[326,326]],[[336493,389801],[-67,-141],[-326,44],[67,141],[326,-44]],[[335795,389801],[-63,-141],[-330,44],[393,97]],[[334424,389845],[67,-141],[-656,0],[589,141]],[[313238,404313],[-476,-371],[129,-829],[-393,-1472],[306,-88],[-42,-1190],[1020,-1146],[1375,44],[-1287,1604],[-63,1058],[761,1693],[2353,-917],[3829,556],[1982,-600],[1743,-1287],[456,-1049],[10626,-2945],[849,-414],[455,-1058],[1200,326],[1154,-1419],[-197,-1058],[-481,-274],[134,-467],[-1003,97],[-197,-1975],[-1220,547],[-3219,-732],[-2416,414],[2851,-784],[-414,-503],[1459,-961],[1024,133],[-740,-459],[2349,-2204],[828,-88],[1221,-1746],[-2224,-458],[414,-873],[1024,132],[-414,-687],[-3114,-961],[568,-732],[-217,-282],[1371,-406],[-3746,177],[-522,1102],[-435,-732],[172,-1287],[-2086,917],[-527,-917],[-1371,326],[175,-644],[1438,-282],[-154,-317],[-2939,141],[677,-1058],[-1200,414],[-827,1931],[-2070,1508],[-1128,-362],[-2525,2204],[-1375,415],[-1263,2107],[-2132,2116],[-610,1745],[652,0],[982,-1790],[1305,0],[1567,-1287],[590,503],[-3265,1375],[-176,644],[393,1102],[-3093,4320],[-372,1049],[154,1428],[-1609,2292],[130,829],[-569,917],[481,185],[-761,785],[497,502],[-1195,-141],[-259,741],[1826,1287],[1806,-414]],[[336426,397374],[414,-317],[-564,185],[150,132]],[[325909,404586],[7211,-2804],[368,-873],[1634,-1146],[-698,-917],[-3745,1288],[-1915,-556],[-2090,741],[150,317],[-4071,3721],[1045,731],[2111,-502]],[[328501,403986],[154,-132],[-480,-185],[326,317]],[[330005,403854],[0,88],[130,0],[0,-88],[-130,0]],[[330265,404030],[0,97],[129,0],[0,-97],[-129,0]],[[329023,404542],[351,0],[-677,-326],[326,326]],[[326762,404903],[-155,141],[217,0],[-62,-141]],[[378907,389060],[171,-273],[-1175,644],[1004,-371]],[[386766,389845],[760,-141],[-1086,-176],[326,317]],[[385633,389475],[-1568,370],[1982,317],[-414,-687]],[[390248,390392],[-151,141],[218,0],[-67,-141]],[[342087,391132],[326,318],[-84,-644],[-242,326]],[[339039,391679],[1656,0],[-1046,-547],[-610,547]],[[343830,393883],[67,-132],[-657,0],[590,132]],[[345159,394668],[393,-186],[-1288,327],[895,-141]],[[348010,395540],[673,-502],[-1455,-600],[-1810,600],[3616,820],[-1024,-318]],[[339282,396686],[627,-44],[-937,-326],[310,370]],[[337647,396642],[-155,141],[222,0],[-67,-141]],[[338257,396642],[260,371],[326,-230],[-586,-141]],[[355848,399578],[347,-185],[-414,53],[67,132]],[[360116,401236],[326,-141],[-652,-186],[326,327]],[[273597,535507],[-3182,1278],[109,873],[1739,2019],[2395,829],[-2132,1278],[306,555],[-327,873],[327,600],[-218,176],[172,1384],[2136,3024],[1087,2486],[480,89],[130,828],[1960,2107],[870,1288],[-130,458],[477,97],[2700,3853],[130,828],[1438,1561],[1175,2847],[1525,2293],[1568,4046],[523,1649],[-218,282],[740,1375],[-129,644],[1304,3853],[1091,2301],[-218,273],[782,1464],[1459,1340],[1459,405],[-481,185],[88,644],[1614,1014],[-1351,185],[-610,732],[130,1005],[-259,211],[-4858,1675],[-502,688],[1982,1331],[2002,-361],[2788,917],[1635,961],[-1526,458],[1785,917],[-761,600],[-3570,-1288],[-1546,230],[760,1058],[-1739,185],[-6161,-2248],[497,-873],[-4698,-185],[-4703,1102],[-5577,3121],[-2416,2248],[-347,731],[217,283],[-1613,1560],[221,458],[-744,1014],[-129,1191],[-828,458],[46,829],[-569,643],[-476,1746],[-656,273],[217,274],[-2479,2477],[-7667,9742],[305,273],[-1262,1561],[-564,2662],[-828,1190],[305,459],[-393,282],[-957,3491],[88,820],[2044,829],[1308,1834],[-848,687],[497,238],[-129,644],[915,1375],[176,1190],[-218,185],[498,1332],[-414,873],[568,273],[109,687],[-109,873],[-652,282],[130,3024],[-347,926],[-656,273],[326,1235],[-2960,-917],[-414,-415],[217,-458],[-827,-458],[88,-1006],[2048,-828],[-610,-1014],[-3637,-229],[-1656,1657],[-4330,591],[-1702,2301],[-3436,1745],[-134,829],[-1350,1005],[305,459],[-936,1146],[-5138,1102],[-957,1472],[-5660,-555],[-1743,1472],[-3198,1331],[-636,1243],[-4005,547],[-3306,2945],[-2178,-371],[150,-502],[-1438,-1014],[435,-829],[1614,-643],[-218,-459],[565,-917],[-5899,-2248],[-67,503],[849,599],[-238,229],[217,274],[-585,44],[-1112,-1878],[652,-732],[-393,-1287],[569,-917],[-218,-282],[2918,-2477],[-330,-873],[589,-873],[-476,-273],[-88,-829],[1522,644],[-565,-732],[585,-1243],[-367,-873],[-1087,-644],[-460,-1234],[-1371,591],[217,282],[-828,820],[46,643],[-393,97],[218,274],[-652,273],[41,1014],[-652,458],[-698,1834],[46,829],[-480,273],[326,326],[-414,415],[217,273],[-502,1701],[331,688],[-414,591],[238,414],[-326,1058],[151,1420],[-389,185],[476,555],[-564,1190],[326,688],[-326,970],[305,643],[-393,1005],[305,459],[-393,458],[155,1243],[-263,371],[347,361],[-239,326],[481,1746],[-242,317],[414,2804],[-218,273],[305,644],[-217,273],[305,273],[-238,327],[610,2389],[84,2750],[-238,327],[392,828],[-217,274],[1263,3764],[-218,273],[911,1561],[-41,1014],[568,458],[-221,459],[1003,1745],[-217,274],[2349,3861],[677,415],[1806,-1975],[-2567,-468],[-175,-1375],[999,-1746],[-301,-643],[2587,-961],[2442,1834],[3917,185],[2178,1472],[1132,0],[0,917],[3483,185],[-849,1058],[1024,961],[698,-547],[673,406],[-414,511],[327,318],[-740,273],[87,458],[1263,97],[88,459],[-481,88],[-368,1058],[1108,1058],[-740,-273],[-347,731],[217,459],[-414,229],[327,600],[-176,643],[-1108,1146],[-869,371],[-937,-697],[301,829],[-827,2847],[309,644],[-393,97],[-569,1922],[-1024,53]],[[217112,705581],[-694,917],[-3745,-556],[88,556],[1304,-185],[155,502],[-1200,44],[501,512],[-1893,1146],[414,775],[-218,283],[481,88],[-222,273],[657,829],[-46,1190],[480,-88],[523,2019],[-217,273],[911,1014],[-130,829],[1004,1375],[-306,1560],[326,230],[-238,326],[477,1375],[-218,459],[569,273],[-134,644],[610,731],[1894,1340],[1200,-1155],[171,-1005],[-301,-185],[259,-370],[1610,-458],[-238,-318],[263,-370],[2675,776],[-3026,326],[-673,961],[217,282],[-393,361],[677,785],[937,-44],[-502,-326],[523,-547],[1024,415],[-1024,872],[-1459,44],[-870,732],[218,273],[-393,644],[1785,1472],[-393,547],[217,282],[-476,176],[1609,371],[-1873,828],[218,459],[-1087,829],[476,273],[-2044,1560],[305,274],[-1785,2204],[172,917],[1179,1014],[-218,273],[999,1560],[-305,1014],[481,88],[88,644],[-569,1014],[176,1005],[1521,1931],[134,828],[911,459],[-476,643],[1960,459],[-1701,732],[828,916],[-565,1199],[1631,1332],[1567,370],[-1480,0],[-238,688],[481,185],[-740,88],[911,1014],[-1350,1005],[569,829],[-916,546],[916,741],[-1698,1005],[477,1199],[-1697,820],[-652,1569],[-916,273],[42,644],[-2329,776],[-4702,-362],[-937,-784],[130,-644],[-347,-732],[-2329,-229],[-413,-414],[326,-503],[-4967,-1472],[-6007,-547],[-2328,-1428],[1522,3491],[-326,1605],[589,687],[-4139,2116],[-347,1561],[6225,4496],[88,459],[-477,185],[652,925],[-480,177],[1045,1472],[1697,1014],[-130,1005],[652,829],[46,1560],[1961,1014],[84,458],[-1610,1746],[305,273],[-393,547],[2308,1384],[-218,273],[481,89],[-67,502],[1288,238],[-4858,873],[-3482,1649],[-67,502],[3353,4135],[-217,644],[1350,1560],[-218,273],[435,1102],[916,829],[-46,1014],[480,88],[-129,459],[652,1013],[-130,829],[652,820],[-217,458],[849,1332],[5484,1102],[9322,3861],[7487,4038],[5924,5149],[4878,1834],[2763,1516],[895,1234],[4527,1843],[-67,687],[677,415],[1025,44],[-134,458],[828,89],[-130,458],[2742,1560],[-217,283],[3875,3032],[2374,3254],[4595,-1420],[-4072,1790],[1154,1428],[740,88],[1350,2107],[1609,282],[25,503],[-961,0],[936,599],[-238,318],[196,873],[916,458],[-130,459],[435,916],[1873,1385],[-46,643],[481,-97],[-130,829],[1350,1190],[-133,467],[915,635],[-130,644],[523,917],[1350,1384],[435,917],[-130,643],[301,88],[-129,459],[1526,2116],[-239,317],[410,600],[-217,273],[915,1560],[-217,468],[652,634],[-42,1014],[1438,274],[-740,185],[414,687],[-523,186],[586,1331],[-218,458],[565,1199],[-130,820],[828,1199],[-130,644],[393,643],[-217,274],[848,414],[-242,-326],[1613,-185],[-480,185],[305,458],[-1522,741],[999,643],[-393,732],[393,547],[-217,282],[1091,1005],[-744,458],[828,282],[87,459],[-480,176],[393,468],[-218,176],[393,740],[-217,274],[393,273],[-243,326],[285,1420],[2069,-873],[2851,1146],[-3808,141],[-590,688],[740,828],[-130,1746],[1004,829],[-222,1375],[656,547],[-480,370],[652,273],[-238,326],[501,961],[-217,274],[564,282],[-393,635],[481,828],[-130,459],[653,643],[-218,282],[305,362],[-393,555],[916,1376],[-481,370],[656,547],[-480,370],[393,361],[-134,829],[3791,-829],[-656,556],[-171,458],[564,185],[-694,732],[-2245,-132],[-414,1049],[916,1560],[-326,1058],[326,415],[347,2574],[-217,273],[305,274],[-218,282],[305,88],[-217,273],[305,97],[-134,635],[1133,3676],[393,274],[-217,282],[2132,820],[-1175,1014],[740,828],[-476,274],[911,1375],[-130,829],[1263,1745],[-218,274],[523,2204],[481,828],[-393,829],[652,273],[-218,274],[481,643],[-134,829],[393,273],[-393,829],[306,88],[-130,829],[481,917],[-481,97],[305,176],[-217,282],[1981,44],[2157,-1058],[-221,459],[305,185],[-999,458],[-88,829],[305,362],[-2939,-688],[-263,185],[414,785],[-130,458],[1004,644],[-481,361],[305,185],[-217,282],[760,406],[327,-502],[-393,-556],[568,-176],[-652,-185],[1697,-186],[-217,274],[476,740],[-1283,230],[238,317],[-999,732],[1175,97],[-218,273],[870,1102],[3093,1746],[4268,4223],[1263,2847],[911,274],[-217,282],[393,361],[-477,282],[84,459],[1634,-512],[2417,1332],[-1698,282],[1004,643],[-393,635],[1195,785],[1831,-732],[-1743,0],[-589,-1058],[4485,370],[-171,635],[-1091,282],[326,503],[-1108,-141],[1371,1789],[1982,-229],[-1179,0],[133,-635],[-393,-555],[502,-414],[1915,-186],[414,327],[-740,546],[2069,415],[-176,-1102],[264,-371],[4092,-731],[2090,555],[1827,-370],[957,1102],[4620,185],[1392,-556],[1567,926],[7926,176],[3917,917],[5401,0],[2701,-731],[4439,731],[7579,-1093],[7662,732],[2091,-1102],[-1372,1058],[1547,961],[2960,-556],[2525,741],[1220,-741],[1305,371],[9669,-1649],[9664,1834],[2964,-1649],[9406,-3130],[435,-1102],[1718,53],[-1346,362],[238,326],[2763,-785],[-305,-185],[-42,-1190],[-1112,-414],[-4092,1102],[-849,-230],[218,-273],[-481,-458],[3879,-556],[-2307,-185],[497,-502],[2441,0],[1827,-917],[1722,775],[607,741],[-218,273],[414,1146],[2788,0],[1915,-546],[-1718,-44],[936,-1058],[2003,546],[5049,-1648],[-238,-326],[502,-415],[1914,185],[17332,-6056],[2069,-1243],[-4335,687],[-1480,-546],[1288,-2072],[-744,-820],[1960,88],[-42,-458],[2308,-2301],[-305,-459],[1718,-1146],[242,326],[-393,362],[306,185],[-481,97],[46,1375],[-393,273],[42,1191],[-652,1199],[652,361],[-130,467],[2069,415],[2592,-1155],[347,-644],[-1087,0],[1263,-546],[-1790,-829],[-714,-2160],[890,-2707],[2048,-2116],[-305,-273],[652,-458],[-150,-503],[-936,415],[-435,546],[217,644],[-589,414],[-2417,785],[306,273],[-937,961],[-3549,414],[849,1058],[-2090,-555],[-1459,-1517],[393,-546],[-46,-1190],[568,-644],[-305,-458],[589,-600],[-589,-1058],[217,-185],[-217,-547],[481,-282],[-134,-458],[1981,-2248],[1459,-229],[-1003,-829],[1355,-820],[-590,-873],[-1283,-414],[-439,-2301],[501,-230],[-326,-1877],[306,-1561],[-326,-229],[413,-414],[-129,-1376],[652,-1384],[-393,-2107],[652,-644],[-393,-370],[393,-370],[-130,-635],[653,-458],[-916,-468],[1003,-88],[435,-555],[-217,-635],[481,-185],[-239,-600],[-1831,185],[-259,-731],[694,-371],[1308,732],[239,-317],[-565,-185],[477,-185],[-828,-186],[1263,-185],[-239,-590],[-2437,-741],[-1287,-1331],[-2525,-4223],[656,-1561],[-656,-1014],[393,-546],[-393,-370],[88,-820],[393,-371],[-653,-370],[1175,-644],[-393,-361],[218,-282],[-5096,-3394],[-42,-1014],[-1087,-1746],[389,-635],[-477,-467],[-217,-1560],[-828,-1005],[326,-688],[-761,-1516],[218,-1014],[-656,-1376],[305,-828],[-1522,-2107],[217,-283],[-480,-731],[480,-185],[-610,-1102],[-1200,-961],[-1718,-230],[42,-828],[-652,-274],[155,-326],[-1568,-547],[-1221,362],[326,-591],[-393,-370],[134,-644],[-1785,-273],[1020,-317]],[[428305,851049],[88,-556],[-414,-599],[305,-732],[-305,-185],[0,-829],[393,-458],[-217,-820],[501,-1155],[-326,-229],[218,-1005],[-305,-97],[388,-547],[-301,-273],[389,-97],[-305,-362],[305,-555],[-217,-273],[393,-371],[-239,-776],[-589,-141],[1003,-273],[0,-829],[-3202,-2248],[-2872,-740],[-108,-1049],[-1112,-970],[-1284,326],[1697,-741],[-175,-1745],[-305,-88],[305,-644],[-585,-229],[326,-873],[-1547,-1331],[-2700,-547],[413,1146],[-238,503],[-2157,-415],[916,-370],[-481,-820],[828,88],[-477,-731],[42,-829],[-1459,-776],[-238,1419],[305,186],[-502,44],[-849,-785],[565,-732],[-347,-643],[-1635,-44],[-2504,-1702],[-129,-643],[-828,-89],[-42,-1013],[-827,-820],[217,-283],[-305,-361],[393,-370],[-481,-917],[569,-644],[-306,-273],[389,-458],[-305,-283],[393,-88],[-217,-273],[263,-917],[1350,-1931],[-134,-643],[5008,-5052],[-827,-370],[87,-644],[1351,97],[522,-1102],[-217,-1014],[564,-643],[-305,-274],[916,-1190],[-306,-467],[740,-88],[-1087,-185],[176,-274],[2567,-1375],[129,-644],[2571,-2116],[-305,-273],[4506,-3535],[5401,-2760],[2872,-731],[1200,-776],[-481,-829],[1024,-599],[197,1057],[414,45],[3373,-1517],[-652,-546],[740,-1102],[-305,-186],[175,-458],[1087,-644],[2897,-3993],[-698,-186],[-782,917],[-1722,-590],[393,-371],[-88,-643],[-1087,-97],[565,-635],[-565,-97],[218,-273],[-347,-1287],[-569,-829],[652,-547],[-305,-185],[0,-1014],[1004,-820],[915,-1930],[2132,-1561],[393,-1560],[2918,-1746],[740,-1375],[827,-468],[435,-1278],[-46,-1199],[393,-458],[-828,-2019],[46,-829],[-393,-273],[130,-459],[-305,-88],[217,-282],[-823,-1005],[305,-4505],[-744,-1746],[134,-2292],[-306,-370],[306,-547],[-306,-1102],[218,-185],[-1438,-1199],[-1743,-3482],[305,-1658],[-305,-1190],[305,-459],[-130,-828],[393,-274],[-130,-643],[477,88],[305,-1931],[1697,-1190],[-129,-644],[393,-458],[-305,-185],[326,-688],[-326,-317],[393,-282],[-393,-3306],[305,-2663],[-393,-643],[-130,-2293],[-501,-599],[-347,740],[-2354,-555],[-3114,-1878],[-2743,-3218],[-3875,-1931],[937,-317],[-1112,-1331],[-565,-2116],[-480,0],[393,643],[-414,45],[-585,-776],[1262,-926],[-656,-820],[1308,-2019],[4833,-3588],[-1000,-458],[1957,-829],[305,-2107],[677,-1146],[-543,-2160],[-744,-829],[-477,-2477],[-3963,-732],[698,-1287],[1087,-459],[-568,-1287],[526,-3950],[828,-643],[-134,-644],[351,-732],[2438,-4046],[1785,-1737],[-218,-282],[1263,-1561],[347,-1648],[-306,-282],[1092,-2478],[0,-1005],[-306,-185],[481,-2945],[-610,-2380],[-958,-1657],[-3269,-3033],[-698,-1649],[222,-282],[-656,-635],[393,-458],[-1000,-829],[218,-273],[-1371,-415],[2763,-4822],[129,-1746],[306,-273],[-218,-282],[393,-88],[-129,-644],[740,-1014],[41,-820],[1698,-2115],[-218,-1006],[740,-643],[-171,-1014],[-481,88],[-435,-546],[151,-318],[-673,44],[-197,688],[-1893,-326],[1283,-229],[263,-732],[1827,185],[176,917],[259,-547],[-239,-784],[218,-274],[-1350,-2301],[133,-643],[-1655,-2566],[-481,-185],[-2199,1975],[-760,132],[-176,-635],[326,-229],[-1283,317],[673,-1243],[2416,-961],[1045,-1833],[46,-829],[652,-273],[-217,-1014],[564,-644],[46,-829],[477,-88],[-301,-273],[564,-644],[130,-2477],[393,-97],[-260,-1190],[-3791,-3403],[-652,-1922],[-740,-829],[305,-829],[-481,89],[155,-503],[-330,-229],[-130,-1561],[-911,88],[999,-546],[-326,-1605],[326,-599],[-305,-370],[305,-547],[-130,-2663],[393,-1199],[-134,-820],[393,-282],[-305,-185],[393,-361],[-129,-644],[476,-88],[-63,-1243],[937,-3174],[-134,-635],[1179,-2847],[-222,-282],[569,-274],[-305,-643],[827,-1376],[-41,-643],[2173,-3853],[4532,-5149],[2220,-1560],[-2655,555],[828,-370],[301,-829],[1893,512],[10890,-6983],[-677,-44],[238,-511],[2701,-547],[330,-326],[-569,-362],[1351,-273],[4310,-4135],[8577,-5607],[3223,-3121],[1656,-2019],[1568,-3306],[129,-3218],[305,-634],[-414,-697],[239,-873],[-389,-731],[217,-186],[-848,-1146],[-590,230],[481,916],[-481,1014],[1087,1561],[-301,643],[389,547],[-498,414],[-1396,371],[-3198,-2063],[389,-283],[-828,-643],[-434,-917],[393,-273],[-1392,-2760],[-569,-273],[589,-503],[-760,-1146],[564,-555],[-88,-459],[-2044,-1560],[-134,-644],[-3963,-2477],[-2525,-2759],[-915,-1922],[-2655,-1385],[-785,-1102],[221,-273],[-1613,-1746],[46,-643],[-481,-88],[1003,-556],[171,-643],[-388,-547],[848,-2433],[-1592,-2892],[-740,-97],[133,-458],[-305,-88],[-134,-1746],[-326,-414],[26,-2160],[693,-2019],[4661,-6701],[1480,-3306],[-217,-2301],[305,-732],[-393,-555],[414,-1331],[-631,-2707],[-1459,-1146],[-1806,141],[-1480,-1472],[-610,-1658],[-88,-643],[2132,-5510],[-2328,511],[-327,-326],[1000,-274],[87,-643],[-4506,-1146],[502,-600],[-414,-502],[-2329,317],[-1918,-2204],[0,-1005],[656,-1199],[-502,-1058],[-6793,-2565],[-5401,546],[-414,-414],[46,-820],[-1525,-829],[-88,-643],[1287,-1147],[-263,-1287],[238,-2160],[-347,-1648],[-4832,-2663],[-1045,-1472],[171,-3580],[1702,-2759],[-1179,-1190],[393,-2663],[-1480,-2574],[-4159,-44],[-611,-917],[-1392,-185],[-1195,1331],[129,1014],[-501,44],[-2417,-1331],[-455,-1058],[-2529,370],[-1894,-1155],[-88,-643],[481,-917],[-1003,-1834],[1199,132],[523,-732],[2178,-546],[2872,732],[589,-776],[393,-1746],[389,-97],[-218,-273],[761,-2619],[67,-872],[-652,-1931],[217,-273],[-1112,-1517],[-585,873],[652,1102],[-1634,1516],[-1217,-185],[1459,-1604],[-4945,-230],[-2701,-2759],[-1479,741],[-1459,-1332],[414,-696],[2178,555],[238,-229],[-218,-273],[1790,-829],[347,-829],[-1614,-1375],[88,-829],[501,-414],[1025,511],[522,-2116],[-2851,-229],[-677,-599],[393,-362],[-176,-829],[-1195,318],[-849,-591],[-874,-926],[-827,-2292],[-2743,-1375],[-1960,-4682],[-1806,-599],[-543,2345],[-502,406],[-3917,555],[-1459,-1516],[564,-644],[-1634,-961],[-4724,5457],[-1459,53],[-2069,-1146],[-606,-1199],[3984,-776],[-502,-1058],[2830,-1384],[-217,-273],[305,-547],[-3813,688],[-3745,-2760],[-3829,0],[-2157,-1692],[-1263,-2301],[-2328,-1517],[-6011,185],[-2525,732],[-2504,-2433],[-544,-1605],[-2353,-546],[330,-326],[-849,-415],[-3662,-361],[0,-556],[-1392,-361],[-2437,176],[3027,-961],[-677,-873],[2855,600],[-849,-970],[-1722,-414],[-21,-503],[-786,0],[-497,600],[217,458],[-1112,229],[-326,-141],[1087,-1102],[-3002,644],[218,-273],[-744,-371],[4598,-1692],[-3921,-1843],[-1045,555],[-8620,-370],[-3549,2072],[-197,688],[-785,-371],[-326,1243],[1371,1332],[3461,-53],[-652,97],[217,273],[-414,414],[-4092,-731],[-2592,961],[-957,1102],[305,828],[-828,274],[-915,1560],[-1697,1375],[-130,1014],[-828,-88],[916,547],[-305,732],[217,282],[-1547,2248],[-2349,546],[-502,-1146],[42,-1005],[-1003,459],[330,-688],[-67,-1058],[1722,-414],[607,-917],[-1480,-370],[-1965,1243]],[[325056,408721],[-1777,-441],[-5806,62]],[[341543,944210],[-238,-44],[-67,141],[238,44],[67,-141]],[[322080,405688],[129,-185],[-393,0],[264,185]],[[328588,410237],[-326,-326],[0,273],[326,53]],[[329809,410784],[238,-141],[-476,-362],[238,503]],[[327869,410828],[-129,0],[0,273],[129,0],[0,-273]],[[317715,407072],[1731,-1984],[1020,230],[-3461,-1878],[-3717,2918]],[[313288,406358],[-677,1111],[5104,-397]],[[318585,407636],[1994,-546],[660,-714],[-1446,-371],[-1208,1631]],[[316712,407407],[-5714,802],[-882,2628]],[[308820,940489],[-151,141],[218,0],[-67,-141]],[[308038,941406],[-88,185],[498,-317],[-410,132]],[[313870,942879],[-151,141],[238,44],[-87,-185]],[[313782,943981],[67,-133],[-477,0],[410,133]],[[308059,944122],[828,-274],[-937,-599],[-1371,776],[1020,511],[243,-44],[-134,-644],[351,274]],[[313870,944166],[-151,141],[217,0],[-66,-141]],[[310496,944307],[-698,-282],[502,696],[501,-229],[-305,-185]],[[310015,944765],[-238,-44],[-63,132],[239,45],[62,-133]],[[316725,945497],[-305,88],[238,53],[67,-141]],[[303419,940489],[242,-687],[-1613,-732],[480,732],[-393,828],[1284,-141]],[[307164,940675],[239,-318],[-565,0],[326,318]],[[304986,940489],[-150,141],[238,45],[-88,-186]],[[303444,941177],[-197,-132],[-589,502],[786,-370]],[[303833,941459],[-239,-53],[-67,141],[306,-88]],[[304815,942332],[63,-326],[-305,-185],[242,511]],[[304205,942147],[-155,141],[217,0],[-62,-141]],[[304552,942332],[-151,132],[218,0],[-67,-132]],[[305074,942517],[176,176],[238,-317],[-414,141]],[[304292,942517],[-154,132],[217,0],[-63,-132]],[[304029,942693],[-761,142],[239,229],[522,-371]],[[304292,943610],[-154,141],[217,0],[-63,-141]],[[304639,943796],[-150,141],[217,0],[-67,-141]],[[305664,945127],[-657,-88],[46,-1014],[-827,0],[610,1560],[828,-458]],[[305074,945823],[-326,503],[1003,546],[-263,-1005],[-414,-44]],[[305772,947102],[-154,141],[217,0],[-63,-141]],[[380340,383374],[657,-282],[-1722,326],[1065,-44]],[[380754,384150],[1045,-185],[-1371,-318],[326,503]],[[379015,386169],[-1220,-917],[-1196,141],[326,-511],[-439,-732],[-2240,599],[87,644],[1806,961],[2876,-185]],[[381126,386495],[130,0],[0,-97],[-130,0],[0,97]],[[336744,381972],[-33,115],[129,0],[-96,-115]],[[349578,383233],[-67,141],[221,0],[-154,-141]],[[348207,385666],[-435,273],[827,-176],[-392,-97]],[[338625,390718],[130,0],[0,-97],[-130,0],[0,97]],[[378731,386583],[-326,-44],[-67,141],[326,44],[67,-141]],[[381887,386724],[-63,132],[218,0],[-155,-132]],[[378142,386909],[154,-141],[-652,0],[498,141]],[[386440,386856],[129,0],[0,-88],[-129,0],[0,88]],[[387635,386909],[67,-141],[-414,141],[347,0]],[[386394,386953],[-393,88],[330,45],[63,-133]],[[389466,388558],[238,-132],[-652,-185],[414,317]],[[389115,388743],[-1480,-732],[-1806,591],[3528,458],[-242,-317]],[[397739,395902],[-67,141],[217,0],[-150,-141]],[[401593,403025],[130,0],[0,-97],[-130,0],[0,97]],[[401397,403069],[-67,141],[217,0],[-150,-141]],[[396171,407663],[0,-741],[-677,600],[-171,1560],[564,-361],[284,-1058]],[[397672,408350],[134,0],[0,-88],[-134,0],[0,88]],[[404248,408535],[-67,-326],[-347,185],[414,141]],[[397216,409311],[326,-317],[-217,-185],[-109,502]],[[395235,409452],[129,0],[0,-88],[-129,0],[0,88]],[[398195,411286],[129,0],[0,-88],[-129,0],[0,88]],[[396932,413129],[-63,-141],[-330,44],[393,97]],[[409126,414231],[-88,-459],[-217,0],[88,459],[217,0]],[[398955,414275],[418,132],[-154,-502],[-264,370]],[[398023,414231],[-196,44],[171,185],[25,-229]],[[403487,414636],[-1221,-917],[-936,415],[936,873],[1221,-371]],[[398349,414275],[-67,132],[218,0],[-151,-132]],[[409343,414407],[-196,53],[176,176],[20,-229]],[[422386,447336],[-589,502],[827,-370],[-238,-132]],[[437452,456699],[-67,141],[217,0],[-150,-141]],[[461380,486506],[-130,644],[410,591],[-326,687],[656,0],[-175,-1922],[-740,-555],[305,555]],[[462162,490271],[175,-282],[-393,-185],[218,467]],[[461923,490315],[-154,141],[221,0],[-67,-141]],[[462337,490729],[-217,0],[0,274],[217,0],[0,-274]],[[460268,576820],[-151,141],[239,44],[-88,-185]],[[459900,577049],[-414,-44],[88,185],[326,-141]],[[436143,616131],[-62,133],[217,0],[-155,-133]],[[435709,636514],[-88,186],[242,-44],[-154,-142]],[[436666,693635],[501,-132],[-827,-371],[326,503]],[[437690,694605],[263,88],[-848,-688],[-351,917],[936,-317]],[[400372,415879],[-1329,415],[1722,-44],[-393,-371]],[[392514,419053],[-67,132],[217,0],[-150,-132]],[[416659,829511],[564,185],[-150,-512],[-414,327]],[[418465,938285],[-63,141],[217,0],[-154,-141]],[[386527,392649],[-1045,273],[1263,0],[-218,-273]],[[391381,415192],[4853,-2063],[176,-468],[-327,-229],[-1893,-44],[915,-1005],[-1287,-970],[501,-590],[-326,-697],[673,-1146],[-217,-273],[1179,-1746],[-305,-643],[740,-820],[-481,-468],[481,-458],[-46,-644],[1178,-634],[-217,-283],[936,873],[1806,-1331],[130,-1005],[502,132],[413,-776],[-347,-1930],[-392,0],[305,546],[-243,512],[-347,-926],[-698,555],[-497,-502],[827,-1102],[-2157,-44],[-326,-512],[652,-917],[-1003,274],[1375,-1420],[849,503],[-439,-1375],[-3373,-1332],[-2960,0],[-326,-229],[326,-873],[-347,-370],[-2767,141],[848,-688],[-2416,591],[-176,282],[1092,185],[-1004,88],[569,1006],[-786,740],[-1371,229],[-1284,-599],[565,-644],[-1526,-1005],[744,-643],[-2420,-785],[-958,917],[-150,-503],[393,-185],[-330,-414],[-2417,970],[-171,273],[476,370],[-2069,1331],[1024,-784],[-388,-1561],[740,-546],[-1702,-185],[2680,-1332],[2090,547],[414,-688],[-5639,-1516],[-1480,1287],[-523,-370],[-347,740],[-1308,362],[-151,-688],[565,-547],[-849,-52],[-67,-503],[2659,-917],[-590,-599],[-3135,370],[-326,-326],[2763,-591],[-497,-229],[301,-644],[-326,-229],[-8361,-1287],[-1718,-1146],[999,-459],[-1283,-414],[-1915,370],[-1133,1093],[-3047,371],[-1635,970],[155,502],[-5923,2936],[-1025,-415],[502,-502],[-1133,185],[-1630,1146],[-25,688],[-958,-370],[-1283,784],[-631,1605],[109,873],[589,599],[1020,-326],[-326,882],[196,1234],[1723,970],[3394,176],[677,1155],[-242,687],[1919,362],[2349,-732],[3223,1287],[4005,-1102],[698,-917],[848,230],[-652,185],[586,317],[1308,-1287],[1806,-591],[982,-1243],[1631,-229],[1153,-1613],[4528,-2381],[-63,503],[652,370],[-4419,1693],[-978,1428],[-5033,2433],[-1045,1102],[-3482,732],[-1827,1287],[1480,2204],[3198,-317],[-673,1419],[1195,415],[-585,502],[456,1605],[1112,970],[1718,44],[1350,2662],[1283,970],[5661,-926],[2788,371],[3461,2063],[1785,2486],[1547,961],[1655,-732],[3395,176],[2679,882],[-2592,-141],[-848,687],[1722,1517],[1915,-185]],[[381277,411701],[-63,141],[218,0],[-155,-141]],[[379166,961111],[284,-44],[-677,-327],[393,371]],[[340519,944536],[67,-326],[-481,0],[414,326]],[[352692,954313],[-155,-229],[-171,185],[326,44]],[[353323,954816],[-1045,-185],[-326,326],[1371,-141]],[[338583,955045],[-154,-229],[-172,185],[326,44]],[[370743,961428],[-331,326],[828,0],[-497,-326]],[[372310,961798],[-67,141],[218,0],[-151,-141]],[[370216,961798],[-63,141],[217,0],[-154,-141]],[[371002,961983],[-239,133],[306,0],[-67,-133]],[[373180,962169],[-243,132],[310,0],[-67,-132]],[[375182,962354],[-67,132],[217,0],[-150,-132]],[[387811,963447],[-67,141],[217,0],[-150,-141]],[[387267,980392],[-154,-44],[-63,141],[217,-97]],[[445135,723160],[502,-132],[-172,-185],[-330,317]],[[445290,723390],[-67,141],[217,0],[-150,-141]],[[425868,795577],[-67,141],[218,0],[-151,-141]],[[428656,840945],[84,185],[155,-52],[-239,-133]],[[428305,851049],[0,176],[243,-132],[-243,-44]],[[448772,889620],[-67,132],[222,0],[-155,-132]],[[451648,917347],[-677,141],[915,185],[-238,-326]],[[451038,918087],[-67,133],[217,0],[-150,-133]],[[449382,918634],[88,185],[151,-44],[-239,-141]],[[448404,925475],[891,-44],[-1284,-326],[393,370]],[[458353,925431],[-326,-141],[151,326],[175,-185]],[[423168,936637],[154,-141],[-242,-44],[88,185]],[[419422,937739],[-848,317],[1350,-185],[-502,-132]],[[429961,946916],[-151,142],[218,0],[-67,-142]],[[418574,948071],[652,274],[-239,-503],[-413,229]],[[404879,957390],[-238,141],[305,0],[-67,-141]],[[404269,959594],[-63,141],[217,0],[-154,-141]],[[404009,960511],[-414,-599],[67,-688],[-1722,53],[1526,176],[-1112,1058],[1655,0]],[[404009,959779],[-67,133],[218,0],[-151,-133]],[[399633,963315],[-151,-230],[-175,186],[326,44]],[[395302,965836],[-243,141],[305,0],[-62,-141]],[[398521,966392],[501,-142],[-915,-185],[414,327]],[[395996,966577],[-63,132],[217,0],[-154,-132]],[[396585,966991],[-305,-185],[150,317],[155,-132]],[[395561,967308],[761,-141],[-999,-546],[238,687]],[[400000,966938],[-62,141],[217,0],[-155,-141]],[[398437,967308],[-155,141],[218,0],[-63,-141]],[[397827,967308],[-155,141],[217,0],[-62,-141]],[[336602,956103],[-67,141],[217,0],[-150,-141]],[[358549,956658],[-67,133],[217,0],[-150,-133]],[[368565,995961],[9054,-2389],[7207,-3535],[-2153,-503],[-502,600],[393,458],[-1003,273],[-21,503],[-2959,370],[-853,-229],[217,-282],[-259,-732],[-564,97],[911,-926],[-305,-273],[744,-273],[-393,-459],[1175,-1930],[-1091,-1473],[-260,-917],[218,-273],[-740,-547],[1174,-828],[1330,-2160],[414,784],[-393,635],[414,415],[-502,326],[740,546],[-740,282],[393,362],[-393,644],[1287,1146],[1217,-732],[-414,502],[3027,2619],[1066,-1234],[1354,-459],[-305,-282],[435,-370],[827,-88],[-2136,-1191],[502,-599],[589,317],[-134,-458],[1351,-1464],[-4657,-458],[1956,-370],[-761,-1244],[-1546,-229],[656,-917],[-393,-185],[326,-687],[-3745,-547],[-1045,0],[-176,547],[-498,-415],[151,-317],[-4268,546],[-1108,-405],[564,-1014],[-1371,132],[414,-502],[-740,-362],[1459,-53],[2266,1102],[7838,-546],[1020,-785],[-130,-458],[435,-732],[1112,-44],[-761,405],[828,741],[-828,1005],[912,282],[827,1561],[3353,1005],[-151,326],[3374,229],[-238,503],[-1982,44],[652,467],[-673,961],[-501,-44],[62,-511],[-673,414],[673,688],[3378,-2063],[130,-644],[3440,-3218],[-305,-273],[1087,-1005],[-301,-468],[740,-88],[1132,-2204],[565,-2292],[828,-829],[175,-1375],[-12608,-44],[-2504,-1331],[-807,-1429],[-3569,-1102],[150,-326],[-1108,-591],[-1743,-185],[-435,547],[-1308,-917],[-3742,0],[-3921,1102],[-12888,-4223],[-5313,-2751],[-347,-740],[-2963,-1102],[-4703,1472],[-1568,-546],[-2437,361],[-761,785],[477,1005],[-565,828],[740,644],[-1438,1014],[239,317],[-1372,44],[306,185],[-239,503],[-501,-44],[67,-688],[-1568,371],[-849,-600],[-87,-458],[999,-459],[-761,-502],[-4874,-556],[848,-44],[-134,-829],[678,-961],[522,186],[-414,687],[1284,591],[1417,-1975],[1806,-405],[1392,-1658],[-6793,732],[-761,970],[217,819],[-652,829],[305,185],[-87,644],[-740,458],[1960,732],[-828,185],[306,274],[-393,555],[393,273],[-46,1014],[393,273],[-218,459],[740,1375],[-217,282],[915,1191],[-46,1013],[657,89],[-569,273],[569,829],[-222,273],[656,458],[-305,829],[828,829],[-414,687],[414,415],[-305,1190],[585,970],[-498,317],[653,274],[-393,555],[393,644],[-393,546],[568,829],[-481,555],[239,873],[-239,317],[393,186],[-480,546],[480,459],[-46,1014],[2157,-873],[590,961],[-3006,925],[-175,635],[652,1472],[-999,274],[42,1745],[-653,459],[130,643],[-393,741],[2943,1516],[694,0],[1480,-1472],[-151,317],[414,415],[-238,326],[497,-141],[590,873],[-1175,-185],[849,784],[694,-370],[351,732],[957,-362],[-67,503],[1350,458],[-217,274],[849,784],[698,-370],[1045,917],[1304,-177],[439,917],[7119,688],[-2680,-1058],[155,-317],[-656,-97],[46,-829],[-3115,-1331],[-4004,-1102],[-2529,370],[-761,-503],[677,-969],[1133,370],[761,-688],[-3725,318],[414,-230],[-88,-458],[-4134,-1746],[217,-273],[-305,-185],[477,-185],[-653,-88],[481,-371],[-656,-361],[242,-141],[673,229],[523,732],[-151,326],[782,-185],[1655,1287],[1480,370],[786,-740],[4005,1472],[1894,961],[-218,282],[1810,1693],[4528,1287],[1479,1472],[849,44],[-936,873],[5748,185],[1024,230],[-481,185],[155,317],[2612,0],[-414,318],[1547,599],[937,-1146],[-569,-917],[243,-141],[2152,785],[-1806,1058],[4269,546]],[[340435,986960],[239,-132],[-653,-186],[414,318]],[[390683,980348],[-937,141],[502,599],[761,-414],[-326,-326]],[[386745,980674],[-305,-97],[62,141],[243,-44]],[[387526,981132],[-652,820],[740,-361],[-88,-459]],[[387898,986228],[-242,141],[305,0],[-63,-141]],[[339649,986960],[0,370],[414,-229],[-414,-141]],[[339390,987330],[-67,132],[218,0],[-151,-132]],[[340958,988432],[-67,141],[217,0],[-150,-141]],[[340870,988979],[63,-133],[-565,0],[502,133]],[[387179,986642],[-242,-44],[-63,133],[305,-89]],[[378493,991368],[-155,141],[217,0],[-62,-141]],[[337212,988979],[-154,141],[217,0],[-63,-141]],[[349055,990821],[-150,133],[217,0],[-67,-133]],[[351580,992108],[-150,133],[217,0],[-67,-133]],[[344963,992470],[-155,141],[217,0],[-62,-141]],[[353127,993069],[-155,-44],[-63,133],[218,-89]],[[365254,996146],[67,-326],[-306,0],[239,326]],[[217693,638560],[-296,300],[1283,229],[-987,-529]],[[230786,643312],[523,546],[1112,-405],[-1635,-141]],[[249752,645101],[-67,-132],[-326,44],[67,133],[326,-45]],[[220858,651396],[1112,-2433],[-218,-282],[565,-644],[-88,-1190],[-301,-88],[217,-459],[-305,-282],[238,-317],[-848,-961],[-828,-2116],[-740,-273],[130,-644],[-305,-370],[393,-547],[-673,-599],[-2529,-917],[-4875,1102],[-2090,-185],[-501,414],[305,459],[-2003,2019],[-740,-89],[84,820],[3269,2301],[130,829],[827,459],[393,1190],[2416,2433],[5485,1657],[1371,-52],[109,-1235]],[[219725,697496],[-151,133],[218,0],[-67,-133]],[[220076,698228],[-155,141],[222,0],[-67,-141]],[[212936,698413],[-242,-502],[-611,1190],[740,0],[-217,-459],[330,-229]],[[213283,698960],[63,-132],[-477,0],[414,132]],[[221033,699145],[-150,141],[217,0],[-67,-141]],[[217288,702451],[155,-132],[-481,-185],[326,317]],[[216527,702680],[0,97],[130,0],[0,-97],[-130,0]],[[217639,702636],[-155,141],[218,0],[-63,-141]],[[216941,703007],[-155,132],[218,0],[-63,-132]],[[217551,703192],[-88,-185],[-175,185],[88,185],[175,-185]],[[217810,703377],[-150,132],[217,0],[-67,-132]],[[217029,703553],[-155,141],[217,0],[-62,-141]],[[209082,631877],[171,-273],[-476,0],[305,273]],[[209713,632662],[-522,176],[673,-44],[-151,-132]],[[207686,632794],[-673,-317],[-523,546],[1196,-229]],[[206402,642765],[-67,-1428],[657,-273],[-305,-644],[326,-229],[7574,-1287],[243,-327],[-481,-361],[590,-229],[2261,361],[589,-502],[-4138,-2848],[222,-273],[-393,-1005],[62,-1058],[-3219,546],[-3988,2249],[-2566,5236],[-677,415],[2265,2019],[1045,-362]],[[209103,640552],[63,-132],[-740,0],[677,132]],[[205771,692401],[-155,-44],[-83,176],[238,-132]],[[207468,693591],[-1655,-1005],[1287,1419],[673,-229],[-305,-185]],[[212150,697496],[-88,-185],[-175,185],[88,186],[175,-186]],[[212585,697867],[67,-141],[-481,0],[414,141]],[[204049,724492],[501,-318],[-652,185],[151,133]],[[202310,725232],[-155,132],[218,0],[-63,-132]],[[200479,725779],[330,-503],[-393,185],[63,318]],[[201984,725461],[0,89],[129,0],[0,-89],[-129,0]],[[200044,725594],[-150,141],[217,0],[-67,-141]],[[199935,726105],[-476,176],[1020,-132],[-544,-44]],[[198823,726334],[-150,133],[217,0],[-67,-133]],[[217551,703738],[-154,141],[217,0],[-63,-141]],[[217200,704655],[243,-317],[-393,185],[150,132]],[[217112,704294],[-606,-371],[-522,917],[1128,-546]],[[213827,705713],[-21,-502],[2069,-785],[-481,-547],[393,-185],[-88,-643],[-1087,916],[-221,829],[-1434,274],[151,687],[1220,0],[-501,-44]],[[214065,704470],[-151,141],[218,0],[-67,-141]],[[217112,705581],[-606,-185],[-155,132],[761,53]],[[215265,705528],[-393,-88],[67,141],[326,-53]],[[215352,705713],[-217,185],[761,44],[-544,-229]],[[288182,571865],[-155,132],[217,0],[-62,-132]],[[295581,593720],[-151,142],[218,0],[-67,-142]],[[277664,875514],[-176,282],[481,-185],[-305,-97]],[[277534,876166],[-154,-326],[-176,185],[330,141]],[[220511,721741],[-151,141],[218,0],[-67,-141]],[[219988,721926],[0,362],[326,-230],[-326,-132]],[[219641,728353],[-154,132],[217,0],[-63,-132]],[[219207,728538],[-155,133],[217,0],[-62,-133]],[[199873,727066],[150,-141],[-481,-185],[331,326]],[[203158,729226],[1656,-1287],[-740,-459],[1873,-828],[-331,-688],[243,-317],[-1024,-970],[-849,414],[414,503],[-870,-177],[151,-326],[-569,-370],[745,-176],[-1004,0],[-781,1833],[564,644],[-1175,458],[218,274],[-393,731],[501,785],[1371,-44]],[[200220,727066],[-155,141],[217,0],[-62,-141]],[[198823,727798],[-150,141],[217,0],[-67,-141]],[[193598,729826],[-150,317],[480,-185],[-330,-132]],[[191512,730372],[673,-141],[-501,-405],[-172,546]],[[195429,736614],[-936,-1049],[1199,688],[673,-53],[-305,-459],[481,-176],[-1810,-229],[-197,-873],[-739,88],[133,-829],[-480,-185],[1981,141],[326,-229],[-305,-458],[502,-415],[1805,326],[874,-1287],[-828,-185],[393,-741],[-221,-273],[1701,-273],[-326,-688],[326,-1243],[-3269,459],[916,-732],[-565,-644],[1175,-88],[-46,-829],[3093,-1745],[-217,-274],[916,-740],[-2680,873],[-502,414],[481,458],[-1112,53],[-1718,1323],[42,467],[-2395,1375],[413,1790],[-2524,1102],[-937,-44],[656,-1014],[-677,-44],[-1024,961],[765,1058],[2065,600],[-389,1005],[652,643],[-133,1199],[698,1102],[1459,229],[610,-555]],[[191859,730742],[63,-141],[-477,0],[414,141]],[[199873,727983],[-155,141],[217,0],[-62,-141]],[[198456,730689],[-218,186],[761,-133],[-543,-53]],[[197064,733907],[280,-44],[-498,-502],[218,546]],[[196737,733863],[-154,133],[217,0],[-63,-133]],[[197084,734410],[-154,141],[217,0],[-63,-141]],[[196190,734736],[-88,-273],[-217,0],[87,273],[218,0]],[[196650,734595],[-155,141],[217,0],[-62,-141]],[[196909,734965],[-151,141],[218,0],[-67,-141]],[[194384,734048],[-67,133],[217,0],[-150,-133]],[[187854,734225],[-67,141],[218,0],[-151,-141]],[[189919,734921],[-62,-141],[-414,44],[63,141],[413,-44]],[[188486,735653],[497,-141],[-171,-176],[-326,317]],[[187679,736984],[-67,141],[217,0],[-150,-141]],[[187244,743226],[-67,141],[218,0],[-151,-141]],[[187746,743738],[-67,-142],[-414,45],[63,141],[418,-44]],[[187048,744284],[-67,-132],[-414,44],[67,132],[414,-44]],[[185848,746356],[-63,132],[217,0],[-154,-132]],[[184217,759801],[653,-459],[-306,-361],[176,-644],[740,-97],[-305,-1005],[476,0],[-564,-273],[481,-459],[-828,-282],[393,-1005],[-1003,-1384],[476,-458],[-1174,-644],[501,-502],[-589,-230],[-84,-643],[740,-274],[42,-1745],[1003,-459],[-1438,-1190],[999,-97],[-585,-502],[673,-415],[-238,-317],[196,-326],[761,502],[1283,-776],[176,-370],[-916,-1560],[1288,-961],[1459,132],[-569,-185],[481,-177],[-414,-872],[-1459,-53],[1631,-132],[-21,-688],[-2851,-600],[-151,-687],[740,-97],[-305,-635],[694,-741],[1438,-643],[-828,-644],[1438,-643],[-305,-1005],[1175,-459],[874,-1199],[-1785,185],[-1133,1102],[-1702,3403],[-1174,820],[305,282],[-1263,2107],[-698,2575],[134,1560],[-656,459],[414,1428],[-435,361],[326,688],[-477,97],[326,688],[-351,1463],[590,326],[-481,89],[309,555],[-393,732],[306,555],[-222,274],[418,960],[-155,873],[652,1199],[-217,274],[481,1375],[-243,326],[331,776],[-134,644],[568,88],[-238,326],[171,555],[590,-414],[-218,-467]],[[188899,747273],[-66,132],[217,0],[-151,-132]],[[185133,747502],[-309,-185],[154,317],[155,-132]],[[196453,735009],[-217,0],[0,274],[217,0],[0,-274]],[[196211,777389],[-239,141],[306,0],[-67,-141]],[[198823,778861],[-1045,0],[176,556],[869,-556]],[[196102,780104],[-63,-141],[-413,45],[66,141],[410,-45]],[[185589,756089],[-67,132],[217,0],[-150,-132]],[[186023,757376],[-67,132],[222,0],[-155,-132]],[[182976,758478],[-67,133],[217,0],[-150,-133]],[[188201,761414],[-67,132],[218,0],[-151,-132]],[[185154,762331],[-67,141],[217,0],[-150,-141]],[[186370,764905],[1288,-873],[-439,-1102],[-1196,-599],[-957,732],[-502,-230],[67,-687],[-848,414],[1041,2292],[1546,53]],[[187679,764535],[-414,141],[740,176],[-326,-317]],[[188201,765452],[-67,141],[218,0],[-151,-141]],[[188440,766140],[-477,-89],[63,141],[414,-52]],[[189940,769128],[-238,133],[305,0],[-67,-133]],[[189681,769860],[-67,141],[218,0],[-151,-141]],[[188874,770821],[-217,97],[155,44],[62,-141]],[[191270,776428],[3264,-1190],[-4309,-829],[-176,-1014],[481,-273],[-305,-185],[393,-917],[-327,-503],[239,-326],[-761,-414],[-1635,511],[1351,-1472],[-999,-185],[1174,-917],[-827,-370],[413,-318],[-936,503],[393,-732],[-305,-458],[476,-186],[-2307,-1375],[481,-185],[-155,-511],[-1894,599],[569,370],[-218,274],[1869,3949],[-217,274],[480,97],[-129,643],[652,820],[129,1014],[569,273],[-134,1014],[1263,-458],[-151,687],[326,503],[-1087,-273],[435,1005],[1112,1516],[803,-961]],[[193598,771517],[-63,133],[218,0],[-155,-133]],[[190726,771703],[-67,132],[218,0],[-151,-132]],[[189422,774083],[-67,141],[217,0],[-150,-141]],[[195667,779091],[-217,97],[155,44],[62,-141]],[[197193,785333],[1087,-1279],[-1981,-2618],[196,-873],[1438,-917],[-2416,873],[-1284,-873],[653,-458],[-306,-468],[1112,-229],[673,53],[-652,361],[477,186],[-151,326],[1221,0],[-502,-326],[1610,-1649],[-1024,-600],[-849,415],[242,502],[-1287,-229],[1003,-546],[-915,-926],[-21,-688],[-2525,1102],[-874,1102],[-1371,229],[88,829],[828,644],[564,1375],[915,-458],[-305,1190],[481,97],[-130,643],[347,547],[740,-273],[88,458],[-481,370],[874,2204],[2437,-96]],[[198196,783499],[-221,88],[155,53],[66,-141]],[[196453,785976],[-217,-88],[63,141],[154,-53]],[[220314,728856],[-413,-318],[-523,732],[936,-414]],[[220423,747273],[-259,-370],[-176,185],[435,185]],[[219378,747273],[-259,-370],[-176,185],[435,185]],[[220858,748736],[-63,141],[238,44],[-175,-185]],[[236622,817803],[-151,132],[218,0],[-67,-132]],[[261010,836899],[0,185],[238,-44],[-238,-141]],[[281886,892229],[-217,97],[154,44],[63,-141]],[[285130,907067],[-63,132],[218,0],[-155,-132]],[[286175,910003],[-150,141],[238,44],[-88,-185]],[[289222,923227],[-62,141],[238,44],[-176,-185]],[[291400,926904],[-259,176],[326,-44],[-67,-132]],[[295756,930571],[-150,141],[238,44],[-88,-185]],[[301939,939387],[-63,141],[218,0],[-155,-141]],[[303419,939387],[-63,141],[217,0],[-154,-141]],[[309518,946000],[150,-133],[-585,-44],[435,177]],[[315504,945770],[-130,185],[477,-273],[-347,88]],[[320926,949491],[3373,-1058],[-476,-635],[63,-696],[-3658,-1102],[-326,511],[564,-97],[-130,644],[1723,-142],[150,697],[-3637,1693],[2354,185]],[[310300,948027],[1396,0],[-1810,-326],[414,326]],[[316984,947974],[-1108,53],[259,177],[849,-230]],[[318292,948257],[-305,-186],[151,318],[154,-132]],[[310542,948345],[-67,-141],[-414,53],[481,88]],[[320491,948204],[-67,141],[218,0],[-151,-141]],[[309342,948204],[-238,141],[305,0],[-67,-141]],[[315985,948433],[585,-44],[-259,-185],[-326,229]],[[317615,948574],[-63,141],[218,0],[-155,-141]],[[313000,948574],[-238,141],[305,0],[-67,-141]],[[311867,948944],[67,-141],[-568,0],[501,141]],[[318117,948891],[-218,185],[565,-273],[-347,88]],[[311085,949121],[-522,-362],[-936,503],[1458,-141]],[[316135,949491],[326,-44],[-87,-459],[-477,0],[238,503]],[[306730,947472],[-151,141],[217,0],[-66,-141]],[[305944,947472],[-239,326],[569,-185],[-330,-141]],[[307687,947657],[-151,141],[218,0],[-67,-141]],[[306098,948071],[-238,-44],[-67,133],[238,44],[67,-133]],[[306709,948160],[-67,-133],[-238,44],[66,133],[239,-44]],[[308556,948944],[418,-141],[-2746,-370],[1112,688],[1216,-177]],[[314392,949491],[1112,-688],[-3700,556],[2588,132]],[[311412,949359],[-155,-53],[-63,141],[218,-88]],[[315680,949588],[-306,-53],[63,141],[243,-88]],[[314915,949676],[154,-141],[-568,0],[414,141]],[[318225,949676],[67,-141],[-827,0],[760,141]],[[314133,949676],[-155,141],[222,0],[-67,-141]],[[321448,947287],[-66,141],[217,0],[-151,-141]],[[324232,947287],[-238,141],[305,0],[-67,-141]],[[326151,950231],[67,-141],[-568,0],[501,141]],[[329199,951880],[-67,141],[217,0],[-150,-141]],[[334077,954454],[151,-141],[-565,0],[414,141]],[[327894,954816],[-66,141],[217,0],[-151,-141]],[[327978,956103],[-63,141],[218,0],[-155,-141]],[[336167,957205],[-242,141],[305,0],[-63,-141]],[[336602,957575],[-1112,318],[502,229],[610,-547]],[[328764,962530],[88,370],[414,-229],[-502,-141]],[[334575,980392],[-239,-44],[-62,141],[238,44],[63,-141]],[[333902,980533],[-155,141],[221,0],[-66,-141]],[[334926,980674],[-305,-97],[62,141],[243,-44]],[[334056,980947],[-221,88],[154,53],[67,-141]]],"bbox":[62.0625,62.1781,85.9842,73.5208],"transform":{"scale":[0.000023921723921723924,0.000011342711342711337],"translate":[62.0625,62.1781]}}